<?xml version="1.0" encoding="UTF-8"?>

<AuditEvent xmlns="http://hl7.org/fhir">
  <id value="AuditEventEx"/>
  <meta>
    <profile value="https://hl7chile.cl/fhir/ig/clcore/StructureDefinition/AuditEventCl"/>
  </meta>
  <text>
    <status value="generated"/><div xmlns="http://www.w3.org/1999/xhtml"><p class="res-header-id"><b>Generated Narrative: AuditEvent AuditEventEx</b></p><a name="AuditEventEx"> </a><a name="hcAuditEventEx"> </a><a name="AuditEventEx-es-CL"> </a><div style="display: inline-block; background-color: #d9e0e7; padding: 6px; margin: 4px; border: 1px solid #8da1b4; border-radius: 5px; line-height: 60%"><p style="margin-bottom: 0px"/><p style="margin-bottom: 0px">Profile: <a href="StructureDefinition-AuditEventCl.html">CL Auditoria</a></p></div><p><b>type</b>: <a href="http://terminology.hl7.org/6.4.0/CodeSystem-audit-event-type.html#audit-event-type-rest">Audit Event ID rest</a>: Restful Operation</p><p><b>subtype</b>: <a href="http://hl7.org/fhir/R4/codesystem-restful-interaction.html#restful-interaction-search">FHIR Restful Interactions search</a>: search</p><p><b>action</b>: Execute</p><p><b>recorded</b>: 2021-08-22 23:42:24+0000</p><p><b>outcome</b>: Success</p><blockquote><p><b>agent</b></p><p><b>type</b>: <span title="Codes:{http://terminology.hl7.org/CodeSystem/extra-security-role-type humanuser}">Usuario Humano</span></p><p><b>who</b>: Identifier: 95</p><p><b>altId</b>: 601847123</p><p><b>name</b>: Grahame Grieve</p><p><b>requestor</b>: true</p><h3>Networks</h3><table class="grid"><tr><td style="display: none">-</td><td><b>Address</b></td><td><b>Type</b></td></tr><tr><td style="display: none">*</td><td>Workstation1.ehr.familyclinic.com</td><td>Machine Name</td></tr></table></blockquote><h3>Sources</h3><table class="grid"><tr><td style="display: none">-</td><td><b>Observer</b></td></tr><tr><td style="display: none">*</td><td><a href="Practitioner-EjemploPrestadorCL.html">Practitioner Johanna Rosa Silva (official)</a></td></tr></table><h3>Entities</h3><table class="grid"><tr><td style="display: none">-</td><td><b>What</b></td></tr><tr><td style="display: none">*</td><td><a href="Organization-OrganizacionClEjemplo1.html">Organization Centro de Salud Familiar Arauco</a></td></tr></table></div>
  </text>
  <type>
    <system value="http://terminology.hl7.org/CodeSystem/audit-event-type"/>
    <code value="rest"/>
    <display value="Restful Operation"/>
  </type>
  <subtype>
    <system value="http://hl7.org/fhir/restful-interaction"/>
    <code value="search"/>
    <display value="search"/>
  </subtype>
  <action value="E"/>
  <recorded value="2021-08-22T23:42:24Z"/>
  <outcome value="0"/>
  <agent>
    <type>
      <coding>
        <system value="http://terminology.hl7.org/CodeSystem/extra-security-role-type"/>
        <code value="humanuser"/>
        <display value="human user"/>
      </coding>
      <text value="Usuario Humano"/>
    </type>
    <who>
      <identifier>
        <value value="95"/>
      </identifier>
    </who>
    <altId value="601847123"/>
    <name value="Grahame Grieve"/>
    <requestor value="true"/>
    <network>
      <address value="Workstation1.ehr.familyclinic.com"/>
      <type value="1"/>
    </network>
  </agent>
  <source>
    <observer>
      <reference value="Practitioner/EjemploPrestadorCL"/>
    </observer>
  </source>
  <entity>
    <what>
      <reference value="Organization/OrganizacionClEjemplo1"/>
    </what>
  </entity>
</AuditEvent>