<?xml version="1.0" encoding="UTF-8"?>

<Condition xmlns="http://hl7.org/fhir">
  <id value="DiagnosticoEj2"/>
  <meta>
    <profile value="https://hl7chile.cl/fhir/ig/clcore/StructureDefinition/CoreDiagnosticoCl"/>
  </meta>
  <text>
    <status value="generated"/><div xmlns="http://www.w3.org/1999/xhtml"><p class="res-header-id"><b>Generated Narrative: Condition DiagnosticoEj2</b></p><a name="DiagnosticoEj2"> </a><a name="hcDiagnosticoEj2"> </a><a name="DiagnosticoEj2-es-CL"> </a><div style="display: inline-block; background-color: #d9e0e7; padding: 6px; margin: 4px; border: 1px solid #8da1b4; border-radius: 5px; line-height: 60%"><p style="margin-bottom: 0px"/><p style="margin-bottom: 0px">Profile: <a href="StructureDefinition-CoreDiagnosticoCl.html">CL Condición-Diagnóstico</a></p></div><p><b>clinicalStatus</b>: <span title="Codes:{http://terminology.hl7.org/CodeSystem/condition-clinical relapse}">Recaída</span></p><p><b>verificationStatus</b>: <span title="Codes:{http://terminology.hl7.org/CodeSystem/condition-ver-status unconfirmed}">Sin Confirmar</span></p><p><b>category</b>: <span title="Codes:{http://terminology.hl7.org/CodeSystem/condition-category encounter-diagnosis}">Diagnostico del Encuentro</span></p><p><b>code</b>: <span title="Codes:{http://snomed.info/sct 878818001}">faringoamigdalitis</span></p><p><b>subject</b>: <a href="Patient-PacienteCL.html">Xime  Female, DoB: 1983-03-24 ( Chile: 15.236.327-k (use: official, ))</a></p><p><b>onset</b>: 2022-08-07</p></div>
  </text>
  <clinicalStatus>
    <coding>
      <system value="http://terminology.hl7.org/CodeSystem/condition-clinical"/>
      <code value="relapse"/>
      <display value="Relapse"/>
    </coding>
    <text value="Recaída"/>
  </clinicalStatus>
  <verificationStatus>
    <coding>
      <system value="http://terminology.hl7.org/CodeSystem/condition-ver-status"/>
      <code value="unconfirmed"/>
      <display value="Unconfirmed"/>
    </coding>
    <text value="Sin Confirmar"/>
  </verificationStatus>
  <category>
    <coding>
      <system value="http://terminology.hl7.org/CodeSystem/condition-category"/>
      <code value="encounter-diagnosis"/>
      <display value="Encounter Diagnosis"/>
    </coding>
    <text value="Diagnostico del Encuentro"/>
  </category>
  <code>
    <coding>
      <system value="http://snomed.info/sct"/>
      <code value="878818001"/>
      <display value="Pharyngotonsillitis"/>
    </coding>
    <text value="faringoamigdalitis"/>
  </code>
  <subject>
    <reference value="Patient/PacienteCL"/>
  </subject>
  <onsetDateTime value="2022-08-07"/>
</Condition>