<?xml version="1.0" encoding="UTF-8"?>

<Immunization xmlns="http://hl7.org/fhir">
  <id value="ImmunizationEj"/>
  <meta>
    <profile value="https://hl7chile.cl/fhir/ig/clcore/StructureDefinition/ImmunizationCL"/>
  </meta>
  <text>
    <status value="generated"/><div xmlns="http://www.w3.org/1999/xhtml"><p class="res-header-id"><b>Generated Narrative: Immunization ImmunizationEj</b></p><a name="ImmunizationEj"> </a><a name="hcImmunizationEj"> </a><a name="ImmunizationEj-es-CL"> </a><div style="display: inline-block; background-color: #d9e0e7; padding: 6px; margin: 4px; border: 1px solid #8da1b4; border-radius: 5px; line-height: 60%"><p style="margin-bottom: 0px"/><p style="margin-bottom: 0px">Profile: <a href="StructureDefinition-ImmunizationCL.html">CL Inmunización</a></p></div><p><b>status</b>: Completed</p><p><b>vaccineCode</b>: <span title="Codes:{https://hl7chile.cl/fhir/ig/clcore/CodeSystem/CSCodigoVacunas hep_B_adult}, {http://snomed.info/sct 836374004}">vacuna con antígeno de virus Hepatitis B</span></p><p><b>patient</b>: <a href="Patient-PacienteCL.html">Xime  Female, DoB: 1983-03-24 ( Chile: 15.236.327-k (use: official, ))</a></p><p><b>occurrence</b>: 2022-07-06 14:30:00+0100</p><p><b>recorded</b>: 2022-07-06 14:40:00+0100</p></div>
  </text>
  <status value="completed"/>
  <vaccineCode>
    <coding>
      <system value="https://hl7chile.cl/fhir/ig/clcore/CodeSystem/CSCodigoVacunas"/>
      <code value="hep_B_adult"/>
      <display value="Hepatitis B adulto"/>
    </coding>
    <coding>
      <system value="http://snomed.info/sct"/>
      <code value="836374004"/>
      <display value="Hepatitis B virus antigen-containing vaccine product"/>
    </coding>
    <text value="vacuna con antígeno de virus Hepatitis B"/>
  </vaccineCode>
  <patient>
    <reference value="Patient/PacienteCL"/>
  </patient>
  <occurrenceDateTime value="2022-07-06T14:30:00+01:00"/>
  <recorded value="2022-07-06T14:40:00+01:00"/>
</Immunization>