<?xml version="1.0" encoding="UTF-8"?>

<Medication xmlns="http://hl7.org/fhir">
  <id value="MedicamentoCl"/>
  <meta>
    <profile value="https://hl7chile.cl/fhir/ig/clcore/StructureDefinition/CoreMedicamentoCl"/>
  </meta>
  <text>
    <status value="generated"/><div xmlns="http://www.w3.org/1999/xhtml"><p class="res-header-id"><b>Generated Narrative: Medication MedicamentoCl</b></p><a name="MedicamentoCl"> </a><a name="hcMedicamentoCl"> </a><a name="MedicamentoCl-es-CL"> </a><div style="display: inline-block; background-color: #d9e0e7; padding: 6px; margin: 4px; border: 1px solid #8da1b4; border-radius: 5px; line-height: 60%"><p style="margin-bottom: 0px"/><p style="margin-bottom: 0px">Profile: <a href="StructureDefinition-CoreMedicamentoCl.html">CL Medicamento</a></p></div><p><b>identifier</b>: <code>http://minsal.cl/semantikos/description-id</code>/1991971000167110 (use: official, ), <code>http://minsal.cl/semantikos/concept-id</code>/840851000167103 (use: official, )</p><p><b>code</b>: <span title="Codes:">Tareg - D 160 / 25 comprimido recubierto (Novartis)</span></p><p><b>manufacturer</b>: <a href="Organization-EjemploLaboratorio1.html">Organization Laboratorio ACME de Chile</a></p></div>
  </text>
  <identifier>
    <use value="official"/>
    <system value="http://minsal.cl/semantikos/description-id"/>
    <value value="1991971000167110"/>
  </identifier>
  <identifier>
    <use value="official"/>
    <system value="http://minsal.cl/semantikos/concept-id"/>
    <value value="840851000167103"/>
  </identifier>
  <code>
    <text value="Tareg - D 160 / 25 comprimido recubierto (Novartis)"/>
  </code>
  <manufacturer>
    <reference value="Organization/EjemploLaboratorio1"/>
  </manufacturer>
</Medication>