<?xml version="1.0" encoding="UTF-8"?>

<Organization xmlns="http://hl7.org/fhir">
  <id value="EjemploLaboratorio1"/>
  <meta>
    <profile value="https://hl7chile.cl/fhir/ig/clcore/StructureDefinition/CoreOrganizacionCl"/>
  </meta>
  <text>
    <status value="generated"/><div xmlns="http://www.w3.org/1999/xhtml"><p class="res-header-id"><b>Generated Narrative: Organization EjemploLaboratorio1</b></p><a name="EjemploLaboratorio1"> </a><a name="hcEjemploLaboratorio1"> </a><a name="EjemploLaboratorio1-es-CL"> </a><div style="display: inline-block; background-color: #d9e0e7; padding: 6px; margin: 4px; border: 1px solid #8da1b4; border-radius: 5px; line-height: 60%"><p style="margin-bottom: 0px"/><p style="margin-bottom: 0px">Profile: <a href="StructureDefinition-CoreOrganizacionCl.html">CL Organización</a></p></div><p><b>identifier</b>: <code>https://sii.cl</code>/785943520-7</p><p><b>active</b>: true</p><p><b>name</b>: Laboratorio ACME de Chile</p><p><b>address</b>: Irrarazaval 1234 ÑuÑoa Metropolitana de Santiago Chile </p></div>
  </text>
  <identifier>
    <system value="https://sii.cl"/>
    <value value="785943520-7"/>
  </identifier>
  <active value="true"/>
  <name value="Laboratorio ACME de Chile"/>
  <address>
    <line value="Irrarazaval 1234"/>
    <city value="ÑuÑoa">
      <extension url="https://hl7chile.cl/fhir/ig/clcore/StructureDefinition/ComunasCl">
        <valueCodeableConcept>
          <coding>
            <system value="https://hl7chile.cl/fhir/ig/clcore/CodeSystem/CSCodComunasCL"/>
            <code value="13120"/>
            <display value="ÑuÑoa"/>
          </coding>
        </valueCodeableConcept>
      </extension>
    </city>
    <district value="Santiago">
      <extension url="https://hl7chile.cl/fhir/ig/clcore/StructureDefinition/ProvinciasCl">
        <valueCodeableConcept>
          <coding>
            <system value="https://hl7chile.cl/fhir/ig/clcore/CodeSystem/CSCodProvinciasCL"/>
            <code value="131"/>
            <display value="Santiago"/>
          </coding>
        </valueCodeableConcept>
      </extension>
    </district>
    <state value="Metropolitana de Santiago">
      <extension url="https://hl7chile.cl/fhir/ig/clcore/StructureDefinition/RegionesCl">
        <valueCodeableConcept>
          <coding>
            <system value="https://hl7chile.cl/fhir/ig/clcore/CodeSystem/CSCodRegionCL"/>
            <code value="13"/>
            <display value="Metropolitana de Santiago"/>
          </coding>
        </valueCodeableConcept>
      </extension>
    </state>
    <country value="Chile">
      <extension url="https://hl7chile.cl/fhir/ig/clcore/StructureDefinition/CodigoPaises">
        <valueCodeableConcept>
          <coding>
            <system value="urn:iso:std:iso:3166"/>
            <code value="152"/>
            <display value="Chile"/>
          </coding>
        </valueCodeableConcept>
      </extension>
    </country>
  </address>
</Organization>