<?xml version="1.0" encoding="UTF-8"?>

<Patient xmlns="http://hl7.org/fhir">
  <id value="PacienteCL"/>
  <meta>
    <profile value="https://hl7chile.cl/fhir/ig/clcore/StructureDefinition/CorePacienteCl"/>
  </meta>
  <text>
    <status value="generated"/><div xmlns="http://www.w3.org/1999/xhtml"><p class="res-header-id"><b>Generated Narrative: Patient PacienteCL</b></p><a name="PacienteCL"> </a><a name="hcPacienteCL"> </a><a name="PacienteCL-es-CL"> </a><div style="display: inline-block; background-color: #d9e0e7; padding: 6px; margin: 4px; border: 1px solid #8da1b4; border-radius: 5px; line-height: 60%"><p style="margin-bottom: 0px"/><p style="margin-bottom: 0px">Profile: <a href="StructureDefinition-CorePacienteCl.html">CL Paciente</a></p></div><p style="border: 1px #661aff solid; background-color: #e6e6ff; padding: 10px;">Xime  Female, DoB: 1983-03-24 ( Chile: 15.236.327-k (use: official, ))</p><hr/><table class="grid"><tr><td style="background-color: #f3f5da" title="Record is active">Active:</td><td colspan="3">true</td></tr><tr><td style="background-color: #f3f5da" title="Alternate names (see the one above)">Alt. Name:</td><td colspan="3">Marietta María Ximena Rosales (Official)</td></tr><tr><td style="background-color: #f3f5da" title="Ways to contact the Patient">Contact Detail</td><td colspan="3"><ul><li>ph: 943561833(Mobile)</li><li><a href="mailto:mariRosal@mimail.com">mariRosal@mimail.com</a></li><li>Av Los Chirimoyos, 32, casa 4 null null null (home)</li></ul></td></tr><tr><td style="background-color: #f3f5da" title="Language spoken">Language:</td><td colspan="3"><span title="Codes:{urn:ietf:bcp:47 es-CL}">Spanish (Chile)</span></td></tr><tr><td style="background-color: #f3f5da" title="Nominated Contact: Next-of-Kin">Next-of-Kin:</td><td colspan="3"><ul><li>Juana Josefa Calleja (Official)</li></ul></td></tr><tr><td style="background-color: #f3f5da" title="Patient Links">Links:</td><td colspan="3"><ul><li>General Practitioner: <a href="Organization-OrganizacionClEjemplo1.html">Organization Centro de Salud Familiar Arauco</a></li></ul></td></tr><tr><td style="background-color: #f3f5da" title="Sexo Biologico del paciente"><a href="StructureDefinition-SexoBiologico.html">Sexo Biologico del paciente</a></td><td colspan="3"><span title="Codes:{http://hl7.org/fhir/administrative-gender male}">Male</span></td></tr><tr><td style="background-color: #f3f5da" title="Identidad De Género"><a href="StructureDefinition-IdentidadDeGenero.html">Identidad De Género</a></td><td colspan="3"><span title="Codes:{https://hl7chile.cl/fhir/ig/clcore/CodeSystem/CSIdentidaddeGenero 1}">Masculino</span></td></tr></table></div>
  </text>
  <extension url="https://hl7chile.cl/fhir/ig/clcore/StructureDefinition/IdentidadDeGenero">
    <valueCodeableConcept>
      <coding>
        <system value="https://hl7chile.cl/fhir/ig/clcore/CodeSystem/CSIdentidaddeGenero"/>
        <code value="1"/>
        <display value="Masculino"/>
      </coding>
    </valueCodeableConcept>
  </extension>
  <extension url="https://hl7chile.cl/fhir/ig/clcore/StructureDefinition/SexoBiologico">
    <valueCodeableConcept>
      <coding>
        <system value="http://hl7.org/fhir/administrative-gender"/>
        <code value="male"/>
        <display value="Male"/>
      </coding>
    </valueCodeableConcept>
  </extension>
  <identifier>
    <use value="official"/>
    <type>
      <extension url="https://hl7chile.cl/fhir/ig/clcore/StructureDefinition/CodigoPaises">
        <valueCodeableConcept>
          <coding>
            <system value="urn:iso:std:iso:3166"/>
            <code value="152"/>
            <display value="Chile"/>
          </coding>
        </valueCodeableConcept>
      </extension>
      <coding>
        <system value="https://hl7chile.cl/fhir/ig/clcore/CodeSystem/CSCodigoDNI"/>
        <code value="NNCHL"/>
        <display value="Chile"/>
      </coding>
    </type>
    <system value="http://regcivil.cl/Validacion/RUN"/>
    <value value="15.236.327-k"/>
  </identifier>
  <active value="true"/>
  <name>
    <use value="official"/>
    <family value="Rosales">
      <extension url="https://hl7chile.cl/fhir/ig/clcore/StructureDefinition/SegundoApellido">
        <valueString value="Bosh"/>
      </extension>
    </family>
    <given value="Marietta"/>
    <given value="María"/>
    <given value="Ximena"/>
  </name>
  <name>
    <use value="usual"/>
    <given value="Xime"/>
  </name>
  <telecom>
    <system value="phone"/>
    <value value="943561833"/>
    <use value="mobile"/>
  </telecom>
  <telecom>
    <system value="email"/>
    <value value="mariRosal@mimail.com"/>
    <use value="work"/>
  </telecom>
  <gender value="female"/>
  <birthDate value="1983-03-24"/>
  <address>
    <use value="home"/>
    <line value="Av Los Chirimoyos, 32, casa 4"/>
    <city>
      <extension url="https://hl7chile.cl/fhir/ig/clcore/StructureDefinition/ComunasCl">
        <valueCodeableConcept>
          <coding>
            <system value="https://hl7chile.cl/fhir/ig/clcore/CodeSystem/CSCodComunasCL"/>
            <code value="05602"/>
            <display value="Algarrobo"/>
          </coding>
        </valueCodeableConcept>
      </extension>
    </city>
    <district>
      <extension url="https://hl7chile.cl/fhir/ig/clcore/StructureDefinition/ProvinciasCl">
        <valueCodeableConcept>
          <coding>
            <system value="https://hl7chile.cl/fhir/ig/clcore/CodeSystem/CSCodProvinciasCL"/>
            <code value="056"/>
            <display value="San Antonio"/>
          </coding>
        </valueCodeableConcept>
      </extension>
    </district>
    <state>
      <extension url="https://hl7chile.cl/fhir/ig/clcore/StructureDefinition/RegionesCl">
        <valueCodeableConcept>
          <coding>
            <system value="https://hl7chile.cl/fhir/ig/clcore/CodeSystem/CSCodRegionCL"/>
            <code value="05"/>
            <display value="Valparaíso"/>
          </coding>
        </valueCodeableConcept>
      </extension>
    </state>
    <country>
      <extension url="https://hl7chile.cl/fhir/ig/clcore/StructureDefinition/CodigoPaises">
        <valueCodeableConcept>
          <coding>
            <system value="urn:iso:std:iso:3166"/>
            <code value="152"/>
            <display value="Chile"/>
          </coding>
        </valueCodeableConcept>
      </extension>
    </country>
  </address>
  <contact>
    <extension url="https://hl7chile.cl/fhir/ig/clcore/StructureDefinition/IdContacto">
      <extension url="tutId">
        <valueIdentifier>
          <type>
            <coding>
              <system value="https://hl7chile.cl/fhir/ig/clcore/CodeSystem/CSCodigoDNI"/>
              <code value="NNCHL"/>
              <display value="Chile"/>
            </coding>
          </type>
          <system value="http://regcivil.cl/Validacion/RUN"/>
          <value value="8987321-7"/>
        </valueIdentifier>
      </extension>
      <extension url="docProc">
        <valueCodeableConcept>
          <coding>
            <system value="urn:iso:std:iso:3166"/>
            <code value="152"/>
            <display value="Chile"/>
          </coding>
        </valueCodeableConcept>
      </extension>
    </extension>
    <relationship>
      <coding>
        <system value="http://terminology.hl7.org/CodeSystem/v2-0131"/>
        <code value="N"/>
        <display value="Next-of-Kin"/>
      </coding>
    </relationship>
    <name>
      <use value="official"/>
      <family value="Calleja">
        <extension url="https://hl7chile.cl/fhir/ig/clcore/StructureDefinition/SegundoApellido">
          <valueString value="Morales"/>
        </extension>
      </family>
      <given value="Juana"/>
      <given value="Josefa"/>
    </name>
  </contact>
  <communication>
    <language>
      <coding>
        <system value="urn:ietf:bcp:47"/>
        <code value="es-CL"/>
        <display value="Spanish (Chile)"/>
      </coding>
    </language>
  </communication>
  <generalPractitioner>
    <reference value="Organization/OrganizacionClEjemplo1"/>
  </generalPractitioner>
</Patient>