<?xml version="1.0" encoding="UTF-8"?>

<Practitioner xmlns="http://hl7.org/fhir">
  <id value="EjemploPrestadorCL"/>
  <meta>
    <profile value="https://hl7chile.cl/fhir/ig/clcore/StructureDefinition/CorePrestadorCl"/>
  </meta>
  <text>
    <status value="generated"/><div xmlns="http://www.w3.org/1999/xhtml"><p class="res-header-id"><b>Generated Narrative: Practitioner EjemploPrestadorCL</b></p><a name="EjemploPrestadorCL"> </a><a name="hcEjemploPrestadorCL"> </a><a name="EjemploPrestadorCL-es-CL"> </a><div style="display: inline-block; background-color: #d9e0e7; padding: 6px; margin: 4px; border: 1px solid #8da1b4; border-radius: 5px; line-height: 60%"><p style="margin-bottom: 0px"/><p style="margin-bottom: 0px">Profile: <a href="StructureDefinition-CorePrestadorCl.html">CL Prestador</a></p></div><p><b>identifier</b>: RUN/8336277-3 (use: official, )</p><p><b>active</b>: true</p><p><b>name</b>: Johanna Rosa Silva (Official)</p><p><b>telecom</b>: ph: 9345666(Mobile), <a href="mailto:DraSilva@mimail.com">DraSilva@mimail.com</a></p><p><b>address</b>: Av Los Chirimoyos, 32, casa 4 null null null (home)</p><p><b>gender</b>: Female</p><p><b>birthDate</b>: 1974-08-12</p><blockquote><p><b>qualification</b></p><p><b>identifier</b>: cert</p><p><b>code</b>: <span title="Codes:">Profesional Médico Cirujano</span></p></blockquote><blockquote><p><b>qualification</b></p><p><b>identifier</b>: esp</p><p><b>code</b>: <span title="Codes:">Oncología</span></p></blockquote></div>
  </text>
  <identifier>
    <use value="official"/>
    <type>
      <coding>
        <system value="https://hl7chile.cl/fhir/ig/clcore/CodeSystem/CSTipoIdentificador"/>
        <code value="01"/>
        <display value="RUN"/>
      </coding>
    </type>
    <value value="8336277-3"/>
  </identifier>
  <active value="true"/>
  <name>
    <use value="official"/>
    <family value="Silva">
      <extension url="https://hl7chile.cl/fhir/ig/clcore/StructureDefinition/SegundoApellido">
        <valueString value="Reyes"/>
      </extension>
    </family>
    <given value="Johanna"/>
    <given value="Rosa"/>
  </name>
  <telecom>
    <system value="phone"/>
    <value value="9345666"/>
    <use value="mobile"/>
  </telecom>
  <telecom>
    <system value="email"/>
    <value value="DraSilva@mimail.com"/>
    <use value="work"/>
  </telecom>
  <address>
    <use value="home"/>
    <line value="Av Los Chirimoyos, 32, casa 4"/>
    <city>
      <extension url="https://hl7chile.cl/fhir/ig/clcore/StructureDefinition/ComunasCl">
        <valueCodeableConcept>
          <coding>
            <system value="https://hl7chile.cl/fhir/ig/clcore/CodeSystem/CSCodComunasCL"/>
            <code value="05602"/>
            <display value="Algarrobo"/>
          </coding>
        </valueCodeableConcept>
      </extension>
    </city>
    <district>
      <extension url="https://hl7chile.cl/fhir/ig/clcore/StructureDefinition/ProvinciasCl">
        <valueCodeableConcept>
          <coding>
            <system value="https://hl7chile.cl/fhir/ig/clcore/CodeSystem/CSCodProvinciasCL"/>
            <code value="056"/>
            <display value="San Antonio"/>
          </coding>
        </valueCodeableConcept>
      </extension>
    </district>
    <state>
      <extension url="https://hl7chile.cl/fhir/ig/clcore/StructureDefinition/RegionesCl">
        <valueCodeableConcept>
          <coding>
            <system value="https://hl7chile.cl/fhir/ig/clcore/CodeSystem/CSCodRegionCL"/>
            <code value="05"/>
            <display value="Valparaíso"/>
          </coding>
        </valueCodeableConcept>
      </extension>
    </state>
    <country>
      <extension url="https://hl7chile.cl/fhir/ig/clcore/StructureDefinition/CodigoPaises">
        <valueCodeableConcept>
          <coding>
            <system value="urn:iso:std:iso:3166"/>
            <code value="152"/>
            <display value="Chile"/>
          </coding>
        </valueCodeableConcept>
      </extension>
    </country>
  </address>
  <gender value="female"/>
  <birthDate value="1974-08-12"/>
  <qualification>
    <identifier>
      <value value="cert"/>
    </identifier>
    <code>
      <text value="Profesional Médico Cirujano"/>
    </code>
  </qualification>
  <qualification>
    <identifier>
      <value value="esp"/>
    </identifier>
    <code>
      <text value="Oncología"/>
    </code>
  </qualification>
</Practitioner>