<?xml version="1.0" encoding="UTF-8"?>

<Provenance xmlns="http://hl7.org/fhir">
  <id value="EjemplValidacionProvCl"/>
  <meta>
    <profile value="https://hl7chile.cl/fhir/ig/clcore/StructureDefinition/ProvenanceCl"/>
  </meta>
  <text>
    <status value="generated"/><div xmlns="http://www.w3.org/1999/xhtml"><p class="res-header-id"><b>Generated Narrative: Provenance EjemplValidacionProvCl</b></p><a name="EjemplValidacionProvCl"> </a><a name="hcEjemplValidacionProvCl"> </a><a name="EjemplValidacionProvCl-es-CL"> </a><div style="display: inline-block; background-color: #d9e0e7; padding: 6px; margin: 4px; border: 1px solid #8da1b4; border-radius: 5px; line-height: 60%"><p style="margin-bottom: 0px"/><p style="margin-bottom: 0px">Profile: <a href="StructureDefinition-ProvenanceCl.html">CL Provenance</a></p></div><p>Provenance for <a href="Composition-DocumentoEjemplo1.html">Composition Registro Médico de Una Condición al Paciente</a></p><p>Summary</p><table class="grid"><tr><td>Recorded</td><td>2022-08-07 10:30:00-0300</td></tr><tr><td>Activity</td><td><span title="Codes:{http://terminology.hl7.org/CodeSystem/v3-DocumentCompletion LA}">legally authenticated</span></td></tr></table><p><b>Agents</b></p><table class="grid"><tr><td><b>Type</b></td><td><b>who</b></td></tr><tr><td><span title="Codes:{http://terminology.hl7.org/CodeSystem/provenance-participant-type author}">author</span></td><td><a href="PractitionerRole-EjemploEspecialidadCL2.html">PractitionerRole: specialty = Medicina Familiar</a></td></tr></table></div>
  </text>
  <target>
    <reference value="Composition/DocumentoEjemplo1"/>
  </target>
  <recorded value="2022-08-07T10:30:00-03:00"/>
  <activity>
    <coding>
      <system value="http://terminology.hl7.org/CodeSystem/v3-DocumentCompletion"/>
      <code value="LA"/>
      <display value="legally authenticated"/>
    </coding>
  </activity>
  <agent>
    <type>
      <coding>
        <system value="http://terminology.hl7.org/CodeSystem/provenance-participant-type"/>
        <code value="author"/>
        <display value="author"/>
      </coding>
    </type>
    <who>
      <reference value="PractitionerRole/EjemploEspecialidadCL2"/>
    </who>
  </agent>
  <signature>
    <type>
      <system value="urn:iso-astm:E1762-95:2013"/>
      <code value="1.2.840.10065.1.12.1.1"/>
    </type>
    <when value="2022-08-07T10:30:00-03:00"/>
    <who>
      <reference value="PractitionerRole/EjemploEspecialidadCL2"/>
    </who>
    <sigFormat value="application/signature+xml"/>
    <data value="Base64=="/>
  </signature>
</Provenance>