"Id","Path","Slice Name","Alias(s)","Label","Min","Max","Must Support?","Is Modifier?","Is Summary?","Type(s)","Short","Definition","Comments","Requirements","Default Value","Meaning When Missing","Fixed Value","Pattern","Example","Minimum Value","Maximum Value","Maximum Length","Binding Strength","Binding Description","Binding Value Set","Code","Slicing Discriminator","Slicing Description","Slicing Ordered","Slicing Rules","Base Path","Base Min","Base Max","Condition(s)","Constraint(s)","Mapping: Workflow Pattern","Mapping: HL7 v2 Mapping","Mapping: RIM Mapping","Mapping: FiveWs Pattern Mapping","Mapping: CDA (R2)"
"Immunization","Immunization","","","",0,*,"","","","null {[]} {[]}
","Immunization event information","Describes the event of a patient being administered a vaccine or a record of an immunization as reported by a patient, a clinician or another party.","","","","","","","","","",,,,,"",,,,"Immunization",0,*,"","dom-2:If the resource is contained in another resource, it SHALL NOT contain nested Resources {contained.contained.empty()}
dom-3:If the resource is contained in another resource, it SHALL be referred to from elsewhere in the resource or SHALL refer to the containing resource {contained.where((('#'+id in (%resource.descendants().reference | %resource.descendants().as(canonical) | %resource.descendants().as(uri) | %resource.descendants().as(url))) or descendants().where(reference = '#').exists() or descendants().where(as(canonical) = '#').exists() or descendants().where(as(canonical) = '#').exists()).not()).trace('unmatched', id).empty()}dom-4:If a resource is contained in another resource, it SHALL NOT have a meta.versionId or a meta.lastUpdated {contained.meta.versionId.empty() and contained.meta.lastUpdated.empty()}dom-5:If a resource is contained in another resource, it SHALL NOT have a security label {contained.meta.security.empty()}dom-6:A resource should have narrative for robust management {text.`div`.exists()}","Event","VXU_V04","Entity. Role, or Act","SubstanceAdministration"
"Immunization.id","Immunization.id","","","",0,1,"","","Y","id {[]} {[]}
","Logical id of this artifact","The logical id of the resource, as used in the URL for the resource. Once assigned, this value never changes.","The only time that a resource does not have an id is when it is being submitted to the server using a create operation.","","","","","","","","",,,,,"",,,,"Resource.id",0,1,"",""
"Immunization.meta","Immunization.meta","","","",0,1,"","","Y","Meta {[]} {[]}
","Metadata about the resource","The metadata about the resource. This is content that is maintained by the infrastructure. Changes to the content might not always be associated with version changes to the resource.","","","","","","","","","",,,,,"",,,,"Resource.meta",0,1,"","ele-1:All FHIR elements must have a @value or children {hasValue() or (children().count() > id.count())}
"
"Immunization.implicitRules","Immunization.implicitRules","","","",0,1,"","Y","Y","uri {[]} {[]}
","A set of rules under which this content was created","A reference to a set of rules that were followed when the resource was constructed, and which must be understood when processing the content. Often, this is a reference to an implementation guide that defines the special rules along with other profiles etc.","Asserting this rule set restricts the content to be only understood by a limited set of trading partners. This inherently limits the usefulness of the data in the long term. However, the existing health eco-system is highly fractured, and not yet ready to define, collect, and exchange data in a generally computable sense. Wherever possible, implementers and/or specification writers should avoid using this element. Often, when used, the URL is a reference to an implementation guide that defines these special rules as part of it's narrative along with other profiles, value sets, etc.","","","","","","","","",,,,,"",,,,"Resource.implicitRules",0,1,"","ele-1:All FHIR elements must have a @value or children {hasValue() or (children().count() > id.count())}
"
"Immunization.language","Immunization.language","","","",0,1,"","","","code {[]} {[]}
","Language of the resource content","The base language in which the resource is written.","Language is provided to support indexing and accessibility (typically, services such as text to speech use the language tag). The html language tag in the narrative applies  to the narrative. The language tag on the resource may be used to specify the language of other presentations generated from the data in the resource. Not all the content has to be in the base language. The Resource.language should not be assumed to apply to the narrative automatically. If a language is specified, it should it also be specified on the div element in the html (see rules in HTML5 for information about the relationship between xml:lang and the html lang attribute).","","","","","","","","",,"preferred","A human language.","http://hl7.org/fhir/ValueSet/languages","",,,,"Resource.language",0,1,"","ele-1:All FHIR elements must have a @value or children {hasValue() or (children().count() > id.count())}
"
"Immunization.text","Immunization.text","","narrative
htmlxhtmldisplay","",0,1,"","","","Narrative {[]} {[]}
","Text summary of the resource, for human interpretation","A human-readable narrative that contains a summary of the resource and can be used to represent the content of the resource to a human. The narrative need not encode all the structured data, but is required to contain sufficient detail to make it ""clinically safe"" for a human to just read the narrative. Resource definitions may define what content should be represented in the narrative to ensure clinical safety.","Contained resources do not have narrative. Resources that are not contained SHOULD have a narrative. In some cases, a resource may only have text with little or no additional discrete data (as long as all minOccurs=1 elements are satisfied).  This may be necessary for data from legacy systems where information is captured as a ""text blob"" or where text is additionally entered raw or narrated and encoded information is added later.","","","","","","","","",,,,,"",,,,"DomainResource.text",0,1,"","ele-1:All FHIR elements must have a @value or children {hasValue() or (children().count() > id.count())}
","Act.text?"
"Immunization.contained","Immunization.contained","","inline resources
anonymous resourcescontained resources","",0,*,"","","","Resource {[]} {[]}
","Contained, inline Resources","These resources do not have an independent existence apart from the resource that contains them - they cannot be identified independently, and nor can they have their own independent transaction scope.","This should never be done when the content can be identified properly, as once identification is lost, it is extremely difficult (and context dependent) to restore it again. Contained resources may have profiles and tags In their meta elements, but SHALL NOT have security labels.","","","","","","","","",,,,,"",,,,"DomainResource.contained",0,*,"","","N/A"
"Immunization.extension","Immunization.extension","","","",0,*,"","","","Extension {[]} {[]}
","Extension","An Extension","","","","","","","","","",,,,,"","value:url}
","",,"open","DomainResource.extension",0,*,"","ele-1:All FHIR elements must have a @value or children {hasValue() or (children().count() > id.count())}
ext-1:Must have either extensions or value[x], not both {extension.exists() != value.exists()}"
"Immunization.extension:ClaseVacuna","Immunization.extension","ClaseVacuna","","",0,1,"Y","","","Extension {[CanonicalType[https://hl7chile.cl/fhir/ig/clcore/StructureDefinition/ClaseVacuna]]} {[]}
","Clase de Vacuna","Corresponde a un Id creado por el equipo de gestión de datos del Deis","","","","","","","","","",,,,,"",,,,"DomainResource.extension",0,*,"ele-1
","ele-1:All FHIR elements must have a @value or children {hasValue() or (children().count() > id.count())}
ext-1:Must have either extensions or value[x], not both {extension.exists() != value.exists()}"
"Immunization.extension:Campana","Immunization.extension","Campana","","",0,1,"Y","","","Extension {[CanonicalType[https://hl7chile.cl/fhir/ig/clcore/StructureDefinition/Campana]]} {[]}
","Nombre Campaña de Vacunación","Nombre Campaña de Vacunación","","","","","","","","","",,,,,"",,,,"DomainResource.extension",0,*,"ele-1
","ele-1:All FHIR elements must have a @value or children {hasValue() or (children().count() > id.count())}
ext-1:Must have either extensions or value[x], not both {extension.exists() != value.exists()}"
"Immunization.extension:Dosis","Immunization.extension","Dosis","","",0,1,"Y","","","Extension {[CanonicalType[https://hl7chile.cl/fhir/ig/clcore/StructureDefinition/Dosis]]} {[]}
","Dosis Administrada","Definición de la dosis administrada","","","","","","","","","",,,,,"",,,,"DomainResource.extension",0,*,"ele-1
","ele-1:All FHIR elements must have a @value or children {hasValue() or (children().count() > id.count())}
ext-1:Must have either extensions or value[x], not both {extension.exists() != value.exists()}"
"Immunization.extension:ProxFecha","Immunization.extension","ProxFecha","","",0,1,"Y","","","Extension {[CanonicalType[https://hl7chile.cl/fhir/ig/clcore/StructureDefinition/ProxFecha]]} {[]}
","Proxima fecha de vacunación","Fecha de la próxima fecha de vacunación si corresponde","","","","","","","","","",,,,,"",,,,"DomainResource.extension",0,*,"ele-1
","ele-1:All FHIR elements must have a @value or children {hasValue() or (children().count() > id.count())}
ext-1:Must have either extensions or value[x], not both {extension.exists() != value.exists()}"
"Immunization.modifierExtension","Immunization.modifierExtension","","extensions
user content","",0,*,"","Y","","Extension {[]} {[]}
","Extensions that cannot be ignored","May be used to represent additional information that is not part of the basic definition of the resource and that modifies the understanding of the element that contains it and/or the understanding of the containing element's descendants. Usually modifier elements provide negation or qualification. To make the use of extensions safe and manageable, there is a strict set of governance applied to the definition and use of extensions. Though any implementer is allowed to define an extension, there is a set of requirements that SHALL be met as part of the definition of the extension. Applications processing a resource are required to check for modifier extensions.

Modifier extensions SHALL NOT change the meaning of any elements on Resource or DomainResource (including cannot change the meaning of modifierExtension itself).","There can be no stigma associated with the use of extensions by any application, project, or standard - regardless of the institution or jurisdiction that uses or defines the extensions.  The use of extensions is what allows the FHIR specification to retain a core level of simplicity for everyone.","Modifier extensions allow for extensions that *cannot* be safely ignored to be clearly distinguished from the vast majority of extensions which can be safely ignored.  This promotes interoperability by eliminating the need for implementers to prohibit the presence of extensions. For further information, see the [definition of modifier extensions](http://hl7.org/fhir/R4/extensibility.html#modifierExtension).","","","","","","","",,,,,"",,,,"DomainResource.modifierExtension",0,*,"","ele-1:All FHIR elements must have a @value or children {hasValue() or (children().count() > id.count())}
ext-1:Must have either extensions or value[x], not both {extension.exists() != value.exists()}","N/A"
"Immunization.identifier","Immunization.identifier","","","",0,*,"Y","","","Identifier {[]} {[]}
","Identificador(es) por los que se conoce este registro de Inmunización. En el caso del sistema público correspondería al ID del Registro de Inmunización","Es el número de identificación del evento donde a un paciente se le administra una vacuna o registro de inmunización","","","","","","","","","",,,,,"",,,,"Immunization.identifier",0,*,"","ele-1:All FHIR elements must have a @value or children {hasValue() or (children().count() > id.count())}
","Event.identifier",".id","FiveWs.identifier","ClinicalDocument/component/StructuredBody/component/section/entry/substanceAdministration/id"
"Immunization.status","Immunization.status","","","",1,1,"Y","Y","Y","code {[]} {[]}
","completed | entered-in-error | not-done","Indica el estado actual del evento de inmunización","Will generally be set to show that the immunization has been completed or not done.  This element is labeled as a modifier because the status contains codes that mark the resource as not currently valid.","","","","","","","","",,"required","","http://hl7.org/fhir/ValueSet/immunization-status","",,,,"Immunization.status",1,1,"","ele-1:All FHIR elements must have a @value or children {hasValue() or (children().count() > id.count())}
","Event.status","statusCode","FiveWs.status"
"Immunization.statusReason","Immunization.statusReason","","","",0,1,"Y","","","CodeableConcept {[]} {[]}
","Razón de no realizarse la inmunización","Indica la razón por la que no se realizó el evento de inmunización","This is generally only used for the status of ""not-done"". The reason for performing the immunization event is captured in reasonCode, not here.","","","","","","","","",,"example","","https://hl7chile.cl/fhir/ig/clcore/ValueSet/VSRazonNOTinm","",,,,"Immunization.statusReason",0,1,"","ele-1:All FHIR elements must have a @value or children {hasValue() or (children().count() > id.count())}
","Event.statusReason",".inboundRelationship[typeCode=SUBJ].source[classCode=CACT, moodCode=EVN].reasonCOde"
"Immunization.statusReason.id","Immunization.statusReason.id","","","",0,1,"","","","string {[]} {[]}
","Unique id for inter-element referencing","Unique id for the element within a resource (for internal references). This may be any string value that does not contain spaces.","","","","","","","","","",,,,,"",,,,"Element.id",0,1,"","","n/a"
"Immunization.statusReason.extension","Immunization.statusReason.extension","","extensions
user content","",0,*,"","","","Extension {[]} {[]}
","Additional content defined by implementations","May be used to represent additional information that is not part of the basic definition of the element. To make the use of extensions safe and manageable, there is a strict set of governance  applied to the definition and use of extensions. Though any implementer can define an extension, there is a set of requirements that SHALL be met as part of the definition of the extension.","There can be no stigma associated with the use of extensions by any application, project, or standard - regardless of the institution or jurisdiction that uses or defines the extensions.  The use of extensions is what allows the FHIR specification to retain a core level of simplicity for everyone.","","","","","","","","",,,,,"","value:url}
","Extensions are always sliced by (at least) url",,"open","Element.extension",0,*,"","ele-1:All FHIR elements must have a @value or children {hasValue() or (children().count() > id.count())}
ext-1:Must have either extensions or value[x], not both {extension.exists() != value.exists()}","n/a"
"Immunization.statusReason.coding","Immunization.statusReason.coding","","","",0,*,"","","Y","Coding {[]} {[]}
","Code defined by a terminology system","A reference to a code defined by a terminology system.","Codes may be defined very casually in enumerations, or code lists, up to very formal definitions such as SNOMED CT - see the HL7 v3 Core Principles for more information.  Ordering of codings is undefined and SHALL NOT be used to infer meaning. Generally, at most only one of the coding values will be labeled as UserSelected = true.","Allows for alternative encodings within a code system, and translations to other code systems.","","","","","","","",,,,,"",,,,"CodeableConcept.coding",0,*,"","ele-1:All FHIR elements must have a @value or children {hasValue() or (children().count() > id.count())}
","C*E.1-8, C*E.10-22","union(., ./translation)"
"Immunization.statusReason.text","Immunization.statusReason.text","","","",0,1,"Y","","Y","string {[]} {[]}
","Descripción de la razón por la cual no se produjo la inmunización","A human language representation of the concept as seen/selected/uttered by the user who entered the data and/or which represents the intended meaning of the user.","Very often the text is the same as a displayName of one of the codings.","The codes from the terminologies do not always capture the correct meaning with all the nuances of the human using them, or sometimes there is no appropriate code at all. In these cases, the text is used to capture the full meaning of the source.","","","","","","","",,,,,"",,,,"CodeableConcept.text",0,1,"","ele-1:All FHIR elements must have a @value or children {hasValue() or (children().count() > id.count())}
","C*E.9. But note many systems use C*E.2 for this","./originalText[mediaType/code=""text/plain""]/data"
"Immunization.vaccineCode","Immunization.vaccineCode","","","",1,1,"Y","","Y","CodeableConcept {[]} {[]}
","Vacuna que se administró o se iba a administrar","Vacuna que se administró o se iba a administrar. Se proporciona valores que utilizan en el RNI (Registro Nacional de Inmunizaciones)","","","","","","","","","",,"example","","https://hl7chile.cl/fhir/ig/clcore/ValueSet/VSTiposVacunas","",,,,"Immunization.vaccineCode",1,1,"","ele-1:All FHIR elements must have a @value or children {hasValue() or (children().count() > id.count())}
","Event.code","RXA-5",".code","FiveWs.what[x]","ClinicalDocument/component/StructuredBody/component/section/entry/substanceAdministration/consumable/manfacturedProduct/manufacturedMaterial/realmCode/code"
"Immunization.vaccineCode.id","Immunization.vaccineCode.id","","","",0,1,"","","","string {[]} {[]}
","Unique id for inter-element referencing","Unique id for the element within a resource (for internal references). This may be any string value that does not contain spaces.","","","","","","","","","",,,,,"",,,,"Element.id",0,1,"","","n/a"
"Immunization.vaccineCode.extension","Immunization.vaccineCode.extension","","extensions
user content","",0,*,"","","","Extension {[]} {[]}
","Additional content defined by implementations","May be used to represent additional information that is not part of the basic definition of the element. To make the use of extensions safe and manageable, there is a strict set of governance  applied to the definition and use of extensions. Though any implementer can define an extension, there is a set of requirements that SHALL be met as part of the definition of the extension.","There can be no stigma associated with the use of extensions by any application, project, or standard - regardless of the institution or jurisdiction that uses or defines the extensions.  The use of extensions is what allows the FHIR specification to retain a core level of simplicity for everyone.","","","","","","","","",,,,,"","value:url}
","Extensions are always sliced by (at least) url",,"open","Element.extension",0,*,"","ele-1:All FHIR elements must have a @value or children {hasValue() or (children().count() > id.count())}
ext-1:Must have either extensions or value[x], not both {extension.exists() != value.exists()}","n/a"
"Immunization.vaccineCode.coding","Immunization.vaccineCode.coding","","","",0,*,"","","Y","Coding {[]} {[]}
","Code defined by a terminology system","A reference to a code defined by a terminology system.","Codes may be defined very casually in enumerations, or code lists, up to very formal definitions such as SNOMED CT - see the HL7 v3 Core Principles for more information.  Ordering of codings is undefined and SHALL NOT be used to infer meaning. Generally, at most only one of the coding values will be labeled as UserSelected = true.","Allows for alternative encodings within a code system, and translations to other code systems.","","","","","","","",,,,,"",,,,"CodeableConcept.coding",0,*,"","ele-1:All FHIR elements must have a @value or children {hasValue() or (children().count() > id.count())}
","C*E.1-8, C*E.10-22","union(., ./translation)"
"Immunization.vaccineCode.text","Immunization.vaccineCode.text","","","",0,1,"Y","","Y","string {[]} {[]}
","Nombre normalizado a nivel nacional de la vacuna","A human language representation of the concept as seen/selected/uttered by the user who entered the data and/or which represents the intended meaning of the user.","Very often the text is the same as a displayName of one of the codings.","The codes from the terminologies do not always capture the correct meaning with all the nuances of the human using them, or sometimes there is no appropriate code at all. In these cases, the text is used to capture the full meaning of the source.","","","","","","","",,,,,"",,,,"CodeableConcept.text",0,1,"","ele-1:All FHIR elements must have a @value or children {hasValue() or (children().count() > id.count())}
","C*E.9. But note many systems use C*E.2 for this","./originalText[mediaType/code=""text/plain""]/data"
"Immunization.patient","Immunization.patient","","","",1,1,"Y","","Y","Reference {[]} {[CanonicalType[https://hl7chile.cl/fhir/ig/clcore/StructureDefinition/CorePacienteCl]]}
","Paciente inmunizado","El paciente que recibió o no recibió la inmunización","","","","","","","","","",,,,,"",,,,"Immunization.patient",1,1,"","ele-1:All FHIR elements must have a @value or children {hasValue() or (children().count() > id.count())}
","Event.subject","PID-3",".partipication[ttypeCode=].role","FiveWs.subject[x]","FiveWs.subject"
"Immunization.encounter","Immunization.encounter","","","",0,1,"","","","Reference {[]} {[CanonicalType[http://hl7.org/fhir/StructureDefinition/Encounter]]}
","Encounter immunization was part of","The visit or admission or other contact between patient and health care provider the immunization was performed as part of.","","","","","","","","","",,,,,"",,,,"Immunization.encounter",0,1,"","ele-1:All FHIR elements must have a @value or children {hasValue() or (children().count() > id.count())}
","Event.context","PV1-19","component->EncounterEvent","FiveWs.context"
"Immunization.occurrence[x]","Immunization.occurrence[x]","","","",1,1,"Y","","Y","dateTime {[]} {[]}
string {[]} {[]}","Momento de administración de la vacuna","Momento en la que se realiza la inmunización o se administra la vacuna","When immunizations are given a specific date and time should always be known.   When immunizations are patient reported, a specific date might not be known.  Although partial dates are allowed, an adult patient might not be able to recall the year a childhood immunization was given. An exact date is always preferable, but the use of the String data type is acceptable when an exact date is not known. A small number of vaccines (e.g. live oral typhoid vaccine) are given as a series of patient self-administered dose over a span of time. In cases like this, often, only the first dose (typically a provider supervised dose) is recorded with the occurrence indicating the date/time of the first dose.","","","","","","","","",,,,,"","type:$this}
","",,"closed","Immunization.occurrence[x]",1,1,"","ele-1:All FHIR elements must have a @value or children {hasValue() or (children().count() > id.count())}
","Event.occurrence[x]","RXA-3",".effectiveTime","FiveWs.done[x]","ClinicalDocument/component/StructuredBody/component/section/entry/substanceAdministration/effectiveTime/value"
"Immunization.occurrence[x]:occurrenceDateTime","Immunization.occurrence[x]","occurrenceDateTime","","",0,1,"","","Y","dateTime {[]} {[]}
","Fecha y hora de la administración","Date vaccine administered or was to be administered.","When immunizations are given a specific date and time should always be known.   When immunizations are patient reported, a specific date might not be known.  Although partial dates are allowed, an adult patient might not be able to recall the year a childhood immunization was given. An exact date is always preferable, but the use of the String data type is acceptable when an exact date is not known. A small number of vaccines (e.g. live oral typhoid vaccine) are given as a series of patient self-administered dose over a span of time. In cases like this, often, only the first dose (typically a provider supervised dose) is recorded with the occurrence indicating the date/time of the first dose.","","","","","","","","",,,,,"",,,,"Immunization.occurrence[x]",1,1,"","ele-1:All FHIR elements must have a @value or children {hasValue() or (children().count() > id.count())}
","Event.occurrence[x]","RXA-3",".effectiveTime","FiveWs.done[x]","ClinicalDocument/component/StructuredBody/component/section/entry/substanceAdministration/effectiveTime/value"
"Immunization.occurrence[x]:occurrenceString","Immunization.occurrence[x]","occurrenceString","","",0,1,"","","Y","string {[]} {[]}
","Momento de la administración","Date vaccine administered or was to be administered.","When immunizations are given a specific date and time should always be known.   When immunizations are patient reported, a specific date might not be known.  Although partial dates are allowed, an adult patient might not be able to recall the year a childhood immunization was given. An exact date is always preferable, but the use of the String data type is acceptable when an exact date is not known. A small number of vaccines (e.g. live oral typhoid vaccine) are given as a series of patient self-administered dose over a span of time. In cases like this, often, only the first dose (typically a provider supervised dose) is recorded with the occurrence indicating the date/time of the first dose.","","","","","","","","",,,,,"",,,,"Immunization.occurrence[x]",1,1,"","ele-1:All FHIR elements must have a @value or children {hasValue() or (children().count() > id.count())}
","Event.occurrence[x]","RXA-3",".effectiveTime","FiveWs.done[x]","ClinicalDocument/component/StructuredBody/component/section/entry/substanceAdministration/effectiveTime/value"
"Immunization.recorded","Immunization.recorded","","","",0,1,"Y","","","dateTime {[]} {[]}
","Cuando realizó el registro de la inmunización","La fecha en que se registró por primera vez la ocurrencia de la inmunización, potencialmente significativamente después de la ocurrencia del evento","","","","","","","","","",,,,,"",,,,"Immunization.recorded",0,1,"","ele-1:All FHIR elements must have a @value or children {hasValue() or (children().count() > id.count())}
",".participation[typeCode=AUT].time","FiveWs.recorded"
"Immunization.primarySource","Immunization.primarySource","","","",0,1,"","","Y","boolean {[]} {[]}
","Indicates context the data was recorded in","An indication that the content of the record is based on information from the person who administered the vaccine. This reflects the context under which the data was originally recorded.","Reflects the “reliability” of the content.","","","","","","","","",,,,,"",,,,"Immunization.primarySource",0,1,"","ele-1:All FHIR elements must have a @value or children {hasValue() or (children().count() > id.count())}
","RXA-9","immunization.uncertaintycode (if primary source=false, uncertainty=U)","FiveWs.source"
"Immunization.reportOrigin","Immunization.reportOrigin","","","",0,1,"Y","","","CodeableConcept {[]} {[]}
","Fuente de registro","También pude ser considerado como registro secundario","Should not be populated if primarySource = True, not required even if primarySource = False.","","","","","","","","",,"example","The source of the data for a record which is not from a primary source.","http://hl7.org/fhir/ValueSet/immunization-origin","",,,,"Immunization.reportOrigin",0,1,"","ele-1:All FHIR elements must have a @value or children {hasValue() or (children().count() > id.count())}
","RXA-9",".participation[typeCode=INF].role[classCode=PAT] (this syntax for self-reported) .participation[typeCode=INF].role[classCode=LIC] (this syntax for health care professional) .participation[typeCode=INF].role[classCode=PRS] (this syntax for family member)","FiveWs.source"
"Immunization.location","Immunization.location","","","",0,1,"Y","","","Reference {[]} {[CanonicalType[https://hl7chile.cl/fhir/ig/clcore/StructureDefinition/CoreLocalizacionCl]]}
","Dónde se produjo la inmunización","El lugar donde se produjo la administración de la vacuna","","","","","","","","","",,,,,"",,,,"Immunization.location",0,1,"","ele-1:All FHIR elements must have a @value or children {hasValue() or (children().count() > id.count())}
","Event.location","RXA-27  (or RXA-11, deprecated as of v2.7)",".participation[typeCode=LOC].COCT_MT240000UV","FiveWs.where[x]"
"Immunization.manufacturer","Immunization.manufacturer","","","",0,1,"","","","Reference {[]} {[CanonicalType[http://hl7.org/fhir/StructureDefinition/Organization]]}
","Vaccine manufacturer","Name of vaccine manufacturer.","","","","","","","","","",,,,,"",,,,"Immunization.manufacturer",0,1,"","ele-1:All FHIR elements must have a @value or children {hasValue() or (children().count() > id.count())}
","RXA-17",".participation[typeCode=CSM].role[classCode=INST].scopedRole.scoper[classCode=ORG]","ClinicalDocument/component/StructuredBody/component/section/entry/substanceAdministration/consumable/manfacturedProduct/manufacuturerOrganization/name"
"Immunization.lotNumber","Immunization.lotNumber","","","",0,1,"Y","","","string {[]} {[]}
","Número de lote de la vacuna","Número de lote del producto de la vacuna","","","","","","","","","",,,,,"",,,,"Immunization.lotNumber",0,1,"","ele-1:All FHIR elements must have a @value or children {hasValue() or (children().count() > id.count())}
","RXA-15",".participation[typeCode=CSM].role[classCode=INST].scopedRole.scoper[classCode=MMAT].id","ClinicalDocument/component/StructuredBody/component/section/entry/substanceAdministration/consumable/manfacturedProduct/manufacturedMaterial/lotNumberText"
"Immunization.expirationDate","Immunization.expirationDate","","","",0,1,"Y","","","date {[]} {[]}
","Fecha de caducidad de la vacuna","Fecha de vencimiento del lote de la vacuna","","","","","","","","","",,,,,"",,,,"Immunization.expirationDate",0,1,"","ele-1:All FHIR elements must have a @value or children {hasValue() or (children().count() > id.count())}
","RXA-16",".participation[typeCode=CSM].role[classCode=INST].scopedRole.scoper[classCode=MMAT].expirationTime"
"Immunization.site","Immunization.site","","","",0,1,"","","","CodeableConcept {[]} {[]}
","Body site vaccine  was administered","Body site where vaccine was administered.","","","","","","","","","",,"example","The site at which the vaccine was administered.","http://hl7.org/fhir/ValueSet/immunization-site","",,,,"Immunization.site",0,1,"","ele-1:All FHIR elements must have a @value or children {hasValue() or (children().count() > id.count())}
","RXR-2","observation.targetSiteCode","ClinicalDocument/component/StructuredBody/component/section/entry/substanceAdministration/approachSiteCode/code"
"Immunization.route","Immunization.route","","","",0,1,"","","","CodeableConcept {[]} {[]}
","How vaccine entered body","The path by which the vaccine product is taken into the body.","","","","","","","","","",,"example","The route by which the vaccine was administered.","http://hl7.org/fhir/ValueSet/immunization-route","",,,,"Immunization.route",0,1,"","ele-1:All FHIR elements must have a @value or children {hasValue() or (children().count() > id.count())}
","RXR-1",".routeCode","ClinicalDocument/component/StructuredBody/component/section/entry/substanceAdministration/routeCode/code"
"Immunization.doseQuantity","Immunization.doseQuantity","","","",0,1,"","","","Quantity {[CanonicalType[http://hl7.org/fhir/StructureDefinition/SimpleQuantity]]} {[]}
","Amount of vaccine administered","The quantity of vaccine product that was administered.","","","","","","","","","",,,,,"",,,,"Immunization.doseQuantity",0,1,"","ele-1:All FHIR elements must have a @value or children {hasValue() or (children().count() > id.count())}
","RXA-6 / RXA-7",".doseQuantity"
"Immunization.performer","Immunization.performer","","","",0,*,"Y","","Y","BackboneElement {[]} {[]}
","Quién realizó la inmunización","Indica quién realizó el evento de inmunización","","","","","","","","","",,,,,"",,,,"Immunization.performer",0,*,"","ele-1:All FHIR elements must have a @value or children {hasValue() or (children().count() > id.count())}
","Event.performer","ORC-12 / RXA-10",".participation[typeCode=PRF].role[scoper.determinerCode=INSTANCE]"
"Immunization.performer.id","Immunization.performer.id","","","",0,1,"","","","string {[]} {[]}
","Unique id for inter-element referencing","Unique id for the element within a resource (for internal references). This may be any string value that does not contain spaces.","","","","","","","","","",,,,,"",,,,"Element.id",0,1,"","","n/a"
"Immunization.performer.extension","Immunization.performer.extension","","extensions
user content","",0,*,"","","","Extension {[]} {[]}
","Additional content defined by implementations","May be used to represent additional information that is not part of the basic definition of the element. To make the use of extensions safe and manageable, there is a strict set of governance  applied to the definition and use of extensions. Though any implementer can define an extension, there is a set of requirements that SHALL be met as part of the definition of the extension.","There can be no stigma associated with the use of extensions by any application, project, or standard - regardless of the institution or jurisdiction that uses or defines the extensions.  The use of extensions is what allows the FHIR specification to retain a core level of simplicity for everyone.","","","","","","","","",,,,,"",,,,"Element.extension",0,*,"","ele-1:All FHIR elements must have a @value or children {hasValue() or (children().count() > id.count())}
ext-1:Must have either extensions or value[x], not both {extension.exists() != value.exists()}","n/a"
"Immunization.performer.modifierExtension","Immunization.performer.modifierExtension","","extensions
user contentmodifiers","",0,*,"","Y","Y","Extension {[]} {[]}
","Extensions that cannot be ignored even if unrecognized","May be used to represent additional information that is not part of the basic definition of the element and that modifies the understanding of the element in which it is contained and/or the understanding of the containing element's descendants. Usually modifier elements provide negation or qualification. To make the use of extensions safe and manageable, there is a strict set of governance applied to the definition and use of extensions. Though any implementer can define an extension, there is a set of requirements that SHALL be met as part of the definition of the extension. Applications processing a resource are required to check for modifier extensions.

Modifier extensions SHALL NOT change the meaning of any elements on Resource or DomainResource (including cannot change the meaning of modifierExtension itself).","There can be no stigma associated with the use of extensions by any application, project, or standard - regardless of the institution or jurisdiction that uses or defines the extensions.  The use of extensions is what allows the FHIR specification to retain a core level of simplicity for everyone.","Modifier extensions allow for extensions that *cannot* be safely ignored to be clearly distinguished from the vast majority of extensions which can be safely ignored.  This promotes interoperability by eliminating the need for implementers to prohibit the presence of extensions. For further information, see the [definition of modifier extensions](http://hl7.org/fhir/R4/extensibility.html#modifierExtension).","","","","","","","",,,,,"",,,,"BackboneElement.modifierExtension",0,*,"","ele-1:All FHIR elements must have a @value or children {hasValue() or (children().count() > id.count())}
ext-1:Must have either extensions or value[x], not both {extension.exists() != value.exists()}","N/A"
"Immunization.performer.function","Immunization.performer.function","","","",0,1,"","","Y","CodeableConcept {[]} {[]}
","What type of performance was done","Describes the type of performance (e.g. ordering provider, administering provider, etc.).","","","","","","","","","",,"extensible","The role a practitioner or organization plays in the immunization event.","http://hl7.org/fhir/ValueSet/immunization-function","",,,,"Immunization.performer.function",0,1,"","ele-1:All FHIR elements must have a @value or children {hasValue() or (children().count() > id.count())}
","Event.performer.function",".participation.functionCode"
"Immunization.performer.actor","Immunization.performer.actor","","","",1,1,"Y","","Y","Reference {[]} {[CanonicalType[https://hl7chile.cl/fhir/ig/clcore/StructureDefinition/CorePrestadorCl], CanonicalType[https://hl7chile.cl/fhir/ig/clcore/StructureDefinition/CoreOrganizacionCl]]}
","Prestador personal u organizacional que realizó la acción","Prestador personal u organizacional que realizó la acción","When the individual practitioner who performed the action is known, it is best to send.","","","","","","","","",,,,,"",,,,"Immunization.performer.actor",1,1,"","ele-1:All FHIR elements must have a @value or children {hasValue() or (children().count() > id.count())}
","Event.performer.actor",".player","FiveWs.actor"
"Immunization.note","Immunization.note","","","",0,*,"","","Y","Annotation {[]} {[]}
","Additional immunization notes","Extra information about the immunization that is not conveyed by the other attributes.","","","","","","","","","",,,,,"",,,,"Immunization.note",0,*,"","ele-1:All FHIR elements must have a @value or children {hasValue() or (children().count() > id.count())}
","Event.note","OBX-5 : OBX-3 = 48767-8","note"
"Immunization.reasonCode","Immunization.reasonCode","","","",0,*,"","","","CodeableConcept {[]} {[]}
","Why immunization occurred","Reasons why the vaccine was administered.","","","","","","","","","",,"example","The reason why a vaccine was administered.","http://hl7.org/fhir/ValueSet/immunization-reason","",,,,"Immunization.reasonCode",0,*,"","ele-1:All FHIR elements must have a @value or children {hasValue() or (children().count() > id.count())}
","Event.reasonCode","[actionNegationInd=false].reasonCode"
"Immunization.reasonReference","Immunization.reasonReference","","","",0,*,"","","","Reference {[]} {[CanonicalType[http://hl7.org/fhir/StructureDefinition/Condition], CanonicalType[http://hl7.org/fhir/StructureDefinition/Observation], CanonicalType[http://hl7.org/fhir/StructureDefinition/DiagnosticReport]]}
","Why immunization occurred","Condition, Observation or DiagnosticReport that supports why the immunization was administered.","","","","","","","","","",,,,,"",,,,"Immunization.reasonReference",0,*,"","ele-1:All FHIR elements must have a @value or children {hasValue() or (children().count() > id.count())}
","Event.reasonReference","N/A"
"Immunization.isSubpotent","Immunization.isSubpotent","","","",0,1,"","Y","Y","boolean {[]} {[]}
","Dose potency","Indication if a dose is considered to be subpotent. By default, a dose should be considered to be potent.","Typically, the recognition of the dose being sub-potent is retrospective, after the administration (ex. notification of a manufacturer recall after administration). However, in the case of a partial administration (the patient moves unexpectedly and only some of the dose is actually administered), subpotency may be recognized immediately, but it is still important to record the event.","","","By default, a dose should be considered to be potent.","","","","","",,,,,"",,,,"Immunization.isSubpotent",0,1,"","ele-1:All FHIR elements must have a @value or children {hasValue() or (children().count() > id.count())}
","RXA-20 = PA (partial administration)","N/A"
"Immunization.subpotentReason","Immunization.subpotentReason","","","",0,*,"","","","CodeableConcept {[]} {[]}
","Reason for being subpotent","Reason why a dose is considered to be subpotent.","","","","","","","","","",,"example","The reason why a dose is considered to be subpotent.","http://hl7.org/fhir/ValueSet/immunization-subpotent-reason","",,,,"Immunization.subpotentReason",0,*,"","ele-1:All FHIR elements must have a @value or children {hasValue() or (children().count() > id.count())}
","N/A"
"Immunization.education","Immunization.education","","","",0,*,"","","","BackboneElement {[]} {[]}
","Educational material presented to patient","Educational material presented to the patient (or guardian) at the time of vaccine administration.","","","","","","","","","",,,,,"",,,,"Immunization.education",0,*,"","ele-1:All FHIR elements must have a @value or children {hasValue() or (children().count() > id.count())}
imm-1:One of documentType or reference SHALL be present {documentType.exists() or reference.exists()}","N/A"
"Immunization.education.id","Immunization.education.id","","","",0,1,"","","","string {[]} {[]}
","Unique id for inter-element referencing","Unique id for the element within a resource (for internal references). This may be any string value that does not contain spaces.","","","","","","","","","",,,,,"",,,,"Element.id",0,1,"","","n/a"
"Immunization.education.extension","Immunization.education.extension","","extensions
user content","",0,*,"","","","Extension {[]} {[]}
","Additional content defined by implementations","May be used to represent additional information that is not part of the basic definition of the element. To make the use of extensions safe and manageable, there is a strict set of governance  applied to the definition and use of extensions. Though any implementer can define an extension, there is a set of requirements that SHALL be met as part of the definition of the extension.","There can be no stigma associated with the use of extensions by any application, project, or standard - regardless of the institution or jurisdiction that uses or defines the extensions.  The use of extensions is what allows the FHIR specification to retain a core level of simplicity for everyone.","","","","","","","","",,,,,"",,,,"Element.extension",0,*,"","ele-1:All FHIR elements must have a @value or children {hasValue() or (children().count() > id.count())}
ext-1:Must have either extensions or value[x], not both {extension.exists() != value.exists()}","n/a"
"Immunization.education.modifierExtension","Immunization.education.modifierExtension","","extensions
user contentmodifiers","",0,*,"","Y","Y","Extension {[]} {[]}
","Extensions that cannot be ignored even if unrecognized","May be used to represent additional information that is not part of the basic definition of the element and that modifies the understanding of the element in which it is contained and/or the understanding of the containing element's descendants. Usually modifier elements provide negation or qualification. To make the use of extensions safe and manageable, there is a strict set of governance applied to the definition and use of extensions. Though any implementer can define an extension, there is a set of requirements that SHALL be met as part of the definition of the extension. Applications processing a resource are required to check for modifier extensions.

Modifier extensions SHALL NOT change the meaning of any elements on Resource or DomainResource (including cannot change the meaning of modifierExtension itself).","There can be no stigma associated with the use of extensions by any application, project, or standard - regardless of the institution or jurisdiction that uses or defines the extensions.  The use of extensions is what allows the FHIR specification to retain a core level of simplicity for everyone.","Modifier extensions allow for extensions that *cannot* be safely ignored to be clearly distinguished from the vast majority of extensions which can be safely ignored.  This promotes interoperability by eliminating the need for implementers to prohibit the presence of extensions. For further information, see the [definition of modifier extensions](http://hl7.org/fhir/R4/extensibility.html#modifierExtension).","","","","","","","",,,,,"",,,,"BackboneElement.modifierExtension",0,*,"","ele-1:All FHIR elements must have a @value or children {hasValue() or (children().count() > id.count())}
ext-1:Must have either extensions or value[x], not both {extension.exists() != value.exists()}","N/A"
"Immunization.education.documentType","Immunization.education.documentType","","","",0,1,"","","","string {[]} {[]}
","Educational material document identifier","Identifier of the material presented to the patient.","","","","","","","","","",,,,,"",,,,"Immunization.education.documentType",0,1,"","ele-1:All FHIR elements must have a @value or children {hasValue() or (children().count() > id.count())}
","OBX-5 : OBX-3 = 69764-9","N/A"
"Immunization.education.reference","Immunization.education.reference","","","",0,1,"","","","uri {[]} {[]}
","Educational material reference pointer","Reference pointer to the educational material given to the patient if the information was on line.","","","","","","","","","",,,,,"",,,,"Immunization.education.reference",0,1,"","ele-1:All FHIR elements must have a @value or children {hasValue() or (children().count() > id.count())}
","N/A"
"Immunization.education.publicationDate","Immunization.education.publicationDate","","","",0,1,"","","","dateTime {[]} {[]}
","Educational material publication date","Date the educational material was published.","","","","","","","","","",,,,,"",,,,"Immunization.education.publicationDate",0,1,"","ele-1:All FHIR elements must have a @value or children {hasValue() or (children().count() > id.count())}
","OBX-5 : OBX-3 = 29768-9","N/A"
"Immunization.education.presentationDate","Immunization.education.presentationDate","","","",0,1,"","","","dateTime {[]} {[]}
","Educational material presentation date","Date the educational material was given to the patient.","","","","","","","","","",,,,,"",,,,"Immunization.education.presentationDate",0,1,"","ele-1:All FHIR elements must have a @value or children {hasValue() or (children().count() > id.count())}
","OBX-5 : OBX-3 = 29769-7","N/A"
"Immunization.programEligibility","Immunization.programEligibility","","","",0,*,"Y","","","CodeableConcept {[]} {[]}
","Corresponde al Id del criterio de elegibilidad de la vacuna administrada","Indica la elegibilidad de un paciente para un programa de financiamiento","","","","","","","","","",,"example","","http://hl7.org/fhir/ValueSet/immunization-program-eligibility","",,,,"Immunization.programEligibility",0,*,"","ele-1:All FHIR elements must have a @value or children {hasValue() or (children().count() > id.count())}
","OBX-5 : OBX-3 = 64994-7","N/A"
"Immunization.programEligibility.id","Immunization.programEligibility.id","","","",0,1,"","","","string {[]} {[]}
","Unique id for inter-element referencing","Unique id for the element within a resource (for internal references). This may be any string value that does not contain spaces.","","","","","","","","","",,,,,"",,,,"Element.id",0,1,"","","n/a"
"Immunization.programEligibility.extension","Immunization.programEligibility.extension","","extensions
user content","",0,*,"","","","Extension {[]} {[]}
","Additional content defined by implementations","May be used to represent additional information that is not part of the basic definition of the element. To make the use of extensions safe and manageable, there is a strict set of governance  applied to the definition and use of extensions. Though any implementer can define an extension, there is a set of requirements that SHALL be met as part of the definition of the extension.","There can be no stigma associated with the use of extensions by any application, project, or standard - regardless of the institution or jurisdiction that uses or defines the extensions.  The use of extensions is what allows the FHIR specification to retain a core level of simplicity for everyone.","","","","","","","","",,,,,"","value:url}
","Extensions are always sliced by (at least) url",,"open","Element.extension",0,*,"","ele-1:All FHIR elements must have a @value or children {hasValue() or (children().count() > id.count())}
ext-1:Must have either extensions or value[x], not both {extension.exists() != value.exists()}","n/a"
"Immunization.programEligibility.coding","Immunization.programEligibility.coding","","","",0,*,"","","Y","Coding {[]} {[]}
","Code defined by a terminology system","A reference to a code defined by a terminology system.","Codes may be defined very casually in enumerations, or code lists, up to very formal definitions such as SNOMED CT - see the HL7 v3 Core Principles for more information.  Ordering of codings is undefined and SHALL NOT be used to infer meaning. Generally, at most only one of the coding values will be labeled as UserSelected = true.","Allows for alternative encodings within a code system, and translations to other code systems.","","","","","","","",,,,,"",,,,"CodeableConcept.coding",0,*,"","ele-1:All FHIR elements must have a @value or children {hasValue() or (children().count() > id.count())}
","C*E.1-8, C*E.10-22","union(., ./translation)"
"Immunization.programEligibility.coding.id","Immunization.programEligibility.coding.id","","","",0,1,"","","","string {[]} {[]}
","Unique id for inter-element referencing","Unique id for the element within a resource (for internal references). This may be any string value that does not contain spaces.","","","","","","","","","",,,,,"",,,,"Element.id",0,1,"","","n/a"
"Immunization.programEligibility.coding.extension","Immunization.programEligibility.coding.extension","","extensions
user content","",0,*,"","","","Extension {[]} {[]}
","Additional content defined by implementations","May be used to represent additional information that is not part of the basic definition of the element. To make the use of extensions safe and manageable, there is a strict set of governance  applied to the definition and use of extensions. Though any implementer can define an extension, there is a set of requirements that SHALL be met as part of the definition of the extension.","There can be no stigma associated with the use of extensions by any application, project, or standard - regardless of the institution or jurisdiction that uses or defines the extensions.  The use of extensions is what allows the FHIR specification to retain a core level of simplicity for everyone.","","","","","","","","",,,,,"","value:url}
","Extensions are always sliced by (at least) url",,"open","Element.extension",0,*,"","ele-1:All FHIR elements must have a @value or children {hasValue() or (children().count() > id.count())}
ext-1:Must have either extensions or value[x], not both {extension.exists() != value.exists()}","n/a"
"Immunization.programEligibility.coding.system","Immunization.programEligibility.coding.system","","","",0,1,"","","Y","uri {[]} {[]}
","Identity of the terminology system","The identification of the code system that defines the meaning of the symbol in the code.","The URI may be an OID (urn:oid:...) or a UUID (urn:uuid:...).  OIDs and UUIDs SHALL be references to the HL7 OID registry. Otherwise, the URI should come from HL7's list of FHIR defined special URIs or it should reference to some definition that establishes the system clearly and unambiguously.","Need to be unambiguous about the source of the definition of the symbol.","","","","","","","",,,,,"",,,,"Coding.system",0,1,"","ele-1:All FHIR elements must have a @value or children {hasValue() or (children().count() > id.count())}
","C*E.3","./codeSystem"
"Immunization.programEligibility.coding.version","Immunization.programEligibility.coding.version","","","",0,1,"","","Y","string {[]} {[]}
","Version of the system - if relevant","The version of the code system which was used when choosing this code. Note that a well-maintained code system does not need the version reported, because the meaning of codes is consistent across versions. However this cannot consistently be assured, and when the meaning is not guaranteed to be consistent, the version SHOULD be exchanged.","Where the terminology does not clearly define what string should be used to identify code system versions, the recommendation is to use the date (expressed in FHIR date format) on which that version was officially published as the version date.","","","","","","","","",,,,,"",,,,"Coding.version",0,1,"","ele-1:All FHIR elements must have a @value or children {hasValue() or (children().count() > id.count())}
","C*E.7","./codeSystemVersion"
"Immunization.programEligibility.coding.code","Immunization.programEligibility.coding.code","","","",0,1,"Y","","Y","code {[]} {[]}
","Código identificador del criterio","A symbol in syntax defined by the system. The symbol may be a predefined code or an expression in a syntax defined by the coding system (e.g. post-coordination).","","Need to refer to a particular code in the system.","","","","","","","",,,,,"",,,,"Coding.code",0,1,"","ele-1:All FHIR elements must have a @value or children {hasValue() or (children().count() > id.count())}
","C*E.1","./code"
"Immunization.programEligibility.coding.display","Immunization.programEligibility.coding.display","","","",0,1,"Y","","Y","string {[]} {[]}
","Descripción del programa asociado al identificador del criterio","A representation of the meaning of the code in the system, following the rules of the system.","","Need to be able to carry a human-readable meaning of the code for readers that do not know  the system.","","","","","","","",,,,,"",,,,"Coding.display",0,1,"","ele-1:All FHIR elements must have a @value or children {hasValue() or (children().count() > id.count())}
","C*E.2 - but note this is not well followed","CV.displayName"
"Immunization.programEligibility.coding.userSelected","Immunization.programEligibility.coding.userSelected","","","",0,1,"","","Y","boolean {[]} {[]}
","If this coding was chosen directly by the user","Indicates that this coding was chosen by a user directly - e.g. off a pick list of available items (codes or displays).","Amongst a set of alternatives, a directly chosen code is the most appropriate starting point for new translations. There is some ambiguity about what exactly 'directly chosen' implies, and trading partner agreement may be needed to clarify the use of this element and its consequences more completely.","This has been identified as a clinical safety criterium - that this exact system/code pair was chosen explicitly, rather than inferred by the system based on some rules or language processing.","","","","","","","",,,,,"",,,,"Coding.userSelected",0,1,"","ele-1:All FHIR elements must have a @value or children {hasValue() or (children().count() > id.count())}
","Sometimes implied by being first","CD.codingRationale"
"Immunization.programEligibility.text","Immunization.programEligibility.text","","","",0,1,"","","Y","string {[]} {[]}
","Plain text representation of the concept","A human language representation of the concept as seen/selected/uttered by the user who entered the data and/or which represents the intended meaning of the user.","Very often the text is the same as a displayName of one of the codings.","The codes from the terminologies do not always capture the correct meaning with all the nuances of the human using them, or sometimes there is no appropriate code at all. In these cases, the text is used to capture the full meaning of the source.","","","","","","","",,,,,"",,,,"CodeableConcept.text",0,1,"","ele-1:All FHIR elements must have a @value or children {hasValue() or (children().count() > id.count())}
","C*E.9. But note many systems use C*E.2 for this","./originalText[mediaType/code=""text/plain""]/data"
"Immunization.fundingSource","Immunization.fundingSource","","","",0,1,"","","","CodeableConcept {[]} {[]}
","Funding source for the vaccine","Indicates the source of the vaccine actually administered. This may be different than the patient eligibility (e.g. the patient may be eligible for a publically purchased vaccine but due to inventory issues, vaccine purchased with private funds was actually administered).","","","","","","","","","",,"example","The source of funding used to purchase the vaccine administered.","http://hl7.org/fhir/ValueSet/immunization-funding-source","",,,,"Immunization.fundingSource",0,1,"","ele-1:All FHIR elements must have a @value or children {hasValue() or (children().count() > id.count())}
","N/A"
"Immunization.reaction","Immunization.reaction","","","",0,*,"Y","","","BackboneElement {[]} {[]}
","Detalles de una reacción que proviene de la inmunización","Categorical data indicating that an adverse event is associated in time to an immunization.","A reaction may be an indication of an allergy or intolerance and, if this is determined to be the case, it should be recorded as a new AllergyIntolerance resource instance as most systems will not query against past Immunization.reaction elements.","","","","","","","","",,,,,"",,,,"Immunization.reaction",0,*,"","ele-1:All FHIR elements must have a @value or children {hasValue() or (children().count() > id.count())}
","OBX-3","Observation[classCode=obs].code"
"Immunization.reaction.id","Immunization.reaction.id","","","",0,1,"","","","string {[]} {[]}
","Unique id for inter-element referencing","Unique id for the element within a resource (for internal references). This may be any string value that does not contain spaces.","","","","","","","","","",,,,,"",,,,"Element.id",0,1,"","","n/a"
"Immunization.reaction.extension","Immunization.reaction.extension","","extensions
user content","",0,*,"","","","Extension {[]} {[]}
","Additional content defined by implementations","May be used to represent additional information that is not part of the basic definition of the element. To make the use of extensions safe and manageable, there is a strict set of governance  applied to the definition and use of extensions. Though any implementer can define an extension, there is a set of requirements that SHALL be met as part of the definition of the extension.","There can be no stigma associated with the use of extensions by any application, project, or standard - regardless of the institution or jurisdiction that uses or defines the extensions.  The use of extensions is what allows the FHIR specification to retain a core level of simplicity for everyone.","","","","","","","","",,,,,"",,,,"Element.extension",0,*,"","ele-1:All FHIR elements must have a @value or children {hasValue() or (children().count() > id.count())}
ext-1:Must have either extensions or value[x], not both {extension.exists() != value.exists()}","n/a"
"Immunization.reaction.modifierExtension","Immunization.reaction.modifierExtension","","extensions
user contentmodifiers","",0,*,"","Y","Y","Extension {[]} {[]}
","Extensions that cannot be ignored even if unrecognized","May be used to represent additional information that is not part of the basic definition of the element and that modifies the understanding of the element in which it is contained and/or the understanding of the containing element's descendants. Usually modifier elements provide negation or qualification. To make the use of extensions safe and manageable, there is a strict set of governance applied to the definition and use of extensions. Though any implementer can define an extension, there is a set of requirements that SHALL be met as part of the definition of the extension. Applications processing a resource are required to check for modifier extensions.

Modifier extensions SHALL NOT change the meaning of any elements on Resource or DomainResource (including cannot change the meaning of modifierExtension itself).","There can be no stigma associated with the use of extensions by any application, project, or standard - regardless of the institution or jurisdiction that uses or defines the extensions.  The use of extensions is what allows the FHIR specification to retain a core level of simplicity for everyone.","Modifier extensions allow for extensions that *cannot* be safely ignored to be clearly distinguished from the vast majority of extensions which can be safely ignored.  This promotes interoperability by eliminating the need for implementers to prohibit the presence of extensions. For further information, see the [definition of modifier extensions](http://hl7.org/fhir/R4/extensibility.html#modifierExtension).","","","","","","","",,,,,"",,,,"BackboneElement.modifierExtension",0,*,"","ele-1:All FHIR elements must have a @value or children {hasValue() or (children().count() > id.count())}
ext-1:Must have either extensions or value[x], not both {extension.exists() != value.exists()}","N/A"
"Immunization.reaction.date","Immunization.reaction.date","","","",0,1,"","","","dateTime {[]} {[]}
","Cuándo comenzó la reacción","Fecha de reacción a la inmunización","","","","","","","","","",,,,,"",,,,"Immunization.reaction.date",0,1,"","ele-1:All FHIR elements must have a @value or children {hasValue() or (children().count() > id.count())}
","OBX-14 (ideally this would be reported in an IAM segment, but IAM is not part of the HL7 v2 VXU message - most likely would appear in OBX segments if at all)",".effectiveTime"
"Immunization.reaction.detail","Immunization.reaction.detail","","","",0,1,"","","","Reference {[]} {[CanonicalType[http://hl7.org/fhir/StructureDefinition/Observation]]}
","Additional information on reaction","Details of the reaction.","","","","","","","","","",,,,,"",,,,"Immunization.reaction.detail",0,1,"","ele-1:All FHIR elements must have a @value or children {hasValue() or (children().count() > id.count())}
","OBX-5",".value"
"Immunization.reaction.reported","Immunization.reaction.reported","","","",0,1,"","","","boolean {[]} {[]}
","Indica si se reportó reacción adversa a la vacuna","Reporte de reacción adversa a la vacuna","","","","","","","","","",,,,,"",,,,"Immunization.reaction.reported",0,1,"","ele-1:All FHIR elements must have a @value or children {hasValue() or (children().count() > id.count())}
","(HL7 v2 doesn't seem to provide for this)",".participation[typeCode=INF].role[classCode=PAT] (this syntax for self-reported=true)"
"Immunization.protocolApplied","Immunization.protocolApplied","","","",0,*,"Y","","","BackboneElement {[]} {[]}
","Protocolo seguido por el proveedor","El protocolo (conjunto de recomendaciones) que sigue el proveedor que administró la dosis","","","","","","","","","",,,,,"",,,,"Immunization.protocolApplied",0,*,"","ele-1:All FHIR elements must have a @value or children {hasValue() or (children().count() > id.count())}
","N/A"
"Immunization.protocolApplied.id","Immunization.protocolApplied.id","","","",0,1,"","","","string {[]} {[]}
","Unique id for inter-element referencing","Unique id for the element within a resource (for internal references). This may be any string value that does not contain spaces.","","","","","","","","","",,,,,"",,,,"Element.id",0,1,"","","n/a"
"Immunization.protocolApplied.extension","Immunization.protocolApplied.extension","","extensions
user content","",0,*,"","","","Extension {[]} {[]}
","Additional content defined by implementations","May be used to represent additional information that is not part of the basic definition of the element. To make the use of extensions safe and manageable, there is a strict set of governance  applied to the definition and use of extensions. Though any implementer can define an extension, there is a set of requirements that SHALL be met as part of the definition of the extension.","There can be no stigma associated with the use of extensions by any application, project, or standard - regardless of the institution or jurisdiction that uses or defines the extensions.  The use of extensions is what allows the FHIR specification to retain a core level of simplicity for everyone.","","","","","","","","",,,,,"",,,,"Element.extension",0,*,"","ele-1:All FHIR elements must have a @value or children {hasValue() or (children().count() > id.count())}
ext-1:Must have either extensions or value[x], not both {extension.exists() != value.exists()}","n/a"
"Immunization.protocolApplied.modifierExtension","Immunization.protocolApplied.modifierExtension","","extensions
user contentmodifiers","",0,*,"","Y","Y","Extension {[]} {[]}
","Extensions that cannot be ignored even if unrecognized","May be used to represent additional information that is not part of the basic definition of the element and that modifies the understanding of the element in which it is contained and/or the understanding of the containing element's descendants. Usually modifier elements provide negation or qualification. To make the use of extensions safe and manageable, there is a strict set of governance applied to the definition and use of extensions. Though any implementer can define an extension, there is a set of requirements that SHALL be met as part of the definition of the extension. Applications processing a resource are required to check for modifier extensions.

Modifier extensions SHALL NOT change the meaning of any elements on Resource or DomainResource (including cannot change the meaning of modifierExtension itself).","There can be no stigma associated with the use of extensions by any application, project, or standard - regardless of the institution or jurisdiction that uses or defines the extensions.  The use of extensions is what allows the FHIR specification to retain a core level of simplicity for everyone.","Modifier extensions allow for extensions that *cannot* be safely ignored to be clearly distinguished from the vast majority of extensions which can be safely ignored.  This promotes interoperability by eliminating the need for implementers to prohibit the presence of extensions. For further information, see the [definition of modifier extensions](http://hl7.org/fhir/R4/extensibility.html#modifierExtension).","","","","","","","",,,,,"",,,,"BackboneElement.modifierExtension",0,*,"","ele-1:All FHIR elements must have a @value or children {hasValue() or (children().count() > id.count())}
ext-1:Must have either extensions or value[x], not both {extension.exists() != value.exists()}","N/A"
"Immunization.protocolApplied.series","Immunization.protocolApplied.series","","","",0,1,"","","","string {[]} {[]}
","Name of vaccine series","One possible path to achieve presumed immunity against a disease - within the context of an authority.","","","","","","","","","",,,,,"",,,,"Immunization.protocolApplied.series",0,1,"","ele-1:All FHIR elements must have a @value or children {hasValue() or (children().count() > id.count())}
","N/A"
"Immunization.protocolApplied.authority","Immunization.protocolApplied.authority","","","",0,1,"","","","Reference {[]} {[CanonicalType[http://hl7.org/fhir/StructureDefinition/Organization]]}
","Who is responsible for publishing the recommendations","Indicates the authority who published the protocol (e.g. ACIP) that is being followed.","","","","","","","","","",,,,,"",,,,"Immunization.protocolApplied.authority",0,1,"","ele-1:All FHIR elements must have a @value or children {hasValue() or (children().count() > id.count())}
","N/A"
"Immunization.protocolApplied.targetDisease","Immunization.protocolApplied.targetDisease","","","",0,*,"","","","CodeableConcept {[]} {[]}
","Vaccine preventatable disease being targetted","The vaccine preventable disease the dose is being administered against.","","","","","","","","","",,"example","The vaccine preventable disease the dose is being administered for.","http://hl7.org/fhir/ValueSet/immunization-target-disease","",,,,"Immunization.protocolApplied.targetDisease",0,*,"","ele-1:All FHIR elements must have a @value or children {hasValue() or (children().count() > id.count())}
","N/A"
"Immunization.protocolApplied.doseNumber[x]","Immunization.protocolApplied.doseNumber[x]","","","",1,1,"","","","positiveInt {[]} {[]}
string {[]} {[]}","Dose number within series","Nominal position in a series.","The use of an integer is preferred if known. A string should only be used in cases where an integer is not available (such as when documenting a recurring booster dose).","","","","","","","","",,,,,"",,,,"Immunization.protocolApplied.doseNumber[x]",1,1,"","ele-1:All FHIR elements must have a @value or children {hasValue() or (children().count() > id.count())}
","N/A"
"Immunization.protocolApplied.seriesDoses[x]","Immunization.protocolApplied.seriesDoses[x]","","","",0,1,"","","","positiveInt {[]} {[]}
string {[]} {[]}","Recommended number of doses for immunity","The recommended number of doses to achieve immunity.","The use of an integer is preferred if known. A string should only be used in cases where an integer is not available (such as when documenting a recurring booster dose).","","","","","","","","",,,,,"",,,,"Immunization.protocolApplied.seriesDoses[x]",0,1,"","ele-1:All FHIR elements must have a @value or children {hasValue() or (children().count() > id.count())}
","N/A"
