<?xml version="1.0" encoding="UTF-8"?><CodeSystem xmlns="http://hl7.org/fhir"><id value="CSRazonNOTinm"/><language value="es"/><text><status value="generated"/><div xmlns="http://www.w3.org/1999/xhtml" xml:lang="es" lang="es"><p class="res-header-id"><b>Generated Narrative: CodeSystem CSRazonNOTinm</b></p><a name="CSRazonNOTinm"> </a><a name="hcCSRazonNOTinm"> </a><a name="CSRazonNOTinm-es-CL"> </a><div style="display: inline-block; background-color: #d9e0e7; padding: 6px; margin: 4px; border: 1px solid #8da1b4; border-radius: 5px; line-height: 60%"><p style="margin-bottom: 0px">Language: es</p></div><p>This case-sensitive code system <code>https://hl7chile.cl/fhir/ig/clcore/CodeSystem/CSRazonNOTinm</code> defines the following codes:</p><table class="codes"><tr><td style="white-space:nowrap"><b>Code</b></td><td><b>Display</b></td></tr><tr><td style="white-space:nowrap">solicitudPaci<a name="CSRazonNOTinm-solicitudPaci"> </a></td><td>Solicitud del paciente</td></tr><tr><td style="white-space:nowrap">otras<a name="CSRazonNOTinm-otras"> </a></td><td>Otras</td></tr><tr><td style="white-space:nowrap">contraindicación<a name="CSRazonNOTinm-contraindicaci.243n"> </a></td><td>Contraindicación</td></tr><tr><td style="white-space:nowrap">solicitudPad<a name="CSRazonNOTinm-solicitudPad"> </a></td><td>Solicitud de los Padres</td></tr></table></div></text><url value="https://hl7chile.cl/fhir/ig/clcore/CodeSystem/CSRazonNOTinm"/><version value="1.9.3"/><name value="CSRazonNOinmunizacionCL"/><title value="Razones no Inmunización"/><status value="active"/><experimental value="false"/><date value="2022-06-10T00:00:00-03:00"/><publisher value="HL7 Chile"/><contact><name value="HL7 Chile"/><telecom><system value="url"/><value value="http://hl7chile.cl"/></telecom><telecom><system value="email"/><value value="chair@hl7chile.cl"/></telecom></contact><description value="Códigos de las razones por la cual el registro de inmunización no pudo realizarse según indicaciones del Ministerio de Salud"/><jurisdiction><coding><system value="urn:iso:std:iso:3166"/><code value="CL"/><display value="Chile"/></coding></jurisdiction><copyright value="Usado con el permiso de HL7 International, todos los derechos resevados en los Licencias de HL7 Internacional."/><caseSensitive value="true"/><content value="complete"/><count value="4"/><concept><code value="solicitudPaci"/><display value="Solicitud del paciente"/><designation><language value="es"/><use><system value="http://terminology.hl7.org/CodeSystem/designation-usage"/><code value="display"/></use><value value="Solicitud del paciente"/></designation></concept><concept><code value="otras"/><display value="Otras"/><designation><language value="es"/><use><system value="http://terminology.hl7.org/CodeSystem/designation-usage"/><code value="display"/></use><value value="Otras"/></designation></concept><concept><code value="contraindicación"/><display value="Contraindicación"/><designation><language value="es"/><use><system value="http://terminology.hl7.org/CodeSystem/designation-usage"/><code value="display"/></use><value value="Contraindicación"/></designation></concept><concept><code value="solicitudPad"/><display value="Solicitud de los Padres"/><designation><language value="es"/><use><system value="http://terminology.hl7.org/CodeSystem/designation-usage"/><code value="display"/></use><value value="Solicitud de los Padres"/></designation></concept></CodeSystem>