<?xml version="1.0" encoding="UTF-8"?><CodeSystem xmlns="http://hl7.org/fhir"><id value="CSCodigoDNI"/><language value="es"/><text><status value="generated"/><div xmlns="http://www.w3.org/1999/xhtml" xml:lang="es" lang="es"><p class="res-header-id"><b>Generated Narrative: CodeSystem CSCodigoDNI</b></p><a name="CSCodigoDNI"> </a><a name="hcCSCodigoDNI"> </a><a name="CSCodigoDNI-es-CL"> </a><div style="display: inline-block; background-color: #d9e0e7; padding: 6px; margin: 4px; border: 1px solid #8da1b4; border-radius: 5px; line-height: 60%"><p style="margin-bottom: 0px">Language: es</p></div><p>This case-sensitive code system <code>https://hl7chile.cl/fhir/ig/clcore/CodeSystem/CSCodigoDNI</code> defines the following codes:</p><table class="codes"><tr><td style="white-space:nowrap"><b>Code</b></td><td><b>Display</b></td><td><b>Definition</b></td></tr><tr><td style="white-space:nowrap">NNBLZ<a name="CSCodigoDNI-NNBLZ"> </a></td><td>Belice</td><td>Belice</td></tr><tr><td style="white-space:nowrap">NNCRI<a name="CSCodigoDNI-NNCRI"> </a></td><td>Costa Rica</td><td>Costa Rica</td></tr><tr><td style="white-space:nowrap">NNSLV<a name="CSCodigoDNI-NNSLV"> </a></td><td>El Salvador</td><td>El Salvador</td></tr><tr><td style="white-space:nowrap">NNGTM<a name="CSCodigoDNI-NNGTM"> </a></td><td>Guatemala</td><td>Guatemala</td></tr><tr><td style="white-space:nowrap">NNHND<a name="CSCodigoDNI-NNHND"> </a></td><td>Honduras</td><td>Honduras</td></tr><tr><td style="white-space:nowrap">NNMEX<a name="CSCodigoDNI-NNMEX"> </a></td><td>México</td><td>México</td></tr><tr><td style="white-space:nowrap">NNNIC<a name="CSCodigoDNI-NNNIC"> </a></td><td>Nicaragua</td><td>Nicaragua</td></tr><tr><td style="white-space:nowrap">NNPAN<a name="CSCodigoDNI-NNPAN"> </a></td><td>Panamá</td><td>Panamá</td></tr><tr><td style="white-space:nowrap">NNARG<a name="CSCodigoDNI-NNARG"> </a></td><td>Argentina</td><td>Argentina</td></tr><tr><td style="white-space:nowrap">NNBOL<a name="CSCodigoDNI-NNBOL"> </a></td><td>Bolivia</td><td>Bolivia</td></tr><tr><td style="white-space:nowrap">NNBRA<a name="CSCodigoDNI-NNBRA"> </a></td><td>Brasil</td><td>Brasil</td></tr><tr><td style="white-space:nowrap">NNCOL<a name="CSCodigoDNI-NNCOL"> </a></td><td>Colombia</td><td>Colombia</td></tr><tr><td style="white-space:nowrap">NNECU<a name="CSCodigoDNI-NNECU"> </a></td><td>Ecuador</td><td>Ecuador</td></tr><tr><td style="white-space:nowrap">NNGUY<a name="CSCodigoDNI-NNGUY"> </a></td><td>Guyana</td><td>Guyana</td></tr><tr><td style="white-space:nowrap">NNPRY<a name="CSCodigoDNI-NNPRY"> </a></td><td>Paraguay</td><td>Paraguay</td></tr><tr><td style="white-space:nowrap">NNPER<a name="CSCodigoDNI-NNPER"> </a></td><td>Perú</td><td>Perú</td></tr><tr><td style="white-space:nowrap">NNSUR<a name="CSCodigoDNI-NNSUR"> </a></td><td>Surinam</td><td>Surinam</td></tr><tr><td style="white-space:nowrap">NNURY<a name="CSCodigoDNI-NNURY"> </a></td><td>Uruguay</td><td>Uruguay</td></tr><tr><td style="white-space:nowrap">NNVEN<a name="CSCodigoDNI-NNVEN"> </a></td><td>Venezuela</td><td>Venezuela</td></tr><tr><td style="white-space:nowrap">NNCHL<a name="CSCodigoDNI-NNCHL"> </a></td><td>Chile</td><td>Chile</td></tr><tr><td style="white-space:nowrap">NNATG<a name="CSCodigoDNI-NNATG"> </a></td><td>Antigua y Barbuda</td><td>Antigua y Barbuda</td></tr><tr><td style="white-space:nowrap">NNBHS<a name="CSCodigoDNI-NNBHS"> </a></td><td>Bahamas</td><td>Bahamas</td></tr><tr><td style="white-space:nowrap">NNBRB<a name="CSCodigoDNI-NNBRB"> </a></td><td>Barbados</td><td>Barbados</td></tr><tr><td style="white-space:nowrap">NNCUB<a name="CSCodigoDNI-NNCUB"> </a></td><td>Cuba</td><td>Cuba</td></tr><tr><td style="white-space:nowrap">NNDMA<a name="CSCodigoDNI-NNDMA"> </a></td><td>Dominica</td><td>Dominica</td></tr><tr><td style="white-space:nowrap">NNGRD<a name="CSCodigoDNI-NNGRD"> </a></td><td>Granada</td><td>Granada</td></tr><tr><td style="white-space:nowrap">NNHTI<a name="CSCodigoDNI-NNHTI"> </a></td><td>Haití</td><td>Haití</td></tr><tr><td style="white-space:nowrap">NNJAM<a name="CSCodigoDNI-NNJAM"> </a></td><td>Jamaica</td><td>Jamaica</td></tr><tr><td style="white-space:nowrap">NNDOM<a name="CSCodigoDNI-NNDOM"> </a></td><td>República Dominicana</td><td>República Dominicana</td></tr><tr><td style="white-space:nowrap">NNKNA<a name="CSCodigoDNI-NNKNA"> </a></td><td>San Cristóbal y Nieves</td><td>San Cristóbal y Nieves</td></tr><tr><td style="white-space:nowrap">NNLCA<a name="CSCodigoDNI-NNLCA"> </a></td><td>Santa Lucía</td><td>Santa Lucía</td></tr><tr><td style="white-space:nowrap">NNVCT<a name="CSCodigoDNI-NNVCT"> </a></td><td>San Vicente y las Granadinas</td><td>San Vicente y las Granadinas</td></tr><tr><td style="white-space:nowrap">NNTTO<a name="CSCodigoDNI-NNTTO"> </a></td><td>Trinidad y Tobago</td><td>Trinidad y Tobago</td></tr></table></div></text><url value="https://hl7chile.cl/fhir/ig/clcore/CodeSystem/CSCodigoDNI"/><version value="1.9.3"/><name value="CSCodigoDNI"/><title value="Códigos de Documentos DNI para LATAM y el Caribe"/><status value="active"/><experimental value="false"/><date value="2022-01-18T00:00:00-03:00"/><publisher value="HL7 Chile"/><contact><name value="HL7 Chile"/><telecom><system value="url"/><value value="http://hl7chile.cl"/></telecom><telecom><system value="email"/><value value="chair@hl7chile.cl"/></telecom></contact><description value="Códigos para los DNI de países de America Latina y el Caribe según indicaciones de VS HL7 de V3"/><jurisdiction><coding><system value="urn:iso:std:iso:3166"/><code value="CL"/><display value="Chile"/></coding></jurisdiction><copyright value="Usado con el permiso de HL7 International, todos los derechos resevados en los Licencias de HL7 Internacional."/><caseSensitive value="true"/><content value="complete"/><count value="33"/><concept><code value="NNBLZ"/><display value="Belice"/><definition value="Belice"/><designation><language value="es"/><use><system value="http://terminology.hl7.org/CodeSystem/designation-usage"/><code value="display"/></use><value value="Belice"/></designation><designation><language value="es"/><use><system value="http://terminology.hl7.org/CodeSystem/designation-usage"/><code value="display"/></use><value value="Belice"/></designation></concept><concept><code value="NNCRI"/><display value="Costa Rica"/><definition value="Costa Rica"/><designation><language value="es"/><use><system value="http://terminology.hl7.org/CodeSystem/designation-usage"/><code value="display"/></use><value value="Costa Rica"/></designation><designation><language value="es"/><use><system value="http://terminology.hl7.org/CodeSystem/designation-usage"/><code value="display"/></use><value value="Costa Rica"/></designation></concept><concept><code value="NNSLV"/><display value="El Salvador"/><definition value="El Salvador"/><designation><language value="es"/><use><system value="http://terminology.hl7.org/CodeSystem/designation-usage"/><code value="display"/></use><value value="El Salvador"/></designation><designation><language value="es"/><use><system value="http://terminology.hl7.org/CodeSystem/designation-usage"/><code value="display"/></use><value value="El Salvador"/></designation></concept><concept><code value="NNGTM"/><display value="Guatemala"/><definition value="Guatemala"/><designation><language value="es"/><use><system value="http://terminology.hl7.org/CodeSystem/designation-usage"/><code value="display"/></use><value value="Guatemala"/></designation><designation><language value="es"/><use><system value="http://terminology.hl7.org/CodeSystem/designation-usage"/><code value="display"/></use><value value="Guatemala"/></designation></concept><concept><code value="NNHND"/><display value="Honduras"/><definition value="Honduras"/><designation><language value="es"/><use><system value="http://terminology.hl7.org/CodeSystem/designation-usage"/><code value="display"/></use><value value="Honduras"/></designation><designation><language value="es"/><use><system value="http://terminology.hl7.org/CodeSystem/designation-usage"/><code value="display"/></use><value value="Honduras"/></designation></concept><concept><code value="NNMEX"/><display value="México"/><definition value="México"/><designation><language value="es"/><use><system value="http://terminology.hl7.org/CodeSystem/designation-usage"/><code value="display"/></use><value value="México"/></designation><designation><language value="es"/><use><system value="http://terminology.hl7.org/CodeSystem/designation-usage"/><code value="display"/></use><value value="México"/></designation></concept><concept><code value="NNNIC"/><display value="Nicaragua"/><definition value="Nicaragua"/><designation><language value="es"/><use><system value="http://terminology.hl7.org/CodeSystem/designation-usage"/><code value="display"/></use><value value="Nicaragua"/></designation><designation><language value="es"/><use><system value="http://terminology.hl7.org/CodeSystem/designation-usage"/><code value="display"/></use><value value="Nicaragua"/></designation></concept><concept><code value="NNPAN"/><display value="Panamá"/><definition value="Panamá"/><designation><language value="es"/><use><system value="http://terminology.hl7.org/CodeSystem/designation-usage"/><code value="display"/></use><value value="Panamá"/></designation><designation><language value="es"/><use><system value="http://terminology.hl7.org/CodeSystem/designation-usage"/><code value="display"/></use><value value="Panamá"/></designation></concept><concept><code value="NNARG"/><display value="Argentina"/><definition value="Argentina"/><designation><language value="es"/><use><system value="http://terminology.hl7.org/CodeSystem/designation-usage"/><code value="display"/></use><value value="Argentina"/></designation><designation><language value="es"/><use><system value="http://terminology.hl7.org/CodeSystem/designation-usage"/><code value="display"/></use><value value="Argentina"/></designation></concept><concept><code value="NNBOL"/><display value="Bolivia"/><definition value="Bolivia"/><designation><language value="es"/><use><system value="http://terminology.hl7.org/CodeSystem/designation-usage"/><code value="display"/></use><value value="Bolivia"/></designation><designation><language value="es"/><use><system value="http://terminology.hl7.org/CodeSystem/designation-usage"/><code value="display"/></use><value value="Bolivia"/></designation></concept><concept><code value="NNBRA"/><display value="Brasil"/><definition value="Brasil"/><designation><language value="es"/><use><system value="http://terminology.hl7.org/CodeSystem/designation-usage"/><code value="display"/></use><value value="Brasil"/></designation><designation><language value="es"/><use><system value="http://terminology.hl7.org/CodeSystem/designation-usage"/><code value="display"/></use><value value="Brasil"/></designation></concept><concept><code value="NNCOL"/><display value="Colombia"/><definition value="Colombia"/><designation><language value="es"/><use><system value="http://terminology.hl7.org/CodeSystem/designation-usage"/><code value="display"/></use><value value="Colombia"/></designation><designation><language value="es"/><use><system value="http://terminology.hl7.org/CodeSystem/designation-usage"/><code value="display"/></use><value value="Colombia"/></designation></concept><concept><code value="NNECU"/><display value="Ecuador"/><definition value="Ecuador"/><designation><language value="es"/><use><system value="http://terminology.hl7.org/CodeSystem/designation-usage"/><code value="display"/></use><value value="Ecuador"/></designation><designation><language value="es"/><use><system value="http://terminology.hl7.org/CodeSystem/designation-usage"/><code value="display"/></use><value value="Ecuador"/></designation></concept><concept><code value="NNGUY"/><display value="Guyana"/><definition value="Guyana"/><designation><language value="es"/><use><system value="http://terminology.hl7.org/CodeSystem/designation-usage"/><code value="display"/></use><value value="Guyana"/></designation><designation><language value="es"/><use><system value="http://terminology.hl7.org/CodeSystem/designation-usage"/><code value="display"/></use><value value="Guyana"/></designation></concept><concept><code value="NNPRY"/><display value="Paraguay"/><definition value="Paraguay"/><designation><language value="es"/><use><system value="http://terminology.hl7.org/CodeSystem/designation-usage"/><code value="display"/></use><value value="Paraguay"/></designation><designation><language value="es"/><use><system value="http://terminology.hl7.org/CodeSystem/designation-usage"/><code value="display"/></use><value value="Paraguay"/></designation></concept><concept><code value="NNPER"/><display value="Perú"/><definition value="Perú"/><designation><language value="es"/><use><system value="http://terminology.hl7.org/CodeSystem/designation-usage"/><code value="display"/></use><value value="Perú"/></designation><designation><language value="es"/><use><system value="http://terminology.hl7.org/CodeSystem/designation-usage"/><code value="display"/></use><value value="Perú"/></designation></concept><concept><code value="NNSUR"/><display value="Surinam"/><definition value="Surinam"/><designation><language value="es"/><use><system value="http://terminology.hl7.org/CodeSystem/designation-usage"/><code value="display"/></use><value value="Surinam"/></designation><designation><language value="es"/><use><system value="http://terminology.hl7.org/CodeSystem/designation-usage"/><code value="display"/></use><value value="Surinam"/></designation></concept><concept><code value="NNURY"/><display value="Uruguay"/><definition value="Uruguay"/><designation><language value="es"/><use><system value="http://terminology.hl7.org/CodeSystem/designation-usage"/><code value="display"/></use><value value="Uruguay"/></designation><designation><language value="es"/><use><system value="http://terminology.hl7.org/CodeSystem/designation-usage"/><code value="display"/></use><value value="Uruguay"/></designation></concept><concept><code value="NNVEN"/><display value="Venezuela"/><definition value="Venezuela"/><designation><language value="es"/><use><system value="http://terminology.hl7.org/CodeSystem/designation-usage"/><code value="display"/></use><value value="Venezuela"/></designation><designation><language value="es"/><use><system value="http://terminology.hl7.org/CodeSystem/designation-usage"/><code value="display"/></use><value value="Venezuela"/></designation></concept><concept><code value="NNCHL"/><display value="Chile"/><definition value="Chile"/><designation><language value="es"/><use><system value="http://terminology.hl7.org/CodeSystem/designation-usage"/><code value="display"/></use><value value="Chile"/></designation><designation><language value="es"/><use><system value="http://terminology.hl7.org/CodeSystem/designation-usage"/><code value="display"/></use><value value="Chile"/></designation></concept><concept><code value="NNATG"/><display value="Antigua y Barbuda"/><definition value="Antigua y Barbuda"/><designation><language value="es"/><use><system value="http://terminology.hl7.org/CodeSystem/designation-usage"/><code value="display"/></use><value value="Antigua y Barbuda"/></designation><designation><language value="es"/><use><system value="http://terminology.hl7.org/CodeSystem/designation-usage"/><code value="display"/></use><value value="Antigua y Barbuda"/></designation></concept><concept><code value="NNBHS"/><display value="Bahamas"/><definition value="Bahamas"/><designation><language value="es"/><use><system value="http://terminology.hl7.org/CodeSystem/designation-usage"/><code value="display"/></use><value value="Bahamas"/></designation><designation><language value="es"/><use><system value="http://terminology.hl7.org/CodeSystem/designation-usage"/><code value="display"/></use><value value="Bahamas"/></designation></concept><concept><code value="NNBRB"/><display value="Barbados"/><definition value="Barbados"/><designation><language value="es"/><use><system value="http://terminology.hl7.org/CodeSystem/designation-usage"/><code value="display"/></use><value value="Barbados"/></designation><designation><language value="es"/><use><system value="http://terminology.hl7.org/CodeSystem/designation-usage"/><code value="display"/></use><value value="Barbados"/></designation></concept><concept><code value="NNCUB"/><display value="Cuba"/><definition value="Cuba"/><designation><language value="es"/><use><system value="http://terminology.hl7.org/CodeSystem/designation-usage"/><code value="display"/></use><value value="Cuba"/></designation><designation><language value="es"/><use><system value="http://terminology.hl7.org/CodeSystem/designation-usage"/><code value="display"/></use><value value="Cuba"/></designation></concept><concept><code value="NNDMA"/><display value="Dominica"/><definition value="Dominica"/><designation><language value="es"/><use><system value="http://terminology.hl7.org/CodeSystem/designation-usage"/><code value="display"/></use><value value="Dominica"/></designation><designation><language value="es"/><use><system value="http://terminology.hl7.org/CodeSystem/designation-usage"/><code value="display"/></use><value value="Dominica"/></designation></concept><concept><code value="NNGRD"/><display value="Granada"/><definition value="Granada"/><designation><language value="es"/><use><system value="http://terminology.hl7.org/CodeSystem/designation-usage"/><code value="display"/></use><value value="Granada"/></designation><designation><language value="es"/><use><system value="http://terminology.hl7.org/CodeSystem/designation-usage"/><code value="display"/></use><value value="Granada"/></designation></concept><concept><code value="NNHTI"/><display value="Haití"/><definition value="Haití"/><designation><language value="es"/><use><system value="http://terminology.hl7.org/CodeSystem/designation-usage"/><code value="display"/></use><value value="Haití"/></designation><designation><language value="es"/><use><system value="http://terminology.hl7.org/CodeSystem/designation-usage"/><code value="display"/></use><value value="Haití"/></designation></concept><concept><code value="NNJAM"/><display value="Jamaica"/><definition value="Jamaica"/><designation><language value="es"/><use><system value="http://terminology.hl7.org/CodeSystem/designation-usage"/><code value="display"/></use><value value="Jamaica"/></designation><designation><language value="es"/><use><system value="http://terminology.hl7.org/CodeSystem/designation-usage"/><code value="display"/></use><value value="Jamaica"/></designation></concept><concept><code value="NNDOM"/><display value="República Dominicana"/><definition value="República Dominicana"/><designation><language value="es"/><use><system value="http://terminology.hl7.org/CodeSystem/designation-usage"/><code value="display"/></use><value value="República Dominicana"/></designation><designation><language value="es"/><use><system value="http://terminology.hl7.org/CodeSystem/designation-usage"/><code value="display"/></use><value value="República Dominicana"/></designation></concept><concept><code value="NNKNA"/><display value="San Cristóbal y Nieves"/><definition value="San Cristóbal y Nieves"/><designation><language value="es"/><use><system value="http://terminology.hl7.org/CodeSystem/designation-usage"/><code value="display"/></use><value value="San Cristóbal y Nieves"/></designation><designation><language value="es"/><use><system value="http://terminology.hl7.org/CodeSystem/designation-usage"/><code value="display"/></use><value value="San Cristóbal y Nieves"/></designation></concept><concept><code value="NNLCA"/><display value="Santa Lucía"/><definition value="Santa Lucía"/><designation><language value="es"/><use><system value="http://terminology.hl7.org/CodeSystem/designation-usage"/><code value="display"/></use><value value="Santa Lucía"/></designation><designation><language value="es"/><use><system value="http://terminology.hl7.org/CodeSystem/designation-usage"/><code value="display"/></use><value value="Santa Lucía"/></designation></concept><concept><code value="NNVCT"/><display value="San Vicente y las Granadinas"/><definition value="San Vicente y las Granadinas"/><designation><language value="es"/><use><system value="http://terminology.hl7.org/CodeSystem/designation-usage"/><code value="display"/></use><value value="San Vicente y las Granadinas"/></designation><designation><language value="es"/><use><system value="http://terminology.hl7.org/CodeSystem/designation-usage"/><code value="display"/></use><value value="San Vicente y las Granadinas"/></designation></concept><concept><code value="NNTTO"/><display value="Trinidad y Tobago"/><definition value="Trinidad y Tobago"/><designation><language value="es"/><use><system value="http://terminology.hl7.org/CodeSystem/designation-usage"/><code value="display"/></use><value value="Trinidad y Tobago"/></designation><designation><language value="es"/><use><system value="http://terminology.hl7.org/CodeSystem/designation-usage"/><code value="display"/></use><value value="Trinidad y Tobago"/></designation></concept></CodeSystem>