<?xml version="1.0" encoding="UTF-8"?><CodeSystem xmlns="http://hl7.org/fhir"><id value="CSTipoIdentificador"/><language value="es"/><text><status value="generated"/><div xmlns="http://www.w3.org/1999/xhtml" xml:lang="es" lang="es"><p class="res-header-id"><b>Generated Narrative: CodeSystem CSTipoIdentificador</b></p><a name="CSTipoIdentificador"> </a><a name="hcCSTipoIdentificador"> </a><a name="CSTipoIdentificador-es-CL"> </a><div style="display: inline-block; background-color: #d9e0e7; padding: 6px; margin: 4px; border: 1px solid #8da1b4; border-radius: 5px; line-height: 60%"><p style="margin-bottom: 0px">Language: es</p></div><p>This case-sensitive code system <code>https://hl7chile.cl/fhir/ig/clcore/CodeSystem/CSTipoIdentificador</code> defines the following codes:</p><table class="codes"><tr><td style="white-space:nowrap"><b>Code</b></td><td><b>Display</b></td><td><b>Definition</b></td></tr><tr><td style="white-space:nowrap">01<a name="CSTipoIdentificador-01"> </a></td><td>RUN</td><td>Rol Único Nacional</td></tr><tr><td style="white-space:nowrap">02<a name="CSTipoIdentificador-02"> </a></td><td>RUN Provisorio</td><td>RUN provisorio (Artículo 44)</td></tr><tr><td style="white-space:nowrap">03<a name="CSTipoIdentificador-03"> </a></td><td>RUN Madre</td><td>RUN Madre (para recién nacido)</td></tr><tr><td style="white-space:nowrap">04<a name="CSTipoIdentificador-04"> </a></td><td>Número Folio</td><td>Número Folio Comprobante de Parto chileno</td></tr><tr><td style="white-space:nowrap">05<a name="CSTipoIdentificador-05"> </a></td><td>PPN</td><td>Pasaporte</td></tr><tr><td style="white-space:nowrap">06<a name="CSTipoIdentificador-06"> </a></td><td>Documento de identificación del país de origen</td><td>Documento de identificación del país de origen</td></tr><tr><td style="white-space:nowrap">07<a name="CSTipoIdentificador-07"> </a></td><td>Acta de nacimiento del país de origen</td><td>Acta de nacimiento del país de origen</td></tr><tr><td style="white-space:nowrap">08<a name="CSTipoIdentificador-08"> </a></td><td>NIP</td><td>Número de Identificación Provisorio (NIP)</td></tr><tr><td style="white-space:nowrap">09<a name="CSTipoIdentificador-09"> </a></td><td>NIC</td><td>Número Identificatorio para cotizar (NIC)</td></tr><tr><td style="white-space:nowrap">10<a name="CSTipoIdentificador-10"> </a></td><td>IPA</td><td>Identificación Provisoria del Apoderado (IPA)</td></tr><tr><td style="white-space:nowrap">11<a name="CSTipoIdentificador-11"> </a></td><td>IPE</td><td>Identificación Provisoria del Escolar (IPE)</td></tr><tr><td style="white-space:nowrap">12<a name="CSTipoIdentificador-12"> </a></td><td>Número de Ficha Clínica Sistema Local</td><td>Número de Ficha Clínica Sistema Local</td></tr><tr><td style="white-space:nowrap">13<a name="CSTipoIdentificador-13"> </a></td><td>RNPI</td><td>Registro Nacional de Prestadores Individuales</td></tr><tr><td style="white-space:nowrap">14<a name="CSTipoIdentificador-14"> </a></td><td>OTRO</td><td>Otro tipo de identificador</td></tr></table></div></text><url value="https://hl7chile.cl/fhir/ig/clcore/CodeSystem/CSTipoIdentificador"/><version value="1.9.3"/><name value="CSTipoIdentificador"/><title value="Tipo Identificador"/><status value="active"/><experimental value="false"/><date value="2023-07-03T00:00:00-03:00"/><publisher value="HL7 Chile"/><contact><name value="HL7 Chile"/><telecom><system value="url"/><value value="http://hl7chile.cl"/></telecom><telecom><system value="email"/><value value="chair@hl7chile.cl"/></telecom></contact><description value="Tipo Identificador"/><jurisdiction><coding><system value="urn:iso:std:iso:3166"/><code value="CL"/><display value="Chile"/></coding></jurisdiction><copyright value="Usado con el permiso de HL7 International, todos los derechos resevados en los Licencias de HL7 Internacional."/><caseSensitive value="true"/><content value="complete"/><count value="14"/><concept><code value="01"/><display value="RUN"/><definition value="Rol Único Nacional"/><designation><language value="es"/><use><system value="http://terminology.hl7.org/CodeSystem/designation-usage"/><code value="display"/></use><value value="RUN"/></designation><designation><language value="es"/><use><system value="http://terminology.hl7.org/CodeSystem/designation-usage"/><code value="display"/></use><value value="RUN"/></designation><designation><language value="es"/><use><system value="http://terminology.hl7.org/CodeSystem/designation-usage"/><code value="display"/></use><value value="RUN"/></designation><designation><language value="es"/><use><system value="http://terminology.hl7.org/CodeSystem/designation-usage"/><code value="display"/></use><value value="RUN"/></designation></concept><concept><code value="02"/><display value="RUN Provisorio"/><definition value="RUN provisorio (Artículo 44)"/><designation><language value="es"/><use><system value="http://terminology.hl7.org/CodeSystem/designation-usage"/><code value="display"/></use><value value="RUN Provisorio"/></designation><designation><language value="es"/><use><system value="http://terminology.hl7.org/CodeSystem/designation-usage"/><code value="display"/></use><value value="RUN Provisorio"/></designation><designation><language value="es"/><use><system value="http://terminology.hl7.org/CodeSystem/designation-usage"/><code value="display"/></use><value value="RUN Provisorio"/></designation><designation><language value="es"/><use><system value="http://terminology.hl7.org/CodeSystem/designation-usage"/><code value="display"/></use><value value="RUN Provisorio"/></designation></concept><concept><code value="03"/><display value="RUN Madre"/><definition value="RUN Madre (para recién nacido)"/><designation><language value="es"/><use><system value="http://terminology.hl7.org/CodeSystem/designation-usage"/><code value="display"/></use><value value="RUN Madre"/></designation><designation><language value="es"/><use><system value="http://terminology.hl7.org/CodeSystem/designation-usage"/><code value="display"/></use><value value="RUN Madre"/></designation><designation><language value="es"/><use><system value="http://terminology.hl7.org/CodeSystem/designation-usage"/><code value="display"/></use><value value="RUN Madre"/></designation><designation><language value="es"/><use><system value="http://terminology.hl7.org/CodeSystem/designation-usage"/><code value="display"/></use><value value="RUN Madre"/></designation></concept><concept><code value="04"/><display value="Número Folio"/><definition value="Número Folio Comprobante de Parto chileno"/><designation><language value="es"/><use><system value="http://terminology.hl7.org/CodeSystem/designation-usage"/><code value="display"/></use><value value="Número Folio"/></designation><designation><language value="es"/><use><system value="http://terminology.hl7.org/CodeSystem/designation-usage"/><code value="display"/></use><value value="Número Folio"/></designation><designation><language value="es"/><use><system value="http://terminology.hl7.org/CodeSystem/designation-usage"/><code value="display"/></use><value value="Número Folio"/></designation><designation><language value="es"/><use><system value="http://terminology.hl7.org/CodeSystem/designation-usage"/><code value="display"/></use><value value="Número Folio"/></designation></concept><concept><code value="05"/><display value="PPN"/><definition value="Pasaporte"/><designation><language value="es"/><use><system value="http://terminology.hl7.org/CodeSystem/designation-usage"/><code value="display"/></use><value value="PPN"/></designation><designation><language value="es"/><use><system value="http://terminology.hl7.org/CodeSystem/designation-usage"/><code value="display"/></use><value value="PPN"/></designation><designation><language value="es"/><use><system value="http://terminology.hl7.org/CodeSystem/designation-usage"/><code value="display"/></use><value value="PPN"/></designation><designation><language value="es"/><use><system value="http://terminology.hl7.org/CodeSystem/designation-usage"/><code value="display"/></use><value value="PPN"/></designation></concept><concept><code value="06"/><display value="Documento de identificación del país de origen"/><definition value="Documento de identificación del país de origen"/><designation><language value="es"/><use><system value="http://terminology.hl7.org/CodeSystem/designation-usage"/><code value="display"/></use><value value="Documento de identificación del país de origen"/></designation><designation><language value="es"/><use><system value="http://terminology.hl7.org/CodeSystem/designation-usage"/><code value="display"/></use><value value="Documento de identificación del país de origen"/></designation><designation><language value="es"/><use><system value="http://terminology.hl7.org/CodeSystem/designation-usage"/><code value="display"/></use><value value="Documento de identificación del país de origen"/></designation><designation><language value="es"/><use><system value="http://terminology.hl7.org/CodeSystem/designation-usage"/><code value="display"/></use><value value="Documento de identificación del país de origen"/></designation></concept><concept><code value="07"/><display value="Acta de nacimiento del país de origen"/><definition value="Acta de nacimiento del país de origen"/><designation><language value="es"/><use><system value="http://terminology.hl7.org/CodeSystem/designation-usage"/><code value="display"/></use><value value="Acta de nacimiento del país de origen"/></designation><designation><language value="es"/><use><system value="http://terminology.hl7.org/CodeSystem/designation-usage"/><code value="display"/></use><value value="Acta de nacimiento del país de origen"/></designation><designation><language value="es"/><use><system value="http://terminology.hl7.org/CodeSystem/designation-usage"/><code value="display"/></use><value value="Acta de nacimiento del país de origen"/></designation><designation><language value="es"/><use><system value="http://terminology.hl7.org/CodeSystem/designation-usage"/><code value="display"/></use><value value="Acta de nacimiento del país de origen"/></designation></concept><concept><code value="08"/><display value="NIP"/><definition value="Número de Identificación Provisorio (NIP)"/><designation><language value="es"/><use><system value="http://terminology.hl7.org/CodeSystem/designation-usage"/><code value="display"/></use><value value="NIP"/></designation><designation><language value="es"/><use><system value="http://terminology.hl7.org/CodeSystem/designation-usage"/><code value="display"/></use><value value="NIP"/></designation><designation><language value="es"/><use><system value="http://terminology.hl7.org/CodeSystem/designation-usage"/><code value="display"/></use><value value="NIP"/></designation><designation><language value="es"/><use><system value="http://terminology.hl7.org/CodeSystem/designation-usage"/><code value="display"/></use><value value="NIP"/></designation></concept><concept><code value="09"/><display value="NIC"/><definition value="Número Identificatorio para cotizar (NIC)"/><designation><language value="es"/><use><system value="http://terminology.hl7.org/CodeSystem/designation-usage"/><code value="display"/></use><value value="NIC"/></designation><designation><language value="es"/><use><system value="http://terminology.hl7.org/CodeSystem/designation-usage"/><code value="display"/></use><value value="NIC"/></designation><designation><language value="es"/><use><system value="http://terminology.hl7.org/CodeSystem/designation-usage"/><code value="display"/></use><value value="NIC"/></designation><designation><language value="es"/><use><system value="http://terminology.hl7.org/CodeSystem/designation-usage"/><code value="display"/></use><value value="NIC"/></designation></concept><concept><code value="10"/><display value="IPA"/><definition value="Identificación Provisoria del Apoderado (IPA)"/><designation><language value="es"/><use><system value="http://terminology.hl7.org/CodeSystem/designation-usage"/><code value="display"/></use><value value="IPA"/></designation><designation><language value="es"/><use><system value="http://terminology.hl7.org/CodeSystem/designation-usage"/><code value="display"/></use><value value="IPA"/></designation><designation><language value="es"/><use><system value="http://terminology.hl7.org/CodeSystem/designation-usage"/><code value="display"/></use><value value="IPA"/></designation><designation><language value="es"/><use><system value="http://terminology.hl7.org/CodeSystem/designation-usage"/><code value="display"/></use><value value="IPA"/></designation></concept><concept><code value="11"/><display value="IPE"/><definition value="Identificación Provisoria del Escolar (IPE)"/><designation><language value="es"/><use><system value="http://terminology.hl7.org/CodeSystem/designation-usage"/><code value="display"/></use><value value="IPE"/></designation><designation><language value="es"/><use><system value="http://terminology.hl7.org/CodeSystem/designation-usage"/><code value="display"/></use><value value="IPE"/></designation><designation><language value="es"/><use><system value="http://terminology.hl7.org/CodeSystem/designation-usage"/><code value="display"/></use><value value="IPE"/></designation><designation><language value="es"/><use><system value="http://terminology.hl7.org/CodeSystem/designation-usage"/><code value="display"/></use><value value="IPE"/></designation></concept><concept><code value="12"/><display value="Número de Ficha Clínica Sistema Local"/><definition value="Número de Ficha Clínica Sistema Local"/><designation><language value="es"/><use><system value="http://terminology.hl7.org/CodeSystem/designation-usage"/><code value="display"/></use><value value="Número de Ficha Clínica Sistema Local"/></designation><designation><language value="es"/><use><system value="http://terminology.hl7.org/CodeSystem/designation-usage"/><code value="display"/></use><value value="Número de Ficha Clínica Sistema Local"/></designation><designation><language value="es"/><use><system value="http://terminology.hl7.org/CodeSystem/designation-usage"/><code value="display"/></use><value value="Número de Ficha Clínica Sistema Local"/></designation><designation><language value="es"/><use><system value="http://terminology.hl7.org/CodeSystem/designation-usage"/><code value="display"/></use><value value="Número de Ficha Clínica Sistema Local"/></designation></concept><concept><code value="13"/><display value="RNPI"/><definition value="Registro Nacional de Prestadores Individuales"/><designation><language value="es"/><use><system value="http://terminology.hl7.org/CodeSystem/designation-usage"/><code value="display"/></use><value value="RNPI"/></designation><designation><language value="es"/><use><system value="http://terminology.hl7.org/CodeSystem/designation-usage"/><code value="display"/></use><value value="RNPI"/></designation><designation><language value="es"/><use><system value="http://terminology.hl7.org/CodeSystem/designation-usage"/><code value="display"/></use><value value="RNPI"/></designation><designation><language value="es"/><use><system value="http://terminology.hl7.org/CodeSystem/designation-usage"/><code value="display"/></use><value value="RNPI"/></designation></concept><concept><code value="14"/><display value="OTRO"/><definition value="Otro tipo de identificador"/><designation><language value="es"/><use><system value="http://terminology.hl7.org/CodeSystem/designation-usage"/><code value="display"/></use><value value="OTRO"/></designation><designation><language value="es"/><use><system value="http://terminology.hl7.org/CodeSystem/designation-usage"/><code value="display"/></use><value value="OTRO"/></designation><designation><language value="es"/><use><system value="http://terminology.hl7.org/CodeSystem/designation-usage"/><code value="display"/></use><value value="OTRO"/></designation><designation><language value="es"/><use><system value="http://terminology.hl7.org/CodeSystem/designation-usage"/><code value="display"/></use><value value="OTRO"/></designation></concept></CodeSystem>