<?xml version="1.0" encoding="UTF-8"?><CodeSystem xmlns="http://hl7.org/fhir"><id value="CSSexoListadoDeis"/><language value="es"/><text><status value="generated"/><div xmlns="http://www.w3.org/1999/xhtml" xml:lang="es" lang="es"><p class="res-header-id"><b>Generated Narrative: CodeSystem CSSexoListadoDeis</b></p><a name="CSSexoListadoDeis"> </a><a name="hcCSSexoListadoDeis"> </a><a name="CSSexoListadoDeis-es-CL"> </a><div style="display: inline-block; background-color: #d9e0e7; padding: 6px; margin: 4px; border: 1px solid #8da1b4; border-radius: 5px; line-height: 60%"><p style="margin-bottom: 0px">Language: es</p></div><p>This case-sensitive code system <code>https://hl7chile.cl/fhir/ig/clcore/CodeSystem/CSSexoListadoDeis</code> defines the following codes:</p><table class="codes"><tr><td style="white-space:nowrap"><b>Code</b></td><td><b>Display</b></td></tr><tr><td style="white-space:nowrap">1<a name="CSSexoListadoDeis-1"> </a></td><td>Hombre</td></tr><tr><td style="white-space:nowrap">2<a name="CSSexoListadoDeis-2"> </a></td><td>Mujer</td></tr><tr><td style="white-space:nowrap">3<a name="CSSexoListadoDeis-3"> </a></td><td>Intersexual</td></tr><tr><td style="white-space:nowrap">93<a name="CSSexoListadoDeis-93"> </a></td><td>No Informado</td></tr><tr><td style="white-space:nowrap">99<a name="CSSexoListadoDeis-99"> </a></td><td>Desconocido</td></tr></table></div></text><url value="https://hl7chile.cl/fhir/ig/clcore/CodeSystem/CSSexoListadoDeis"/><version value="1.9.3"/><name value="CSSexoListadoDeis"/><title value="Sexo Listado Deis"/><status value="active"/><experimental value="false"/><date value="2023-01-15"/><publisher value="HL7 Chile"/><contact><name value="HL7 Chile"/><telecom><system value="url"/><value value="http://hl7chile.cl"/></telecom><telecom><system value="email"/><value value="chair@hl7chile.cl"/></telecom></contact><description value="Sexo Listado Deis"/><jurisdiction><coding><system value="urn:iso:std:iso:3166"/><code value="CL"/><display value="Chile"/></coding></jurisdiction><copyright value="Usado con el permiso de HL7 International, todos los derechos resevados en los Licencias de HL7 Internacional."/><caseSensitive value="true"/><content value="complete"/><count value="5"/><concept><code value="1"/><display value="Hombre"/><designation><language value="es"/><use><system value="http://terminology.hl7.org/CodeSystem/designation-usage"/><code value="display"/></use><value value="Hombre"/></designation></concept><concept><code value="2"/><display value="Mujer"/><designation><language value="es"/><use><system value="http://terminology.hl7.org/CodeSystem/designation-usage"/><code value="display"/></use><value value="Mujer"/></designation></concept><concept><code value="3"/><display value="Intersexual"/><designation><language value="es"/><use><system value="http://terminology.hl7.org/CodeSystem/designation-usage"/><code value="display"/></use><value value="Intersexual"/></designation></concept><concept><code value="93"/><display value="No Informado"/><designation><language value="es"/><use><system value="http://terminology.hl7.org/CodeSystem/designation-usage"/><code value="display"/></use><value value="No Informado"/></designation></concept><concept><code value="99"/><display value="Desconocido"/><designation><language value="es"/><use><system value="http://terminology.hl7.org/CodeSystem/designation-usage"/><code value="display"/></use><value value="Desconocido"/></designation></concept></CodeSystem>