<?xml version="1.0" encoding="UTF-8"?><CodeSystem xmlns="http://hl7.org/fhir"><id value="CSEspecialidadesDeisCL"/><language value="es"/><text><status value="generated"/><div xmlns="http://www.w3.org/1999/xhtml" xml:lang="es" lang="es"><p class="res-header-id"><b>Generated Narrative: CodeSystem CSEspecialidadesDeisCL</b></p><a name="CSEspecialidadesDeisCL"> </a><a name="hcCSEspecialidadesDeisCL"> </a><a name="CSEspecialidadesDeisCL-es-CL"> </a><div style="display: inline-block; background-color: #d9e0e7; padding: 6px; margin: 4px; border: 1px solid #8da1b4; border-radius: 5px; line-height: 60%"><p style="margin-bottom: 0px">Language: es</p></div><p>This case-sensitive code system <code>https://hl7chile.cl/fhir/ig/clcore/CodeSystem/CSEspecialidadesDeisCL</code> defines the following codes:</p><table class="codes"><tr><td style="white-space:nowrap"><b>Code</b></td><td><b>Display</b></td></tr><tr><td style="white-space:nowrap">1<a name="CSEspecialidadesDeisCL-1"> </a></td><td>Anatomía Patológica</td></tr><tr><td style="white-space:nowrap">2<a name="CSEspecialidadesDeisCL-2"> </a></td><td>Anestesiología</td></tr><tr><td style="white-space:nowrap">3<a name="CSEspecialidadesDeisCL-3"> </a></td><td>Cardiología</td></tr><tr><td style="white-space:nowrap">4<a name="CSEspecialidadesDeisCL-4"> </a></td><td>Cirugía General</td></tr><tr><td style="white-space:nowrap">5<a name="CSEspecialidadesDeisCL-5"> </a></td><td>Cirugía de Cabeza, Cuello y Maxilofacial</td></tr><tr><td style="white-space:nowrap">6<a name="CSEspecialidadesDeisCL-6"> </a></td><td>Cirugía Cardiovascular</td></tr><tr><td style="white-space:nowrap">7<a name="CSEspecialidadesDeisCL-7"> </a></td><td>Cirugía  de Tórax</td></tr><tr><td style="white-space:nowrap">8<a name="CSEspecialidadesDeisCL-8"> </a></td><td>Cirugía Plástica y Reparadora</td></tr><tr><td style="white-space:nowrap">9<a name="CSEspecialidadesDeisCL-9"> </a></td><td>Cirugía Pediátrica</td></tr><tr><td style="white-space:nowrap">10<a name="CSEspecialidadesDeisCL-10"> </a></td><td>Cirugía Vascular Periférica</td></tr><tr><td style="white-space:nowrap">11<a name="CSEspecialidadesDeisCL-11"> </a></td><td>Coloproctología</td></tr><tr><td style="white-space:nowrap">12<a name="CSEspecialidadesDeisCL-12"> </a></td><td>Dermatología</td></tr><tr><td style="white-space:nowrap">13<a name="CSEspecialidadesDeisCL-13"> </a></td><td>Diabetología</td></tr><tr><td style="white-space:nowrap">14<a name="CSEspecialidadesDeisCL-14"> </a></td><td>Endocrinología Adulto</td></tr><tr><td style="white-space:nowrap">15<a name="CSEspecialidadesDeisCL-15"> </a></td><td>Endocrinología Pediatrica</td></tr><tr><td style="white-space:nowrap">16<a name="CSEspecialidadesDeisCL-16"> </a></td><td>Enfermedades Respiratorias del Adulto (Broncopulmonar)</td></tr><tr><td style="white-space:nowrap">17<a name="CSEspecialidadesDeisCL-17"> </a></td><td>Enfermedades Respiratorias Pediátricas(Broncopulmonar Pediátrico)</td></tr><tr><td style="white-space:nowrap">18<a name="CSEspecialidadesDeisCL-18"> </a></td><td>Gastroenterología Adulto</td></tr><tr><td style="white-space:nowrap">19<a name="CSEspecialidadesDeisCL-19"> </a></td><td>Gastroenterología Pediátrica</td></tr><tr><td style="white-space:nowrap">20<a name="CSEspecialidadesDeisCL-20"> </a></td><td>Genética Clínica</td></tr><tr><td style="white-space:nowrap">21<a name="CSEspecialidadesDeisCL-21"> </a></td><td>Geriatría</td></tr><tr><td style="white-space:nowrap">22<a name="CSEspecialidadesDeisCL-22"> </a></td><td>Ginecología Pediátrica y de la Adolescencia</td></tr><tr><td style="white-space:nowrap">23<a name="CSEspecialidadesDeisCL-23"> </a></td><td>Hematología</td></tr><tr><td style="white-space:nowrap">24<a name="CSEspecialidadesDeisCL-24"> </a></td><td>Imagenología</td></tr><tr><td style="white-space:nowrap">25<a name="CSEspecialidadesDeisCL-25"> </a></td><td>Infectología</td></tr><tr><td style="white-space:nowrap">26<a name="CSEspecialidadesDeisCL-26"> </a></td><td>Inmunología</td></tr><tr><td style="white-space:nowrap">27<a name="CSEspecialidadesDeisCL-27"> </a></td><td>Laboratorio Clínico</td></tr><tr><td style="white-space:nowrap">28<a name="CSEspecialidadesDeisCL-28"> </a></td><td>Medicina Familiar</td></tr><tr><td style="white-space:nowrap">29<a name="CSEspecialidadesDeisCL-29"> </a></td><td>Medicina Física y Rehabilitación (Fisiatria Adulto)</td></tr><tr><td style="white-space:nowrap">30<a name="CSEspecialidadesDeisCL-30"> </a></td><td>Medicina Interna</td></tr><tr><td style="white-space:nowrap">31<a name="CSEspecialidadesDeisCL-31"> </a></td><td>Medicina Intensiva Adulto</td></tr><tr><td style="white-space:nowrap">32<a name="CSEspecialidadesDeisCL-32"> </a></td><td>Medicina Intensiva Pediátrica</td></tr><tr><td style="white-space:nowrap">33<a name="CSEspecialidadesDeisCL-33"> </a></td><td>Medicina Legal</td></tr><tr><td style="white-space:nowrap">34<a name="CSEspecialidadesDeisCL-34"> </a></td><td>Medicina Materno Infantil</td></tr><tr><td style="white-space:nowrap">35<a name="CSEspecialidadesDeisCL-35"> </a></td><td>Medicina Nuclear</td></tr><tr><td style="white-space:nowrap">36<a name="CSEspecialidadesDeisCL-36"> </a></td><td>Medicina de Urgencia</td></tr><tr><td style="white-space:nowrap">37<a name="CSEspecialidadesDeisCL-37"> </a></td><td>Nefrología Adulto</td></tr><tr><td style="white-space:nowrap">38<a name="CSEspecialidadesDeisCL-38"> </a></td><td>Nefrología Pediátrico</td></tr><tr><td style="white-space:nowrap">39<a name="CSEspecialidadesDeisCL-39"> </a></td><td>Neonatología</td></tr><tr><td style="white-space:nowrap">40<a name="CSEspecialidadesDeisCL-40"> </a></td><td>Neurocirugía</td></tr><tr><td style="white-space:nowrap">41<a name="CSEspecialidadesDeisCL-41"> </a></td><td>Neurología Adulto</td></tr><tr><td style="white-space:nowrap">42<a name="CSEspecialidadesDeisCL-42"> </a></td><td>Neurología Pediátrica</td></tr><tr><td style="white-space:nowrap">43<a name="CSEspecialidadesDeisCL-43"> </a></td><td>Obstetricia y Ginecología</td></tr><tr><td style="white-space:nowrap">44<a name="CSEspecialidadesDeisCL-44"> </a></td><td>Oftalmología</td></tr><tr><td style="white-space:nowrap">45<a name="CSEspecialidadesDeisCL-45"> </a></td><td>Oncología Médica</td></tr><tr><td style="white-space:nowrap">46<a name="CSEspecialidadesDeisCL-46"> </a></td><td>Otorrinolaringología</td></tr><tr><td style="white-space:nowrap">47<a name="CSEspecialidadesDeisCL-47"> </a></td><td>Pediatría</td></tr><tr><td style="white-space:nowrap">48<a name="CSEspecialidadesDeisCL-48"> </a></td><td>Psiquiatría Adulto</td></tr><tr><td style="white-space:nowrap">49<a name="CSEspecialidadesDeisCL-49"> </a></td><td>Psiquiatría Pediátrica y de la Adolescencia</td></tr><tr><td style="white-space:nowrap">50<a name="CSEspecialidadesDeisCL-50"> </a></td><td>Radioterapia Oncológica</td></tr><tr><td style="white-space:nowrap">51<a name="CSEspecialidadesDeisCL-51"> </a></td><td>Reumatología</td></tr><tr><td style="white-space:nowrap">52<a name="CSEspecialidadesDeisCL-52"> </a></td><td>Salud Pública</td></tr><tr><td style="white-space:nowrap">53<a name="CSEspecialidadesDeisCL-53"> </a></td><td>Traumatología y Ortopedia</td></tr><tr><td style="white-space:nowrap">54<a name="CSEspecialidadesDeisCL-54"> </a></td><td>Urología</td></tr><tr><td style="white-space:nowrap">55<a name="CSEspecialidadesDeisCL-55"> </a></td><td>Cardiología Pediátrica</td></tr><tr><td style="white-space:nowrap">56<a name="CSEspecialidadesDeisCL-56"> </a></td><td>Cirugía Digestiva</td></tr><tr><td style="white-space:nowrap">57<a name="CSEspecialidadesDeisCL-57"> </a></td><td>Cirugía Plástica y Reparadora Pediátrica</td></tr><tr><td style="white-space:nowrap">58<a name="CSEspecialidadesDeisCL-58"> </a></td><td>Ginecología</td></tr><tr><td style="white-space:nowrap">59<a name="CSEspecialidadesDeisCL-59"> </a></td><td>Hemato-Oncología Pediátrica</td></tr><tr><td style="white-space:nowrap">60<a name="CSEspecialidadesDeisCL-60"> </a></td><td>Infectología Pediátrica</td></tr><tr><td style="white-space:nowrap">61<a name="CSEspecialidadesDeisCL-61"> </a></td><td>Medicina Familiar del Niño</td></tr><tr><td style="white-space:nowrap">62<a name="CSEspecialidadesDeisCL-62"> </a></td><td>Medicina Física y Rehabilitación Pediátrica (Fisiatría Pediátrica)</td></tr><tr><td style="white-space:nowrap">63<a name="CSEspecialidadesDeisCL-63"> </a></td><td>Nutriólogo</td></tr><tr><td style="white-space:nowrap">64<a name="CSEspecialidadesDeisCL-64"> </a></td><td>Nutriólogo Pediátrico</td></tr><tr><td style="white-space:nowrap">65<a name="CSEspecialidadesDeisCL-65"> </a></td><td>Reumatología Pediátrica</td></tr><tr><td style="white-space:nowrap">66<a name="CSEspecialidadesDeisCL-66"> </a></td><td>Obstetricia</td></tr><tr><td style="white-space:nowrap">67<a name="CSEspecialidadesDeisCL-67"> </a></td><td>Traumatología y Ortopedia Pediátrica</td></tr><tr><td style="white-space:nowrap">68<a name="CSEspecialidadesDeisCL-68"> </a></td><td>Urología Pediátrica</td></tr></table></div></text><url value="https://hl7chile.cl/fhir/ig/clcore/CodeSystem/CSEspecialidadesDeisCL"/><version value="1.9.3"/><name value="CSEspecialidadesDeisCL"/><title value="Códigos de Especialidades"/><status value="active"/><experimental value="false"/><date value="2022-01-18T00:00:00-03:00"/><publisher value="HL7 Chile"/><contact><name value="HL7 Chile"/><telecom><system value="url"/><value value="http://hl7chile.cl"/></telecom><telecom><system value="email"/><value value="chair@hl7chile.cl"/></telecom></contact><description value="Códigos de especialidades médicas descritas según DEIS"/><jurisdiction><coding><system value="urn:iso:std:iso:3166"/><code value="CL"/><display value="Chile"/></coding></jurisdiction><copyright value="Usado con el permiso de HL7 International, todos los derechos resevados en los Licencias de HL7 Internacional."/><caseSensitive value="true"/><content value="complete"/><count value="68"/><concept><code value="1"/><display value="Anatomía Patológica"/><designation><language value="es"/><use><system value="http://terminology.hl7.org/CodeSystem/designation-usage"/><code value="display"/></use><value value="Anatomía Patológica"/></designation></concept><concept><code value="2"/><display value="Anestesiología"/><designation><language value="es"/><use><system value="http://terminology.hl7.org/CodeSystem/designation-usage"/><code value="display"/></use><value value="Anestesiología"/></designation></concept><concept><code value="3"/><display value="Cardiología"/><designation><language value="es"/><use><system value="http://terminology.hl7.org/CodeSystem/designation-usage"/><code value="display"/></use><value value="Cardiología"/></designation></concept><concept><code value="4"/><display value="Cirugía General"/><designation><language value="es"/><use><system value="http://terminology.hl7.org/CodeSystem/designation-usage"/><code value="display"/></use><value value="Cirugía General"/></designation></concept><concept><code value="5"/><display value="Cirugía de Cabeza, Cuello y Maxilofacial"/><designation><language value="es"/><use><system value="http://terminology.hl7.org/CodeSystem/designation-usage"/><code value="display"/></use><value value="Cirugía de Cabeza, Cuello y Maxilofacial"/></designation></concept><concept><code value="6"/><display value="Cirugía Cardiovascular"/><designation><language value="es"/><use><system value="http://terminology.hl7.org/CodeSystem/designation-usage"/><code value="display"/></use><value value="Cirugía Cardiovascular"/></designation></concept><concept><code value="7"/><display value="Cirugía  de Tórax"/><designation><language value="es"/><use><system value="http://terminology.hl7.org/CodeSystem/designation-usage"/><code value="display"/></use><value value="Cirugía  de Tórax"/></designation></concept><concept><code value="8"/><display value="Cirugía Plástica y Reparadora"/><designation><language value="es"/><use><system value="http://terminology.hl7.org/CodeSystem/designation-usage"/><code value="display"/></use><value value="Cirugía Plástica y Reparadora"/></designation></concept><concept><code value="9"/><display value="Cirugía Pediátrica"/><designation><language value="es"/><use><system value="http://terminology.hl7.org/CodeSystem/designation-usage"/><code value="display"/></use><value value="Cirugía Pediátrica"/></designation></concept><concept><code value="10"/><display value="Cirugía Vascular Periférica"/><designation><language value="es"/><use><system value="http://terminology.hl7.org/CodeSystem/designation-usage"/><code value="display"/></use><value value="Cirugía Vascular Periférica"/></designation></concept><concept><code value="11"/><display value="Coloproctología"/><designation><language value="es"/><use><system value="http://terminology.hl7.org/CodeSystem/designation-usage"/><code value="display"/></use><value value="Coloproctología"/></designation></concept><concept><code value="12"/><display value="Dermatología"/><designation><language value="es"/><use><system value="http://terminology.hl7.org/CodeSystem/designation-usage"/><code value="display"/></use><value value="Dermatología"/></designation></concept><concept><code value="13"/><display value="Diabetología"/><designation><language value="es"/><use><system value="http://terminology.hl7.org/CodeSystem/designation-usage"/><code value="display"/></use><value value="Diabetología"/></designation></concept><concept><code value="14"/><display value="Endocrinología Adulto"/><designation><language value="es"/><use><system value="http://terminology.hl7.org/CodeSystem/designation-usage"/><code value="display"/></use><value value="Endocrinología Adulto"/></designation></concept><concept><code value="15"/><display value="Endocrinología Pediatrica"/><designation><language value="es"/><use><system value="http://terminology.hl7.org/CodeSystem/designation-usage"/><code value="display"/></use><value value="Endocrinología Pediatrica"/></designation></concept><concept><code value="16"/><display value="Enfermedades Respiratorias del Adulto (Broncopulmonar)"/><designation><language value="es"/><use><system value="http://terminology.hl7.org/CodeSystem/designation-usage"/><code value="display"/></use><value value="Enfermedades Respiratorias del Adulto (Broncopulmonar)"/></designation></concept><concept><code value="17"/><display value="Enfermedades Respiratorias Pediátricas(Broncopulmonar Pediátrico)"/><designation><language value="es"/><use><system value="http://terminology.hl7.org/CodeSystem/designation-usage"/><code value="display"/></use><value value="Enfermedades Respiratorias Pediátricas(Broncopulmonar Pediátrico)"/></designation></concept><concept><code value="18"/><display value="Gastroenterología Adulto"/><designation><language value="es"/><use><system value="http://terminology.hl7.org/CodeSystem/designation-usage"/><code value="display"/></use><value value="Gastroenterología Adulto"/></designation></concept><concept><code value="19"/><display value="Gastroenterología Pediátrica"/><designation><language value="es"/><use><system value="http://terminology.hl7.org/CodeSystem/designation-usage"/><code value="display"/></use><value value="Gastroenterología Pediátrica"/></designation></concept><concept><code value="20"/><display value="Genética Clínica"/><designation><language value="es"/><use><system value="http://terminology.hl7.org/CodeSystem/designation-usage"/><code value="display"/></use><value value="Genética Clínica"/></designation></concept><concept><code value="21"/><display value="Geriatría"/><designation><language value="es"/><use><system value="http://terminology.hl7.org/CodeSystem/designation-usage"/><code value="display"/></use><value value="Geriatría"/></designation></concept><concept><code value="22"/><display value="Ginecología Pediátrica y de la Adolescencia"/><designation><language value="es"/><use><system value="http://terminology.hl7.org/CodeSystem/designation-usage"/><code value="display"/></use><value value="Ginecología Pediátrica y de la Adolescencia"/></designation></concept><concept><code value="23"/><display value="Hematología"/><designation><language value="es"/><use><system value="http://terminology.hl7.org/CodeSystem/designation-usage"/><code value="display"/></use><value value="Hematología"/></designation></concept><concept><code value="24"/><display value="Imagenología"/><designation><language value="es"/><use><system value="http://terminology.hl7.org/CodeSystem/designation-usage"/><code value="display"/></use><value value="Imagenología"/></designation></concept><concept><code value="25"/><display value="Infectología"/><designation><language value="es"/><use><system value="http://terminology.hl7.org/CodeSystem/designation-usage"/><code value="display"/></use><value value="Infectología"/></designation></concept><concept><code value="26"/><display value="Inmunología"/><designation><language value="es"/><use><system value="http://terminology.hl7.org/CodeSystem/designation-usage"/><code value="display"/></use><value value="Inmunología"/></designation></concept><concept><code value="27"/><display value="Laboratorio Clínico"/><designation><language value="es"/><use><system value="http://terminology.hl7.org/CodeSystem/designation-usage"/><code value="display"/></use><value value="Laboratorio Clínico"/></designation></concept><concept><code value="28"/><display value="Medicina Familiar"/><designation><language value="es"/><use><system value="http://terminology.hl7.org/CodeSystem/designation-usage"/><code value="display"/></use><value value="Medicina Familiar"/></designation></concept><concept><code value="29"/><display value="Medicina Física y Rehabilitación (Fisiatria Adulto)"/><designation><language value="es"/><use><system value="http://terminology.hl7.org/CodeSystem/designation-usage"/><code value="display"/></use><value value="Medicina Física y Rehabilitación (Fisiatria Adulto)"/></designation></concept><concept><code value="30"/><display value="Medicina Interna"/><designation><language value="es"/><use><system value="http://terminology.hl7.org/CodeSystem/designation-usage"/><code value="display"/></use><value value="Medicina Interna"/></designation></concept><concept><code value="31"/><display value="Medicina Intensiva Adulto"/><designation><language value="es"/><use><system value="http://terminology.hl7.org/CodeSystem/designation-usage"/><code value="display"/></use><value value="Medicina Intensiva Adulto"/></designation></concept><concept><code value="32"/><display value="Medicina Intensiva Pediátrica"/><designation><language value="es"/><use><system value="http://terminology.hl7.org/CodeSystem/designation-usage"/><code value="display"/></use><value value="Medicina Intensiva Pediátrica"/></designation></concept><concept><code value="33"/><display value="Medicina Legal"/><designation><language value="es"/><use><system value="http://terminology.hl7.org/CodeSystem/designation-usage"/><code value="display"/></use><value value="Medicina Legal"/></designation></concept><concept><code value="34"/><display value="Medicina Materno Infantil"/><designation><language value="es"/><use><system value="http://terminology.hl7.org/CodeSystem/designation-usage"/><code value="display"/></use><value value="Medicina Materno Infantil"/></designation></concept><concept><code value="35"/><display value="Medicina Nuclear"/><designation><language value="es"/><use><system value="http://terminology.hl7.org/CodeSystem/designation-usage"/><code value="display"/></use><value value="Medicina Nuclear"/></designation></concept><concept><code value="36"/><display value="Medicina de Urgencia"/><designation><language value="es"/><use><system value="http://terminology.hl7.org/CodeSystem/designation-usage"/><code value="display"/></use><value value="Medicina de Urgencia"/></designation></concept><concept><code value="37"/><display value="Nefrología Adulto"/><designation><language value="es"/><use><system value="http://terminology.hl7.org/CodeSystem/designation-usage"/><code value="display"/></use><value value="Nefrología Adulto"/></designation></concept><concept><code value="38"/><display value="Nefrología Pediátrico"/><designation><language value="es"/><use><system value="http://terminology.hl7.org/CodeSystem/designation-usage"/><code value="display"/></use><value value="Nefrología Pediátrico"/></designation></concept><concept><code value="39"/><display value="Neonatología"/><designation><language value="es"/><use><system value="http://terminology.hl7.org/CodeSystem/designation-usage"/><code value="display"/></use><value value="Neonatología"/></designation></concept><concept><code value="40"/><display value="Neurocirugía"/><designation><language value="es"/><use><system value="http://terminology.hl7.org/CodeSystem/designation-usage"/><code value="display"/></use><value value="Neurocirugía"/></designation></concept><concept><code value="41"/><display value="Neurología Adulto"/><designation><language value="es"/><use><system value="http://terminology.hl7.org/CodeSystem/designation-usage"/><code value="display"/></use><value value="Neurología Adulto"/></designation></concept><concept><code value="42"/><display value="Neurología Pediátrica"/><designation><language value="es"/><use><system value="http://terminology.hl7.org/CodeSystem/designation-usage"/><code value="display"/></use><value value="Neurología Pediátrica"/></designation></concept><concept><code value="43"/><display value="Obstetricia y Ginecología"/><designation><language value="es"/><use><system value="http://terminology.hl7.org/CodeSystem/designation-usage"/><code value="display"/></use><value value="Obstetricia y Ginecología"/></designation></concept><concept><code value="44"/><display value="Oftalmología"/><designation><language value="es"/><use><system value="http://terminology.hl7.org/CodeSystem/designation-usage"/><code value="display"/></use><value value="Oftalmología"/></designation></concept><concept><code value="45"/><display value="Oncología Médica"/><designation><language value="es"/><use><system value="http://terminology.hl7.org/CodeSystem/designation-usage"/><code value="display"/></use><value value="Oncología Médica"/></designation></concept><concept><code value="46"/><display value="Otorrinolaringología"/><designation><language value="es"/><use><system value="http://terminology.hl7.org/CodeSystem/designation-usage"/><code value="display"/></use><value value="Otorrinolaringología"/></designation></concept><concept><code value="47"/><display value="Pediatría"/><designation><language value="es"/><use><system value="http://terminology.hl7.org/CodeSystem/designation-usage"/><code value="display"/></use><value value="Pediatría"/></designation></concept><concept><code value="48"/><display value="Psiquiatría Adulto"/><designation><language value="es"/><use><system value="http://terminology.hl7.org/CodeSystem/designation-usage"/><code value="display"/></use><value value="Psiquiatría Adulto"/></designation></concept><concept><code value="49"/><display value="Psiquiatría Pediátrica y de la Adolescencia"/><designation><language value="es"/><use><system value="http://terminology.hl7.org/CodeSystem/designation-usage"/><code value="display"/></use><value value="Psiquiatría Pediátrica y de la Adolescencia"/></designation></concept><concept><code value="50"/><display value="Radioterapia Oncológica"/><designation><language value="es"/><use><system value="http://terminology.hl7.org/CodeSystem/designation-usage"/><code value="display"/></use><value value="Radioterapia Oncológica"/></designation></concept><concept><code value="51"/><display value="Reumatología"/><designation><language value="es"/><use><system value="http://terminology.hl7.org/CodeSystem/designation-usage"/><code value="display"/></use><value value="Reumatología"/></designation></concept><concept><code value="52"/><display value="Salud Pública"/><designation><language value="es"/><use><system value="http://terminology.hl7.org/CodeSystem/designation-usage"/><code value="display"/></use><value value="Salud Pública"/></designation></concept><concept><code value="53"/><display value="Traumatología y Ortopedia"/><designation><language value="es"/><use><system value="http://terminology.hl7.org/CodeSystem/designation-usage"/><code value="display"/></use><value value="Traumatología y Ortopedia"/></designation></concept><concept><code value="54"/><display value="Urología"/><designation><language value="es"/><use><system value="http://terminology.hl7.org/CodeSystem/designation-usage"/><code value="display"/></use><value value="Urología"/></designation></concept><concept><code value="55"/><display value="Cardiología Pediátrica"/><designation><language value="es"/><use><system value="http://terminology.hl7.org/CodeSystem/designation-usage"/><code value="display"/></use><value value="Cardiología Pediátrica"/></designation></concept><concept><code value="56"/><display value="Cirugía Digestiva"/><designation><language value="es"/><use><system value="http://terminology.hl7.org/CodeSystem/designation-usage"/><code value="display"/></use><value value="Cirugía Digestiva"/></designation></concept><concept><code value="57"/><display value="Cirugía Plástica y Reparadora Pediátrica"/><designation><language value="es"/><use><system value="http://terminology.hl7.org/CodeSystem/designation-usage"/><code value="display"/></use><value value="Cirugía Plástica y Reparadora Pediátrica"/></designation></concept><concept><code value="58"/><display value="Ginecología"/><designation><language value="es"/><use><system value="http://terminology.hl7.org/CodeSystem/designation-usage"/><code value="display"/></use><value value="Ginecología"/></designation></concept><concept><code value="59"/><display value="Hemato-Oncología Pediátrica"/><designation><language value="es"/><use><system value="http://terminology.hl7.org/CodeSystem/designation-usage"/><code value="display"/></use><value value="Hemato-Oncología Pediátrica"/></designation></concept><concept><code value="60"/><display value="Infectología Pediátrica"/><designation><language value="es"/><use><system value="http://terminology.hl7.org/CodeSystem/designation-usage"/><code value="display"/></use><value value="Infectología Pediátrica"/></designation></concept><concept><code value="61"/><display value="Medicina Familiar del Niño"/><designation><language value="es"/><use><system value="http://terminology.hl7.org/CodeSystem/designation-usage"/><code value="display"/></use><value value="Medicina Familiar del Niño"/></designation></concept><concept><code value="62"/><display value="Medicina Física y Rehabilitación Pediátrica (Fisiatría Pediátrica)"/><designation><language value="es"/><use><system value="http://terminology.hl7.org/CodeSystem/designation-usage"/><code value="display"/></use><value value="Medicina Física y Rehabilitación Pediátrica (Fisiatría Pediátrica)"/></designation></concept><concept><code value="63"/><display value="Nutriólogo"/><designation><language value="es"/><use><system value="http://terminology.hl7.org/CodeSystem/designation-usage"/><code value="display"/></use><value value="Nutriólogo"/></designation></concept><concept><code value="64"/><display value="Nutriólogo Pediátrico"/><designation><language value="es"/><use><system value="http://terminology.hl7.org/CodeSystem/designation-usage"/><code value="display"/></use><value value="Nutriólogo Pediátrico"/></designation></concept><concept><code value="65"/><display value="Reumatología Pediátrica"/><designation><language value="es"/><use><system value="http://terminology.hl7.org/CodeSystem/designation-usage"/><code value="display"/></use><value value="Reumatología Pediátrica"/></designation></concept><concept><code value="66"/><display value="Obstetricia"/><designation><language value="es"/><use><system value="http://terminology.hl7.org/CodeSystem/designation-usage"/><code value="display"/></use><value value="Obstetricia"/></designation></concept><concept><code value="67"/><display value="Traumatología y Ortopedia Pediátrica"/><designation><language value="es"/><use><system value="http://terminology.hl7.org/CodeSystem/designation-usage"/><code value="display"/></use><value value="Traumatología y Ortopedia Pediátrica"/></designation></concept><concept><code value="68"/><display value="Urología Pediátrica"/><designation><language value="es"/><use><system value="http://terminology.hl7.org/CodeSystem/designation-usage"/><code value="display"/></use><value value="Urología Pediátrica"/></designation></concept></CodeSystem>