<?xml version="1.0" encoding="UTF-8"?><CodeSystem xmlns="http://hl7.org/fhir"><id value="CSEspecialidadOdontologica"/><language value="es"/><text><status value="generated"/><div xmlns="http://www.w3.org/1999/xhtml" xml:lang="es" lang="es"><p class="res-header-id"><b>Generated Narrative: CodeSystem CSEspecialidadOdontologica</b></p><a name="CSEspecialidadOdontologica"> </a><a name="hcCSEspecialidadOdontologica"> </a><a name="CSEspecialidadOdontologica-es-CL"> </a><div style="display: inline-block; background-color: #d9e0e7; padding: 6px; margin: 4px; border: 1px solid #8da1b4; border-radius: 5px; line-height: 60%"><p style="margin-bottom: 0px">Language: es</p></div><p>This case-sensitive code system <code>https://hl7chile.cl/fhir/ig/clcore/CodeSystem/CSEspecialidadOdontologica</code> defines the following codes:</p><table class="codes"><tr><td style="white-space:nowrap"><b>Code</b></td><td><b>Display</b></td></tr><tr><td style="white-space:nowrap">1<a name="CSEspecialidadOdontologica-1"> </a></td><td>Cirugía y Traumatología Buco Maxilofacial</td></tr><tr><td style="white-space:nowrap">2<a name="CSEspecialidadOdontologica-2"> </a></td><td>Cirugía Bucal</td></tr><tr><td style="white-space:nowrap">3<a name="CSEspecialidadOdontologica-3"> </a></td><td>Endodoncia</td></tr><tr><td style="white-space:nowrap">4<a name="CSEspecialidadOdontologica-4"> </a></td><td>Imagenología Oral y Maxilofacial</td></tr><tr><td style="white-space:nowrap">5<a name="CSEspecialidadOdontologica-5"> </a></td><td>Implantología Buco Maxilofacial</td></tr><tr><td style="white-space:nowrap">6<a name="CSEspecialidadOdontologica-6"> </a></td><td>Odontología legal</td></tr><tr><td style="white-space:nowrap">7<a name="CSEspecialidadOdontologica-7"> </a></td><td>Odontopediatría</td></tr><tr><td style="white-space:nowrap">8<a name="CSEspecialidadOdontologica-8"> </a></td><td>Ortodoncia y Ortopedia Dento Máxilo Facial</td></tr><tr><td style="white-space:nowrap">9<a name="CSEspecialidadOdontologica-9"> </a></td><td>Patología Oral</td></tr><tr><td style="white-space:nowrap">10<a name="CSEspecialidadOdontologica-10"> </a></td><td>Periodoncia</td></tr><tr><td style="white-space:nowrap">11<a name="CSEspecialidadOdontologica-11"> </a></td><td>Rehabilitación Oral</td></tr><tr><td style="white-space:nowrap">12<a name="CSEspecialidadOdontologica-12"> </a></td><td>Salud Pública</td></tr><tr><td style="white-space:nowrap">13<a name="CSEspecialidadOdontologica-13"> </a></td><td>Somato-Prótesis</td></tr><tr><td style="white-space:nowrap">14<a name="CSEspecialidadOdontologica-14"> </a></td><td>Trastornos Temporomandibulares Y Dolor Orofacial</td></tr></table></div></text><url value="https://hl7chile.cl/fhir/ig/clcore/CodeSystem/CSEspecialidadOdontologica"/><version value="1.9.3"/><name value="CSEspecialidadOdontologica"/><title value="Especialidad Odontologica"/><status value="active"/><experimental value="false"/><date value="2023-01-15"/><publisher value="HL7 Chile"/><contact><name value="HL7 Chile"/><telecom><system value="url"/><value value="http://hl7chile.cl"/></telecom><telecom><system value="email"/><value value="chair@hl7chile.cl"/></telecom></contact><description value="Especialidad de Odontologica"/><jurisdiction><coding><system value="urn:iso:std:iso:3166"/><code value="CL"/><display value="Chile"/></coding></jurisdiction><copyright value="Usado con el permiso de HL7 International, todos los derechos resevados en los Licencias de HL7 Internacional."/><caseSensitive value="true"/><content value="complete"/><count value="14"/><concept><code value="1"/><display value="Cirugía y Traumatología Buco Maxilofacial"/><designation><language value="es"/><use><system value="http://terminology.hl7.org/CodeSystem/designation-usage"/><code value="display"/></use><value value="Cirugía y Traumatología Buco Maxilofacial"/></designation></concept><concept><code value="2"/><display value="Cirugía Bucal"/><designation><language value="es"/><use><system value="http://terminology.hl7.org/CodeSystem/designation-usage"/><code value="display"/></use><value value="Cirugía Bucal"/></designation></concept><concept><code value="3"/><display value="Endodoncia"/><designation><language value="es"/><use><system value="http://terminology.hl7.org/CodeSystem/designation-usage"/><code value="display"/></use><value value="Endodoncia"/></designation></concept><concept><code value="4"/><display value="Imagenología Oral y Maxilofacial"/><designation><language value="es"/><use><system value="http://terminology.hl7.org/CodeSystem/designation-usage"/><code value="display"/></use><value value="Imagenología Oral y Maxilofacial"/></designation></concept><concept><code value="5"/><display value="Implantología Buco Maxilofacial"/><designation><language value="es"/><use><system value="http://terminology.hl7.org/CodeSystem/designation-usage"/><code value="display"/></use><value value="Implantología Buco Maxilofacial"/></designation></concept><concept><code value="6"/><display value="Odontología legal"/><designation><language value="es"/><use><system value="http://terminology.hl7.org/CodeSystem/designation-usage"/><code value="display"/></use><value value="Odontología legal"/></designation></concept><concept><code value="7"/><display value="Odontopediatría"/><designation><language value="es"/><use><system value="http://terminology.hl7.org/CodeSystem/designation-usage"/><code value="display"/></use><value value="Odontopediatría"/></designation></concept><concept><code value="8"/><display value="Ortodoncia y Ortopedia Dento Máxilo Facial"/><designation><language value="es"/><use><system value="http://terminology.hl7.org/CodeSystem/designation-usage"/><code value="display"/></use><value value="Ortodoncia y Ortopedia Dento Máxilo Facial"/></designation></concept><concept><code value="9"/><display value="Patología Oral"/><designation><language value="es"/><use><system value="http://terminology.hl7.org/CodeSystem/designation-usage"/><code value="display"/></use><value value="Patología Oral"/></designation></concept><concept><code value="10"/><display value="Periodoncia"/><designation><language value="es"/><use><system value="http://terminology.hl7.org/CodeSystem/designation-usage"/><code value="display"/></use><value value="Periodoncia"/></designation></concept><concept><code value="11"/><display value="Rehabilitación Oral"/><designation><language value="es"/><use><system value="http://terminology.hl7.org/CodeSystem/designation-usage"/><code value="display"/></use><value value="Rehabilitación Oral"/></designation></concept><concept><code value="12"/><display value="Salud Pública"/><designation><language value="es"/><use><system value="http://terminology.hl7.org/CodeSystem/designation-usage"/><code value="display"/></use><value value="Salud Pública"/></designation></concept><concept><code value="13"/><display value="Somato-Prótesis"/><designation><language value="es"/><use><system value="http://terminology.hl7.org/CodeSystem/designation-usage"/><code value="display"/></use><value value="Somato-Prótesis"/></designation></concept><concept><code value="14"/><display value="Trastornos Temporomandibulares Y Dolor Orofacial"/><designation><language value="es"/><use><system value="http://terminology.hl7.org/CodeSystem/designation-usage"/><code value="display"/></use><value value="Trastornos Temporomandibulares Y Dolor Orofacial"/></designation></concept></CodeSystem>