<?xml version="1.0" encoding="UTF-8"?><CodeSystem xmlns="http://hl7.org/fhir"><id value="CSIdentidaddeGenero"/><language value="es"/><text><status value="generated"/><div xmlns="http://www.w3.org/1999/xhtml" xml:lang="es" lang="es"><p class="res-header-id"><b>Generated Narrative: CodeSystem CSIdentidaddeGenero</b></p><a name="CSIdentidaddeGenero"> </a><a name="hcCSIdentidaddeGenero"> </a><a name="CSIdentidaddeGenero-es-CL"> </a><div style="display: inline-block; background-color: #d9e0e7; padding: 6px; margin: 4px; border: 1px solid #8da1b4; border-radius: 5px; line-height: 60%"><p style="margin-bottom: 0px">Language: es</p></div><p>This case-sensitive code system <code>https://hl7chile.cl/fhir/ig/clcore/CodeSystem/CSIdentidaddeGenero</code> defines the following codes:</p><table class="codes"><tr><td style="white-space:nowrap"><b>Code</b></td><td><b>Display</b></td></tr><tr><td style="white-space:nowrap">1<a name="CSIdentidaddeGenero-1"> </a></td><td>Masculino</td></tr><tr><td style="white-space:nowrap">2<a name="CSIdentidaddeGenero-2"> </a></td><td>Femenina</td></tr><tr><td style="white-space:nowrap">3<a name="CSIdentidaddeGenero-3"> </a></td><td>Transgénero Masculino</td></tr><tr><td style="white-space:nowrap">4<a name="CSIdentidaddeGenero-4"> </a></td><td>Transgénero Femenina</td></tr><tr><td style="white-space:nowrap">5<a name="CSIdentidaddeGenero-5"> </a></td><td>No binarie</td></tr><tr><td style="white-space:nowrap">6<a name="CSIdentidaddeGenero-6"> </a></td><td>Otra</td></tr><tr><td style="white-space:nowrap">7<a name="CSIdentidaddeGenero-7"> </a></td><td>No Revelado</td></tr></table></div></text><url value="https://hl7chile.cl/fhir/ig/clcore/CodeSystem/CSIdentidaddeGenero"/><version value="1.9.3"/><name value="CSIdentidaddeGenero"/><title value="Identidad de Genero"/><status value="active"/><experimental value="false"/><date value="2023-01-15"/><publisher value="HL7 Chile"/><contact><name value="HL7 Chile"/><telecom><system value="url"/><value value="http://hl7chile.cl"/></telecom><telecom><system value="email"/><value value="chair@hl7chile.cl"/></telecom></contact><description value="Identidad de Genero"/><jurisdiction><coding><system value="urn:iso:std:iso:3166"/><code value="CL"/><display value="Chile"/></coding></jurisdiction><copyright value="Usado con el permiso de HL7 International, todos los derechos resevados en los Licencias de HL7 Internacional."/><caseSensitive value="true"/><content value="complete"/><count value="7"/><concept><code value="1"/><display value="Masculino"/><designation><language value="es"/><use><system value="http://terminology.hl7.org/CodeSystem/designation-usage"/><code value="display"/></use><value value="Masculino"/></designation></concept><concept><code value="2"/><display value="Femenina"/><designation><language value="es"/><use><system value="http://terminology.hl7.org/CodeSystem/designation-usage"/><code value="display"/></use><value value="Femenina"/></designation></concept><concept><code value="3"/><display value="Transgénero Masculino"/><designation><language value="es"/><use><system value="http://terminology.hl7.org/CodeSystem/designation-usage"/><code value="display"/></use><value value="Transgénero Masculino"/></designation></concept><concept><code value="4"/><display value="Transgénero Femenina"/><designation><language value="es"/><use><system value="http://terminology.hl7.org/CodeSystem/designation-usage"/><code value="display"/></use><value value="Transgénero Femenina"/></designation></concept><concept><code value="5"/><display value="No binarie"/><designation><language value="es"/><use><system value="http://terminology.hl7.org/CodeSystem/designation-usage"/><code value="display"/></use><value value="No binarie"/></designation></concept><concept><code value="6"/><display value="Otra"/><designation><language value="es"/><use><system value="http://terminology.hl7.org/CodeSystem/designation-usage"/><code value="display"/></use><value value="Otra"/></designation></concept><concept><code value="7"/><display value="No Revelado"/><designation><language value="es"/><use><system value="http://terminology.hl7.org/CodeSystem/designation-usage"/><code value="display"/></use><value value="No Revelado"/></designation></concept></CodeSystem>