<?xml version="1.0" encoding="UTF-8"?><CodeSystem xmlns="http://hl7.org/fhir"><id value="CSTiposEncuentroCL"/><language value="es"/><text><status value="generated"/><div xmlns="http://www.w3.org/1999/xhtml" xml:lang="es" lang="es"><p class="res-header-id"><b>Generated Narrative: CodeSystem CSTiposEncuentroCL</b></p><a name="CSTiposEncuentroCL"> </a><a name="hcCSTiposEncuentroCL"> </a><a name="CSTiposEncuentroCL-es-CL"> </a><div style="display: inline-block; background-color: #d9e0e7; padding: 6px; margin: 4px; border: 1px solid #8da1b4; border-radius: 5px; line-height: 60%"><p style="margin-bottom: 0px">Language: es</p></div><p>This case-sensitive code system <code>https://hl7chile.cl/fhir/ig/clcore/CodeSystem/CSTiposEncuentroCL</code> defines the following codes:</p><table class="codes"><tr><td style="white-space:nowrap"><b>Code</b></td><td><b>Display</b></td></tr><tr><td style="white-space:nowrap">PR<a name="CSTiposEncuentroCL-PR"> </a></td><td>Programada</td></tr><tr><td style="white-space:nowrap">SP<a name="CSTiposEncuentroCL-SP"> </a></td><td>Espontánea</td></tr><tr><td style="white-space:nowrap">CO<a name="CSTiposEncuentroCL-CO"> </a></td><td>Comité</td></tr></table></div></text><url value="https://hl7chile.cl/fhir/ig/clcore/CodeSystem/CSTiposEncuentroCL"/><version value="1.9.3"/><name value="CSTiposEncuentroCL"/><title value="Tipos de Encuentro"/><status value="active"/><experimental value="false"/><date value="2022-05-21T00:00:00-03:00"/><publisher value="HL7 Chile"/><contact><name value="HL7 Chile"/><telecom><system value="url"/><value value="http://hl7chile.cl"/></telecom><telecom><system value="email"/><value value="chair@hl7chile.cl"/></telecom></contact><description value="Códigos de Encuentros según MINSAL"/><jurisdiction><coding><system value="urn:iso:std:iso:3166"/><code value="CL"/><display value="Chile"/></coding></jurisdiction><copyright value="Usado con el permiso de HL7 International, todos los derechos resevados en los Licencias de HL7 Internacional."/><caseSensitive value="true"/><content value="complete"/><count value="3"/><concept><code value="PR"/><display value="Programada"/><designation><language value="es"/><use><system value="http://terminology.hl7.org/CodeSystem/designation-usage"/><code value="display"/></use><value value="Programada"/></designation></concept><concept><code value="SP"/><display value="Espontánea"/><designation><language value="es"/><use><system value="http://terminology.hl7.org/CodeSystem/designation-usage"/><code value="display"/></use><value value="Espontánea"/></designation></concept><concept><code value="CO"/><display value="Comité"/><designation><language value="es"/><use><system value="http://terminology.hl7.org/CodeSystem/designation-usage"/><code value="display"/></use><value value="Comité"/></designation></concept></CodeSystem>