<?xml version="1.0" encoding="UTF-8"?><ValueSet xmlns="http://hl7.org/fhir"><id value="VSTiposVacunas"/><language value="es"/><text><status value="generated"/><div xmlns="http://www.w3.org/1999/xhtml" xml:lang="es" lang="es"><p class="res-header-id"><b>Generated Narrative: ValueSet VSTiposVacunas</b></p><a name="VSTiposVacunas"> </a><a name="hcVSTiposVacunas"> </a><a name="VSTiposVacunas-es-CL"> </a><div style="display: inline-block; background-color: #d9e0e7; padding: 6px; margin: 4px; border: 1px solid #8da1b4; border-radius: 5px; line-height: 60%"><p style="margin-bottom: 0px">Language: es</p></div><ul><li>Include all codes defined in <a href="CodeSystem-CSCodigoVacunas.html"><code>https://hl7chile.cl/fhir/ig/clcore/CodeSystem/CSCodigoVacunas</code></a></li></ul></div></text><url value="https://hl7chile.cl/fhir/ig/clcore/ValueSet/VSTiposVacunas"/><version value="1.9.3"/><name value="VSTiposVacunasCL"/><title value="Tipos de Vacunas RNI"/><status value="active"/><experimental value="false"/><date value="2022-06-05T00:00:00-03:00"/><publisher value="HL7 Chile"/><contact><name value="HL7 Chile"/><telecom><system value="url"/><value value="http://hl7chile.cl"/></telecom><telecom><system value="email"/><value value="chair@hl7chile.cl"/></telecom></contact><description value="Tipos de Vacunas utilizadas en Chile según CodeSystem local"/><jurisdiction><coding><system value="urn:iso:std:iso:3166"/><code value="CL"/><display value="Chile"/></coding></jurisdiction><copyright value="Usado con el permiso de HL7 International, todos los derechos resevados en los Licencias de HL7 Internacional."/><compose><include><system value="https://hl7chile.cl/fhir/ig/clcore/CodeSystem/CSCodigoVacunas"/></include></compose></ValueSet>