<?xml version="1.0" encoding="UTF-8"?><ValueSet xmlns="http://hl7.org/fhir"><id value="cl-core-vs-signos-vitales"/><language value="es"/><text><status value="generated"/><div xmlns="http://www.w3.org/1999/xhtml" xml:lang="es" lang="es"><p class="res-header-id"><b>Generated Narrative: ValueSet cl-core-vs-signos-vitales</b></p><a name="cl-core-vs-signos-vitales"> </a><a name="hccl-core-vs-signos-vitales"> </a><a name="cl-core-vs-signos-vitales-es-CL"> </a><div style="display: inline-block; background-color: #d9e0e7; padding: 6px; margin: 4px; border: 1px solid #8da1b4; border-radius: 5px; line-height: 60%"><p style="margin-bottom: 0px">Language: es</p></div><ul><li>Include these codes as defined in <a href="http://loinc.org"><code>http://loinc.org</code></a><table class="none"><tr><td style="white-space:nowrap"><b>Code</b></td><td><b>Display</b></td></tr><tr><td><a href="https://loinc.org/59576-9/">59576-9</a></td><td style="color: #cccccc">Índice de masa corporal: Paciente:Punto temporal:Prctl:Cuantitativo:Per age and sex</td></tr><tr><td><a href="https://loinc.org/77606-2/">77606-2</a></td><td style="color: #cccccc">Peso por longitud: Paciente:Punto temporal:Prctl:Cuantitativo:Per age and sex</td></tr><tr><td><a href="https://loinc.org/85354-9/">85354-9</a></td><td style="color: #cccccc">Panel de presión arterial con todos los niños opcional:Sistema arterial :Punto temporal:-:Cuantitativo:</td></tr><tr><td><a href="https://loinc.org/8480-6/">8480-6</a></td><td style="color: #cccccc">Sistólica intravascular:Sistema arterial :Punto temporal:Pres:Cuantitativo:</td></tr><tr><td><a href="https://loinc.org/8462-4/">8462-4</a></td><td style="color: #cccccc">Diastólica intravascular:Sistema arterial :Punto temporal:Pres:Cuantitativo:</td></tr><tr><td><a href="https://loinc.org/39156-5/">39156-5</a></td><td style="color: #cccccc">Índice de masa corporal: Paciente:Punto temporal:Proporción:Cuantitativo:</td></tr><tr><td><a href="https://loinc.org/8302-2/">8302-2</a></td><td style="color: #cccccc">Peso corporal: Paciente:Punto temporal:Len:Cuantitativo:</td></tr><tr><td><a href="https://loinc.org/8310-5/">8310-5</a></td><td style="color: #cccccc">Temperatura corporal: Paciente:Punto temporal:Temperatura:Cuantitativo:</td></tr><tr><td><a href="https://loinc.org/29463-7/">29463-7</a></td><td style="color: #cccccc">Peso corporal: Paciente:Punto temporal:Masa:Cuantitativo:</td></tr><tr><td><a href="https://loinc.org/9843-4/">9843-4</a></td><td style="color: #cccccc">Circunferencia occipital-frontal:Cabeza :Punto temporal:Len:Cuantitativo:</td></tr><tr><td><a href="https://loinc.org/8867-4/">8867-4</a></td><td style="color: #cccccc">Ritmo cardiaco:No especificado :Punto temporal:NRat:Cuantitativo:</td></tr><tr><td><a href="https://loinc.org/59408-5/">59408-5</a></td><td style="color: #cccccc">Saturación de oxígeno:BldA :Punto temporal:Sr.:Cuantitativo:Pulse oximetry</td></tr><tr><td><a href="https://loinc.org/2708-6/">2708-6</a></td><td style="color: #cccccc">Saturación de oxígeno: Sangre arterial : Punto temporal: Fracción de masa: Cuantitativo:</td></tr><tr><td><a href="https://loinc.org/3151-8/">3151-8</a></td><td style="color: #cccccc">Oxigeno inhalado:Gas inhl :Punto temporal:VRat:Cuantitativo:</td></tr><tr><td><a href="https://loinc.org/3150-0/">3150-0</a></td><td style="color: #cccccc">Oxígeno / Gas total:Gas inhl :Punto temporal:VFr:Cuantitativo:</td></tr><tr><td><a href="https://loinc.org/9279-1/">9279-1</a></td><td style="color: #cccccc">Respiraciones:Sistema respiratorio :Punto temporal:NRat:Cuantitativo:</td></tr><tr><td><a href="https://loinc.org/8289-1/">8289-1</a></td><td style="color: #cccccc">Circunferencia occipital-frontal:Cabeza :Punto temporal:Prctl:Cuantitativo:</td></tr></table></li></ul></div></text><url value="https://hl7chile.cl/fhir/ig/clcore/ValueSet/cl-core-vs-signos-vitales"/><version value="1.9.3"/><name value="VSSignosVitales"/><title value="Set de Valores Signos Vitales"/><status value="active"/><experimental value="false"/><date value="2022-01-18T00:00:00-03:00"/><publisher value="HL7 Chile"/><contact><name value="HL7 Chile"/><telecom><system value="url"/><value value="http://hl7chile.cl"/></telecom><telecom><system value="email"/><value value="chair@hl7chile.cl"/></telecom></contact><description value="Este set de valores LOINC utilizados para identificar los signos vitales"/><jurisdiction><coding><system value="urn:iso:std:iso:3166"/><code value="CL"/><display value="Chile"/></coding></jurisdiction><copyright value="This material contains content from LOINC (http://loinc.org). LOINC is copyright © 1995-2020, Regenstrief Institute, Inc. and the Logical Observation Identifiers Names and Codes (LOINC) Committee and is available at no cost under the license at http://loinc.org/license. LOINC® is a registered United States trademark of Regenstrief Institute, Inc"/><compose><include><system value="http://loinc.org"/><concept><code value="59576-9"/></concept><concept><code value="77606-2"/></concept><concept><code value="85354-9"/></concept><concept><code value="8480-6"/></concept><concept><code value="8462-4"/></concept><concept><code value="39156-5"/></concept><concept><code value="8302-2"/></concept><concept><code value="8310-5"/></concept><concept><code value="29463-7"/></concept><concept><code value="9843-4"/></concept><concept><code value="8867-4"/></concept><concept><code value="59408-5"/></concept><concept><code value="2708-6"/></concept><concept><code value="3151-8"/></concept><concept><code value="3150-0"/></concept><concept><code value="9279-1"/></concept><concept><code value="8289-1"/></concept></include></compose></ValueSet>