<?xml version="1.0" encoding="UTF-8"?><ValueSet xmlns="http://hl7.org/fhir"><id value="VSOtrosContactos"/><language value="es"/><text><status value="generated"/><div xmlns="http://www.w3.org/1999/xhtml" xml:lang="es" lang="es"><p class="res-header-id"><b>Generated Narrative: ValueSet VSOtrosContactos</b></p><a name="VSOtrosContactos"> </a><a name="hcVSOtrosContactos"> </a><a name="VSOtrosContactos-es-CL"> </a><div style="display: inline-block; background-color: #d9e0e7; padding: 6px; margin: 4px; border: 1px solid #8da1b4; border-radius: 5px; line-height: 60%"><p style="margin-bottom: 0px">Language: es</p></div><ul><li>Include all codes defined in <a href="CodeSystem-CSOtrosContactos.html"><code>https://hl7chile.cl/fhir/ig/clcore/CodeSystem/CSOtrosContactos</code></a></li></ul></div></text><url value="https://hl7chile.cl/fhir/ig/clcore/ValueSet/VSOtrosContactos"/><version value="1.9.3"/><name value="VSOtrosContactos"/><title value="Códigos de otros contactos del paciente"/><status value="active"/><experimental value="false"/><date value="2022-07-25T00:00:00-03:00"/><publisher value="HL7 Chile"/><contact><name value="HL7 Chile"/><telecom><system value="url"/><value value="http://hl7chile.cl"/></telecom><telecom><system value="email"/><value value="chair@hl7chile.cl"/></telecom></contact><description value="Códigos de contactos adicionales usados en Chile para paciente"/><jurisdiction><coding><system value="urn:iso:std:iso:3166"/><code value="CL"/><display value="Chile"/></coding></jurisdiction><copyright value="This value set includes content from SNOMED CT, which is copyright © 2002+ International Health Terminology Standards Development Organisation (IHTSDO), and distributed by agreement between IHTSDO and HL7. Implementer use of SNOMED CT is not covered by this agreement"/><compose><include><system value="https://hl7chile.cl/fhir/ig/clcore/CodeSystem/CSOtrosContactos"/></include></compose></ValueSet>