<?xml version="1.0" encoding="UTF-8"?><ValueSet xmlns="http://hl7.org/fhir"><id value="VSCodigoslenguaje"/><language value="es"/><text><status value="generated"/><div xmlns="http://www.w3.org/1999/xhtml" xml:lang="es" lang="es"><p class="res-header-id"><b>Generated Narrative: ValueSet VSCodigoslenguaje</b></p><a name="VSCodigoslenguaje"> </a><a name="hcVSCodigoslenguaje"> </a><a name="VSCodigoslenguaje-es-CL"> </a><div style="display: inline-block; background-color: #d9e0e7; padding: 6px; margin: 4px; border: 1px solid #8da1b4; border-radius: 5px; line-height: 60%"><p style="margin-bottom: 0px">Language: es</p></div><ul><li>Include all codes defined in <a href="http://terminology.hl7.org/6.4.0/CodeSystem-v3-ietf3066.html"><code>urn:ietf:bcp:47</code></a></li></ul></div></text><url value="https://hl7chile.cl/fhir/ig/clcore/ValueSet/VSCodigoslenguaje"/><version value="1.9.3"/><name value="VSCodigoslenguaje"/><title value="Codigos Lenguaje"/><status value="active"/><experimental value="false"/><date value="2022-06-10T00:00:00-03:00"/><publisher value="HL7 Chile"/><contact><name value="HL7 Chile"/><telecom><system value="url"/><value value="http://hl7chile.cl"/></telecom><telecom><system value="email"/><value value="chair@hl7chile.cl"/></telecom></contact><description value="Códigos de leguaje"/><jurisdiction><coding><system value="urn:iso:std:iso:3166"/><code value="CL"/><display value="Chile"/></coding></jurisdiction><copyright value="Usado con el permiso de HL7 International, todos los derechos resevados en los Licencias de HL7 Internacional."/><compose><include><system value="urn:ietf:bcp:47"/></include></compose></ValueSet>