{"resourceType":"CodeSystem","id":"CSEspecialidadOdontologica","language":"es","text":{"status":"generated","div":"<div xmlns=\"http://www.w3.org/1999/xhtml\" xml:lang=\"es\" lang=\"es\"><p class=\"res-header-id\"><b>Generated Narrative: CodeSystem CSEspecialidadOdontologica</b></p><a name=\"CSEspecialidadOdontologica\"> </a><a name=\"hcCSEspecialidadOdontologica\"> </a><a name=\"CSEspecialidadOdontologica-es-CL\"> </a><div style=\"display: inline-block; background-color: #d9e0e7; padding: 6px; margin: 4px; border: 1px solid #8da1b4; border-radius: 5px; line-height: 60%\"><p style=\"margin-bottom: 0px\">Language: es</p></div><p>This case-sensitive code system <code>https://hl7chile.cl/fhir/ig/clcore/CodeSystem/CSEspecialidadOdontologica</code> defines the following codes:</p><table class=\"codes\"><tr><td style=\"white-space:nowrap\"><b>Code</b></td><td><b>Display</b></td></tr><tr><td style=\"white-space:nowrap\">1<a name=\"CSEspecialidadOdontologica-1\"> </a></td><td>Cirugía y Traumatología Buco Maxilofacial</td></tr><tr><td style=\"white-space:nowrap\">2<a name=\"CSEspecialidadOdontologica-2\"> </a></td><td>Cirugía Bucal</td></tr><tr><td style=\"white-space:nowrap\">3<a name=\"CSEspecialidadOdontologica-3\"> </a></td><td>Endodoncia</td></tr><tr><td style=\"white-space:nowrap\">4<a name=\"CSEspecialidadOdontologica-4\"> </a></td><td>Imagenología Oral y Maxilofacial</td></tr><tr><td style=\"white-space:nowrap\">5<a name=\"CSEspecialidadOdontologica-5\"> </a></td><td>Implantología Buco Maxilofacial</td></tr><tr><td style=\"white-space:nowrap\">6<a name=\"CSEspecialidadOdontologica-6\"> </a></td><td>Odontología legal</td></tr><tr><td style=\"white-space:nowrap\">7<a name=\"CSEspecialidadOdontologica-7\"> </a></td><td>Odontopediatría</td></tr><tr><td style=\"white-space:nowrap\">8<a name=\"CSEspecialidadOdontologica-8\"> </a></td><td>Ortodoncia y Ortopedia Dento Máxilo Facial</td></tr><tr><td style=\"white-space:nowrap\">9<a name=\"CSEspecialidadOdontologica-9\"> </a></td><td>Patología Oral</td></tr><tr><td style=\"white-space:nowrap\">10<a name=\"CSEspecialidadOdontologica-10\"> </a></td><td>Periodoncia</td></tr><tr><td style=\"white-space:nowrap\">11<a name=\"CSEspecialidadOdontologica-11\"> </a></td><td>Rehabilitación Oral</td></tr><tr><td style=\"white-space:nowrap\">12<a name=\"CSEspecialidadOdontologica-12\"> </a></td><td>Salud Pública</td></tr><tr><td style=\"white-space:nowrap\">13<a name=\"CSEspecialidadOdontologica-13\"> </a></td><td>Somato-Prótesis</td></tr><tr><td style=\"white-space:nowrap\">14<a name=\"CSEspecialidadOdontologica-14\"> </a></td><td>Trastornos Temporomandibulares Y Dolor Orofacial</td></tr></table></div>"},"url":"https://hl7chile.cl/fhir/ig/clcore/CodeSystem/CSEspecialidadOdontologica","version":"1.9.3","name":"CSEspecialidadOdontologica","title":"Especialidad Odontologica","status":"active","experimental":false,"date":"2023-01-15","publisher":"HL7 Chile","contact":[{"name":"HL7 Chile","telecom":[{"system":"url","value":"http://hl7chile.cl"},{"system":"email","value":"chair@hl7chile.cl"}]}],"description":"Especialidad de Odontologica","jurisdiction":[{"coding":[{"system":"urn:iso:std:iso:3166","code":"CL","display":"Chile"}]}],"copyright":"Usado con el permiso de HL7 International, todos los derechos resevados en los Licencias de HL7 Internacional.","caseSensitive":true,"content":"complete","count":14,"concept":[{"code":"1","display":"Cirugía y Traumatología Buco Maxilofacial","designation":[{"language":"es","use":{"system":"http://terminology.hl7.org/CodeSystem/designation-usage","code":"display"},"value":"Cirugía y Traumatología Buco Maxilofacial"}]},{"code":"2","display":"Cirugía Bucal","designation":[{"language":"es","use":{"system":"http://terminology.hl7.org/CodeSystem/designation-usage","code":"display"},"value":"Cirugía Bucal"}]},{"code":"3","display":"Endodoncia","designation":[{"language":"es","use":{"system":"http://terminology.hl7.org/CodeSystem/designation-usage","code":"display"},"value":"Endodoncia"}]},{"code":"4","display":"Imagenología Oral y Maxilofacial","designation":[{"language":"es","use":{"system":"http://terminology.hl7.org/CodeSystem/designation-usage","code":"display"},"value":"Imagenología Oral y Maxilofacial"}]},{"code":"5","display":"Implantología Buco Maxilofacial","designation":[{"language":"es","use":{"system":"http://terminology.hl7.org/CodeSystem/designation-usage","code":"display"},"value":"Implantología Buco Maxilofacial"}]},{"code":"6","display":"Odontología legal","designation":[{"language":"es","use":{"system":"http://terminology.hl7.org/CodeSystem/designation-usage","code":"display"},"value":"Odontología legal"}]},{"code":"7","display":"Odontopediatría","designation":[{"language":"es","use":{"system":"http://terminology.hl7.org/CodeSystem/designation-usage","code":"display"},"value":"Odontopediatría"}]},{"code":"8","display":"Ortodoncia y Ortopedia Dento Máxilo Facial","designation":[{"language":"es","use":{"system":"http://terminology.hl7.org/CodeSystem/designation-usage","code":"display"},"value":"Ortodoncia y Ortopedia Dento Máxilo Facial"}]},{"code":"9","display":"Patología Oral","designation":[{"language":"es","use":{"system":"http://terminology.hl7.org/CodeSystem/designation-usage","code":"display"},"value":"Patología Oral"}]},{"code":"10","display":"Periodoncia","designation":[{"language":"es","use":{"system":"http://terminology.hl7.org/CodeSystem/designation-usage","code":"display"},"value":"Periodoncia"}]},{"code":"11","display":"Rehabilitación Oral","designation":[{"language":"es","use":{"system":"http://terminology.hl7.org/CodeSystem/designation-usage","code":"display"},"value":"Rehabilitación Oral"}]},{"code":"12","display":"Salud Pública","designation":[{"language":"es","use":{"system":"http://terminology.hl7.org/CodeSystem/designation-usage","code":"display"},"value":"Salud Pública"}]},{"code":"13","display":"Somato-Prótesis","designation":[{"language":"es","use":{"system":"http://terminology.hl7.org/CodeSystem/designation-usage","code":"display"},"value":"Somato-Prótesis"}]},{"code":"14","display":"Trastornos Temporomandibulares Y Dolor Orofacial","designation":[{"language":"es","use":{"system":"http://terminology.hl7.org/CodeSystem/designation-usage","code":"display"},"value":"Trastornos Temporomandibulares Y Dolor Orofacial"}]}]}