{"resourceType":"CodeSystem","id":"CSCodigoVacunas","language":"es","text":{"status":"generated","div":"<div xmlns=\"http://www.w3.org/1999/xhtml\" xml:lang=\"es\" lang=\"es\"><p class=\"res-header-id\"><b>Generated Narrative: CodeSystem CSCodigoVacunas</b></p><a name=\"CSCodigoVacunas\"> </a><a name=\"hcCSCodigoVacunas\"> </a><a name=\"CSCodigoVacunas-es-CL\"> </a><div style=\"display: inline-block; background-color: #d9e0e7; padding: 6px; margin: 4px; border: 1px solid #8da1b4; border-radius: 5px; line-height: 60%\"><p style=\"margin-bottom: 0px\">Language: es</p></div><p>This case-sensitive code system <code>https://hl7chile.cl/fhir/ig/clcore/CodeSystem/CSCodigoVacunas</code> defines the following codes:</p><table class=\"codes\"><tr><td style=\"white-space:nowrap\"><b>Code</b></td><td><b>Display</b></td></tr><tr><td style=\"white-space:nowrap\">actacelPriv<a name=\"CSCodigoVacunas-actacelPriv\"> </a></td><td>Actacel (sector privado)</td></tr><tr><td style=\"white-space:nowrap\">antirr<a name=\"CSCodigoVacunas-antirr\"> </a></td><td>Antirrábica</td></tr><tr><td style=\"white-space:nowrap\">antirrPriv<a name=\"CSCodigoVacunas-antirrPriv\"> </a></td><td>Antirrábica (sector privado)</td></tr><tr><td style=\"white-space:nowrap\">antitifoInyPriv<a name=\"CSCodigoVacunas-antitifoInyPriv\"> </a></td><td>Antitifoidea inyectable (sector privado)</td></tr><tr><td style=\"white-space:nowrap\">bcgMat<a name=\"CSCodigoVacunas-bcgMat\"> </a></td><td>BCG MATERNIDAD</td></tr><tr><td style=\"white-space:nowrap\">bcg_mat<a name=\"CSCodigoVacunas-bcg_mat\"> </a></td><td>BCG_maternidad</td></tr><tr><td style=\"white-space:nowrap\">fiebreAmar<a name=\"CSCodigoVacunas-fiebreAmar\"> </a></td><td>Fiebre Amarilla</td></tr><tr><td style=\"white-space:nowrap\">hep_A<a name=\"CSCodigoVacunas-hep_A\"> </a></td><td>Hepatítis A</td></tr><tr><td style=\"white-space:nowrap\">hep_A_adult<a name=\"CSCodigoVacunas-hep_A_adult\"> </a></td><td>Hepatitis A adulto</td></tr><tr><td style=\"white-space:nowrap\">hep_A_adultPriv<a name=\"CSCodigoVacunas-hep_A_adultPriv\"> </a></td><td>Hepatitis A adulto (sector privado)</td></tr><tr><td style=\"white-space:nowrap\">hep_A_ped<a name=\"CSCodigoVacunas-hep_A_ped\"> </a></td><td>Hepatitis A pediátrica</td></tr><tr><td style=\"white-space:nowrap\">hep_A_pedPriv<a name=\"CSCodigoVacunas-hep_A_pedPriv\"> </a></td><td>Hepatitis A pediátrica (sector privado)</td></tr><tr><td style=\"white-space:nowrap\">hep_A-B_adultPriv<a name=\"CSCodigoVacunas-hep_A-B_adultPriv\"> </a></td><td>Hepatitis A-B adulto (sector privado)</td></tr><tr><td style=\"white-space:nowrap\">hep_A-B_pedPriv<a name=\"CSCodigoVacunas-hep_A-B_pedPriv\"> </a></td><td>Hepatitis A-B pediátrica (sector privado)</td></tr><tr><td style=\"white-space:nowrap\">hep_B_adult<a name=\"CSCodigoVacunas-hep_B_adult\"> </a></td><td>Hepatitis B adulto</td></tr><tr><td style=\"white-space:nowrap\">hep_B_adultPriv<a name=\"CSCodigoVacunas-hep_B_adultPriv\"> </a></td><td>Hepatitis B adulto (sector privado)</td></tr><tr><td style=\"white-space:nowrap\">hep_B_dializAdult<a name=\"CSCodigoVacunas-hep_B_dializAdult\"> </a></td><td>Hepatitis B dializados adulto</td></tr><tr><td style=\"white-space:nowrap\">hep_B_dializPed<a name=\"CSCodigoVacunas-hep_B_dializPed\"> </a></td><td>Hepatitis B dializados pediátrica</td></tr><tr><td style=\"white-space:nowrap\">hep_B_ped<a name=\"CSCodigoVacunas-hep_B_ped\"> </a></td><td>Hepatitis B pediátrica</td></tr><tr><td style=\"white-space:nowrap\">hep_B_pedPriv<a name=\"CSCodigoVacunas-hep_B_pedPriv\"> </a></td><td>Hepatitis B pediátrica (sector privado)</td></tr><tr><td style=\"white-space:nowrap\">hep_B_maternidad<a name=\"CSCodigoVacunas-hep_B_maternidad\"> </a></td><td>Hepatitis B_maternidad</td></tr><tr><td style=\"white-space:nowrap\">herpesZPriv<a name=\"CSCodigoVacunas-herpesZPriv\"> </a></td><td>Herpes Zoster (sector privado)</td></tr><tr><td style=\"white-space:nowrap\">hexavalent<a name=\"CSCodigoVacunas-hexavalent\"> </a></td><td>Hexavalente</td></tr><tr><td style=\"white-space:nowrap\">hezavalentPriv<a name=\"CSCodigoVacunas-hezavalentPriv\"> </a></td><td>Hexavalente (sector privado)</td></tr><tr><td style=\"white-space:nowrap\">inmAntitetanic<a name=\"CSCodigoVacunas-inmAntitetanic\"> </a></td><td>INMUNOGLOBULINA ANTITETANICA</td></tr><tr><td style=\"white-space:nowrap\">inmAntiVaricela<a name=\"CSCodigoVacunas-inmAntiVaricela\"> </a></td><td>Inmunoglobulina anti varicela</td></tr><tr><td style=\"white-space:nowrap\">inmAntirrabica<a name=\"CSCodigoVacunas-inmAntirrabica\"> </a></td><td>Inmunoglobulina antirrábica</td></tr><tr><td style=\"white-space:nowrap\">inmAntirrabicaPriv<a name=\"CSCodigoVacunas-inmAntirrabicaPriv\"> </a></td><td>Inmunoglobulina antirrábica (sector privado)</td></tr><tr><td style=\"white-space:nowrap\">inmAntitetanica<a name=\"CSCodigoVacunas-inmAntitetanica\"> </a></td><td>Inmunoglobulina Antitetánica</td></tr><tr><td style=\"white-space:nowrap\">inmEstandarH_A<a name=\"CSCodigoVacunas-inmEstandarH_A\"> </a></td><td>Inmunoglobulina estandar (Hep. A)</td></tr><tr><td style=\"white-space:nowrap\">inmEstandarSaramp<a name=\"CSCodigoVacunas-inmEstandarSaramp\"> </a></td><td>Inmunoglobulina estandar (Sarampión)</td></tr><tr><td style=\"white-space:nowrap\">inmEstandarVaric<a name=\"CSCodigoVacunas-inmEstandarVaric\"> </a></td><td>Inmunoglobulina estandar (Varicela)</td></tr><tr><td style=\"white-space:nowrap\">inmHepat_B<a name=\"CSCodigoVacunas-inmHepat_B\"> </a></td><td>Inmunoglobulina Hepatitis B</td></tr><tr><td style=\"white-space:nowrap\">neumococicaConj10V<a name=\"CSCodigoVacunas-neumococicaConj10V\"> </a></td><td>Neumocócica conjugada 10V</td></tr><tr><td style=\"white-space:nowrap\">neomococicaConj10VPriv<a name=\"CSCodigoVacunas-neomococicaConj10VPriv\"> </a></td><td>Neumocócica conjugada 10V (sector privado)</td></tr><tr><td style=\"white-space:nowrap\">neumococicaConj13V<a name=\"CSCodigoVacunas-neumococicaConj13V\"> </a></td><td>Neumocócica conjugada 13V</td></tr><tr><td style=\"white-space:nowrap\">neumococicaConj13VPriv<a name=\"CSCodigoVacunas-neumococicaConj13VPriv\"> </a></td><td>Neumocócica conjugada 13V (sector privado)</td></tr><tr><td style=\"white-space:nowrap\">neumococicaPolisac23V<a name=\"CSCodigoVacunas-neumococicaPolisac23V\"> </a></td><td>Neumocócica polisacárida 23V</td></tr><tr><td style=\"white-space:nowrap\">neumococicaPolisac23VPriv<a name=\"CSCodigoVacunas-neumococicaPolisac23VPriv\"> </a></td><td>Neumocócica polisacárida 23V (sector privado)</td></tr><tr><td style=\"white-space:nowrap\">pentavalente<a name=\"CSCodigoVacunas-pentavalente\"> </a></td><td>Pentavalente</td></tr><tr><td style=\"white-space:nowrap\">polioInactIny<a name=\"CSCodigoVacunas-polioInactIny\"> </a></td><td>Polio inactivada inyectable</td></tr><tr><td style=\"white-space:nowrap\">polioInactInyPriv<a name=\"CSCodigoVacunas-polioInactInyPriv\"> </a></td><td>Polio inactivada inyectable (sector privado)</td></tr><tr><td style=\"white-space:nowrap\">polioOralBival_boPV<a name=\"CSCodigoVacunas-polioOralBival_boPV\"> </a></td><td>Polio oral bivalente (bOPV)</td></tr><tr><td style=\"white-space:nowrap\">polioOralTrival<a name=\"CSCodigoVacunas-polioOralTrival\"> </a></td><td>Polio oral trivalente</td></tr><tr><td style=\"white-space:nowrap\">rotavirus<a name=\"CSCodigoVacunas-rotavirus\"> </a></td><td>Rotavirus</td></tr><tr><td style=\"white-space:nowrap\">rotavirusPriv<a name=\"CSCodigoVacunas-rotavirusPriv\"> </a></td><td>Rotavirus (sector privado)</td></tr><tr><td style=\"white-space:nowrap\">saramp_rube_paper<a name=\"CSCodigoVacunas-saramp_rube_paper\"> </a></td><td>Sarampión-Rubeóla-Paperas</td></tr><tr><td style=\"white-space:nowrap\">toxoideDTPriv<a name=\"CSCodigoVacunas-toxoideDTPriv\"> </a></td><td>Toxoide DT (sector privado)</td></tr><tr><td style=\"white-space:nowrap\">toxoideDTEscol<a name=\"CSCodigoVacunas-toxoideDTEscol\"> </a></td><td>TOXOIDE DT ESCOLAR</td></tr><tr><td style=\"white-space:nowrap\">toxoideDTProfil<a name=\"CSCodigoVacunas-toxoideDTProfil\"> </a></td><td>TOXOIDE DT PROFILAXIS</td></tr><tr><td style=\"white-space:nowrap\">vacunaAntiten<a name=\"CSCodigoVacunas-vacunaAntiten\"> </a></td><td>VACUNA ANTITETÁNICA</td></tr><tr><td style=\"white-space:nowrap\">vacunaAntitenPriv<a name=\"CSCodigoVacunas-vacunaAntitenPriv\"> </a></td><td>Vacuna Antitetánica (sector privado)</td></tr><tr><td style=\"white-space:nowrap\">vacunaBCG<a name=\"CSCodigoVacunas-vacunaBCG\"> </a></td><td>VACUNA BCG</td></tr><tr><td style=\"white-space:nowrap\">vacunaBexsero<a name=\"CSCodigoVacunas-vacunaBexsero\"> </a></td><td>VACUNA BEXSERO</td></tr><tr><td style=\"white-space:nowrap\">vacunaBexseroPriv<a name=\"CSCodigoVacunas-vacunaBexseroPriv\"> </a></td><td>VACUNA BEXSERO (Sector privado)</td></tr><tr><td style=\"white-space:nowrap\">vacunaDPT<a name=\"CSCodigoVacunas-vacunaDPT\"> </a></td><td>VACUNA DPT</td></tr><tr><td style=\"white-space:nowrap\">vacunadpTaPriv<a name=\"CSCodigoVacunas-vacunadpTaPriv\"> </a></td><td>Vacuna dpTa (sector privado)</td></tr><tr><td style=\"white-space:nowrap\">vacunadtPa<a name=\"CSCodigoVacunas-vacunadtPa\"> </a></td><td>Vacuna dTpa</td></tr><tr><td style=\"white-space:nowrap\">vacunaHepat_AyB<a name=\"CSCodigoVacunas-vacunaHepat_AyB\"> </a></td><td>VACUNA HEPATITIS A Y B</td></tr><tr><td style=\"white-space:nowrap\">vacunaHIB<a name=\"CSCodigoVacunas-vacunaHIB\"> </a></td><td>VACUNA HIB</td></tr><tr><td style=\"white-space:nowrap\">vacunaHIBPriv<a name=\"CSCodigoVacunas-vacunaHIBPriv\"> </a></td><td>Vacuna HIB (sector privado)</td></tr><tr><td style=\"white-space:nowrap\">vacunaInfluTrival<a name=\"CSCodigoVacunas-vacunaInfluTrival\"> </a></td><td>VACUNA INFLUENZA TRIVALENTE</td></tr><tr><td style=\"white-space:nowrap\">vacunaMenacPriv<a name=\"CSCodigoVacunas-vacunaMenacPriv\"> </a></td><td>VACUNA MENACTRA (Sector privado)</td></tr><tr><td style=\"white-space:nowrap\">vacunaMenveo<a name=\"CSCodigoVacunas-vacunaMenveo\"> </a></td><td>VACUNA MENVEO</td></tr><tr><td style=\"white-space:nowrap\">vacunaMenveoPriv<a name=\"CSCodigoVacunas-vacunaMenveoPriv\"> </a></td><td>VACUNA MENVEO (Sector privado)</td></tr><tr><td style=\"white-space:nowrap\">vacunaNeumoco7V<a name=\"CSCodigoVacunas-vacunaNeumoco7V\"> </a></td><td>VACUNA NEUMOCOCICA 7 V</td></tr><tr><td style=\"white-space:nowrap\">vacunaNimenrix<a name=\"CSCodigoVacunas-vacunaNimenrix\"> </a></td><td>VACUNA NIMENRIX</td></tr><tr><td style=\"white-space:nowrap\">vacunaNimenrixPriv<a name=\"CSCodigoVacunas-vacunaNimenrixPriv\"> </a></td><td>VACUNA NIMENRIX (sector privado)</td></tr><tr><td style=\"white-space:nowrap\">vacunaPoliomielInact<a name=\"CSCodigoVacunas-vacunaPoliomielInact\"> </a></td><td>VACUNA POLIOMIELITIS INACTIVADA</td></tr><tr><td style=\"white-space:nowrap\">vacunaSRPt3VMonodos<a name=\"CSCodigoVacunas-vacunaSRPt3VMonodos\"> </a></td><td>VACUNA SRP (TRES VIRICA) MONODOSIS</td></tr><tr><td style=\"white-space:nowrap\">vacunaSRP3VMultidos<a name=\"CSCodigoVacunas-vacunaSRP3VMultidos\"> </a></td><td>VACUNA SRP (TRES VIRICA) MULTIDOSIS</td></tr><tr><td style=\"white-space:nowrap\">vacunaSRPTrivMonodos<a name=\"CSCodigoVacunas-vacunaSRPTrivMonodos\"> </a></td><td>Vacuna SRP (trivirica) Monodosis</td></tr><tr><td style=\"white-space:nowrap\">vacunaSRPTrivMultidos<a name=\"CSCodigoVacunas-vacunaSRPTrivMultidos\"> </a></td><td>Vacuna SRP (trivirica) Multidosis</td></tr><tr><td style=\"white-space:nowrap\">varicela<a name=\"CSCodigoVacunas-varicela\"> </a></td><td>Varicela</td></tr><tr><td style=\"white-space:nowrap\">varicelaPriv<a name=\"CSCodigoVacunas-varicelaPriv\"> </a></td><td>Varicela (sector privado)</td></tr><tr><td style=\"white-space:nowrap\">VPHBivalPriv<a name=\"CSCodigoVacunas-VPHBivalPriv\"> </a></td><td>VPH Bivalente (sector privado)</td></tr><tr><td style=\"white-space:nowrap\">VPHNonavalPriv<a name=\"CSCodigoVacunas-VPHNonavalPriv\"> </a></td><td>VPH Nonavalente (sector privado)</td></tr><tr><td style=\"white-space:nowrap\">VPHTetraval<a name=\"CSCodigoVacunas-VPHTetraval\"> </a></td><td>VPH Tetravalente</td></tr><tr><td style=\"white-space:nowrap\">VPHTretavalPriv<a name=\"CSCodigoVacunas-VPHTretavalPriv\"> </a></td><td>VPH Tetravalente (sector privado)</td></tr></table></div>"},"url":"https://hl7chile.cl/fhir/ig/clcore/CodeSystem/CSCodigoVacunas","version":"1.9.3","name":"CSTiposVacunaCL","title":"Códigos de Vacunas RNI","status":"active","experimental":false,"date":"2022-06-05T00:00:00-03:00","publisher":"HL7 Chile","contact":[{"name":"HL7 Chile","telecom":[{"system":"url","value":"http://hl7chile.cl"},{"system":"email","value":"chair@hl7chile.cl"}]}],"description":"Códigos de las vacunas o inmunizaciones según indicaciones del Ministerio de Salud","jurisdiction":[{"coding":[{"system":"urn:iso:std:iso:3166","code":"CL","display":"Chile"}]}],"copyright":"Usado con el permiso de HL7 International, todos los derechos resevados en los Licencias de HL7 Internacional.","caseSensitive":true,"content":"complete","count":79,"concept":[{"code":"actacelPriv","display":"Actacel (sector privado)","designation":[{"language":"es","use":{"system":"http://terminology.hl7.org/CodeSystem/designation-usage","code":"display"},"value":"Actacel (sector privado)"}]},{"code":"antirr","display":"Antirrábica","designation":[{"language":"es","use":{"system":"http://terminology.hl7.org/CodeSystem/designation-usage","code":"display"},"value":"Antirrábica"}]},{"code":"antirrPriv","display":"Antirrábica (sector privado)","designation":[{"language":"es","use":{"system":"http://terminology.hl7.org/CodeSystem/designation-usage","code":"display"},"value":"Antirrábica (sector privado)"}]},{"code":"antitifoInyPriv","display":"Antitifoidea inyectable (sector privado)","designation":[{"language":"es","use":{"system":"http://terminology.hl7.org/CodeSystem/designation-usage","code":"display"},"value":"Antitifoidea inyectable (sector privado)"}]},{"code":"bcgMat","display":"BCG MATERNIDAD","designation":[{"language":"es","use":{"system":"http://terminology.hl7.org/CodeSystem/designation-usage","code":"display"},"value":"BCG MATERNIDAD"}]},{"code":"bcg_mat","display":"BCG_maternidad","designation":[{"language":"es","use":{"system":"http://terminology.hl7.org/CodeSystem/designation-usage","code":"display"},"value":"BCG_maternidad"}]},{"code":"fiebreAmar","display":"Fiebre Amarilla","designation":[{"language":"es","use":{"system":"http://terminology.hl7.org/CodeSystem/designation-usage","code":"display"},"value":"Fiebre Amarilla"}]},{"code":"hep_A","display":"Hepatítis A","designation":[{"language":"es","use":{"system":"http://terminology.hl7.org/CodeSystem/designation-usage","code":"display"},"value":"Hepatítis A"}]},{"code":"hep_A_adult","display":"Hepatitis A adulto","designation":[{"language":"es","use":{"system":"http://terminology.hl7.org/CodeSystem/designation-usage","code":"display"},"value":"Hepatitis A adulto"}]},{"code":"hep_A_adultPriv","display":"Hepatitis A adulto (sector privado)","designation":[{"language":"es","use":{"system":"http://terminology.hl7.org/CodeSystem/designation-usage","code":"display"},"value":"Hepatitis A adulto (sector privado)"}]},{"code":"hep_A_ped","display":"Hepatitis A pediátrica","designation":[{"language":"es","use":{"system":"http://terminology.hl7.org/CodeSystem/designation-usage","code":"display"},"value":"Hepatitis A pediátrica"}]},{"code":"hep_A_pedPriv","display":"Hepatitis A pediátrica (sector privado)","designation":[{"language":"es","use":{"system":"http://terminology.hl7.org/CodeSystem/designation-usage","code":"display"},"value":"Hepatitis A pediátrica (sector privado)"}]},{"code":"hep_A-B_adultPriv","display":"Hepatitis A-B adulto (sector privado)","designation":[{"language":"es","use":{"system":"http://terminology.hl7.org/CodeSystem/designation-usage","code":"display"},"value":"Hepatitis A-B adulto (sector privado)"}]},{"code":"hep_A-B_pedPriv","display":"Hepatitis A-B pediátrica (sector privado)","designation":[{"language":"es","use":{"system":"http://terminology.hl7.org/CodeSystem/designation-usage","code":"display"},"value":"Hepatitis A-B pediátrica (sector privado)"}]},{"code":"hep_B_adult","display":"Hepatitis B adulto","designation":[{"language":"es","use":{"system":"http://terminology.hl7.org/CodeSystem/designation-usage","code":"display"},"value":"Hepatitis B adulto"}]},{"code":"hep_B_adultPriv","display":"Hepatitis B adulto (sector privado)","designation":[{"language":"es","use":{"system":"http://terminology.hl7.org/CodeSystem/designation-usage","code":"display"},"value":"Hepatitis B adulto (sector privado)"}]},{"code":"hep_B_dializAdult","display":"Hepatitis B dializados adulto","designation":[{"language":"es","use":{"system":"http://terminology.hl7.org/CodeSystem/designation-usage","code":"display"},"value":"Hepatitis B dializados adulto"}]},{"code":"hep_B_dializPed","display":"Hepatitis B dializados pediátrica","designation":[{"language":"es","use":{"system":"http://terminology.hl7.org/CodeSystem/designation-usage","code":"display"},"value":"Hepatitis B dializados pediátrica"}]},{"code":"hep_B_ped","display":"Hepatitis B pediátrica","designation":[{"language":"es","use":{"system":"http://terminology.hl7.org/CodeSystem/designation-usage","code":"display"},"value":"Hepatitis B pediátrica"}]},{"code":"hep_B_pedPriv","display":"Hepatitis B pediátrica (sector privado)","designation":[{"language":"es","use":{"system":"http://terminology.hl7.org/CodeSystem/designation-usage","code":"display"},"value":"Hepatitis B pediátrica (sector privado)"}]},{"code":"hep_B_maternidad","display":"Hepatitis B_maternidad","designation":[{"language":"es","use":{"system":"http://terminology.hl7.org/CodeSystem/designation-usage","code":"display"},"value":"Hepatitis B_maternidad"}]},{"code":"herpesZPriv","display":"Herpes Zoster (sector privado)","designation":[{"language":"es","use":{"system":"http://terminology.hl7.org/CodeSystem/designation-usage","code":"display"},"value":"Herpes Zoster (sector privado)"}]},{"code":"hexavalent","display":"Hexavalente","designation":[{"language":"es","use":{"system":"http://terminology.hl7.org/CodeSystem/designation-usage","code":"display"},"value":"Hexavalente"}]},{"code":"hezavalentPriv","display":"Hexavalente (sector privado)","designation":[{"language":"es","use":{"system":"http://terminology.hl7.org/CodeSystem/designation-usage","code":"display"},"value":"Hexavalente (sector privado)"}]},{"code":"inmAntitetanic","display":"INMUNOGLOBULINA ANTITETANICA","designation":[{"language":"es","use":{"system":"http://terminology.hl7.org/CodeSystem/designation-usage","code":"display"},"value":"INMUNOGLOBULINA ANTITETANICA"}]},{"code":"inmAntiVaricela","display":"Inmunoglobulina anti varicela","designation":[{"language":"es","use":{"system":"http://terminology.hl7.org/CodeSystem/designation-usage","code":"display"},"value":"Inmunoglobulina anti varicela"}]},{"code":"inmAntirrabica","display":"Inmunoglobulina antirrábica","designation":[{"language":"es","use":{"system":"http://terminology.hl7.org/CodeSystem/designation-usage","code":"display"},"value":"Inmunoglobulina antirrábica"}]},{"code":"inmAntirrabicaPriv","display":"Inmunoglobulina antirrábica (sector privado)","designation":[{"language":"es","use":{"system":"http://terminology.hl7.org/CodeSystem/designation-usage","code":"display"},"value":"Inmunoglobulina antirrábica (sector privado)"}]},{"code":"inmAntitetanica","display":"Inmunoglobulina Antitetánica","designation":[{"language":"es","use":{"system":"http://terminology.hl7.org/CodeSystem/designation-usage","code":"display"},"value":"Inmunoglobulina Antitetánica"}]},{"code":"inmEstandarH_A","display":"Inmunoglobulina estandar (Hep. A)","designation":[{"language":"es","use":{"system":"http://terminology.hl7.org/CodeSystem/designation-usage","code":"display"},"value":"Inmunoglobulina estandar (Hep. A)"}]},{"code":"inmEstandarSaramp","display":"Inmunoglobulina estandar (Sarampión)","designation":[{"language":"es","use":{"system":"http://terminology.hl7.org/CodeSystem/designation-usage","code":"display"},"value":"Inmunoglobulina estandar (Sarampión)"}]},{"code":"inmEstandarVaric","display":"Inmunoglobulina estandar (Varicela)","designation":[{"language":"es","use":{"system":"http://terminology.hl7.org/CodeSystem/designation-usage","code":"display"},"value":"Inmunoglobulina estandar (Varicela)"}]},{"code":"inmHepat_B","display":"Inmunoglobulina Hepatitis B","designation":[{"language":"es","use":{"system":"http://terminology.hl7.org/CodeSystem/designation-usage","code":"display"},"value":"Inmunoglobulina Hepatitis B"}]},{"code":"neumococicaConj10V","display":"Neumocócica conjugada 10V","designation":[{"language":"es","use":{"system":"http://terminology.hl7.org/CodeSystem/designation-usage","code":"display"},"value":"Neumocócica conjugada 10V"}]},{"code":"neomococicaConj10VPriv","display":"Neumocócica conjugada 10V (sector privado)","designation":[{"language":"es","use":{"system":"http://terminology.hl7.org/CodeSystem/designation-usage","code":"display"},"value":"Neumocócica conjugada 10V (sector privado)"}]},{"code":"neumococicaConj13V","display":"Neumocócica conjugada 13V","designation":[{"language":"es","use":{"system":"http://terminology.hl7.org/CodeSystem/designation-usage","code":"display"},"value":"Neumocócica conjugada 13V"}]},{"code":"neumococicaConj13VPriv","display":"Neumocócica conjugada 13V (sector privado)","designation":[{"language":"es","use":{"system":"http://terminology.hl7.org/CodeSystem/designation-usage","code":"display"},"value":"Neumocócica conjugada 13V (sector privado)"}]},{"code":"neumococicaPolisac23V","display":"Neumocócica polisacárida 23V","designation":[{"language":"es","use":{"system":"http://terminology.hl7.org/CodeSystem/designation-usage","code":"display"},"value":"Neumocócica polisacárida 23V"}]},{"code":"neumococicaPolisac23VPriv","display":"Neumocócica polisacárida 23V (sector privado)","designation":[{"language":"es","use":{"system":"http://terminology.hl7.org/CodeSystem/designation-usage","code":"display"},"value":"Neumocócica polisacárida 23V (sector privado)"}]},{"code":"pentavalente","display":"Pentavalente","designation":[{"language":"es","use":{"system":"http://terminology.hl7.org/CodeSystem/designation-usage","code":"display"},"value":"Pentavalente"}]},{"code":"polioInactIny","display":"Polio inactivada inyectable","designation":[{"language":"es","use":{"system":"http://terminology.hl7.org/CodeSystem/designation-usage","code":"display"},"value":"Polio inactivada inyectable"}]},{"code":"polioInactInyPriv","display":"Polio inactivada inyectable (sector privado)","designation":[{"language":"es","use":{"system":"http://terminology.hl7.org/CodeSystem/designation-usage","code":"display"},"value":"Polio inactivada inyectable (sector privado)"}]},{"code":"polioOralBival_boPV","display":"Polio oral bivalente (bOPV)","designation":[{"language":"es","use":{"system":"http://terminology.hl7.org/CodeSystem/designation-usage","code":"display"},"value":"Polio oral bivalente (bOPV)"}]},{"code":"polioOralTrival","display":"Polio oral trivalente","designation":[{"language":"es","use":{"system":"http://terminology.hl7.org/CodeSystem/designation-usage","code":"display"},"value":"Polio oral trivalente"}]},{"code":"rotavirus","display":"Rotavirus","designation":[{"language":"es","use":{"system":"http://terminology.hl7.org/CodeSystem/designation-usage","code":"display"},"value":"Rotavirus"}]},{"code":"rotavirusPriv","display":"Rotavirus (sector privado)","designation":[{"language":"es","use":{"system":"http://terminology.hl7.org/CodeSystem/designation-usage","code":"display"},"value":"Rotavirus (sector privado)"}]},{"code":"saramp_rube_paper","display":"Sarampión-Rubeóla-Paperas","designation":[{"language":"es","use":{"system":"http://terminology.hl7.org/CodeSystem/designation-usage","code":"display"},"value":"Sarampión-Rubeóla-Paperas"}]},{"code":"toxoideDTPriv","display":"Toxoide DT (sector privado)","designation":[{"language":"es","use":{"system":"http://terminology.hl7.org/CodeSystem/designation-usage","code":"display"},"value":"Toxoide DT (sector privado)"}]},{"code":"toxoideDTEscol","display":"TOXOIDE DT ESCOLAR","designation":[{"language":"es","use":{"system":"http://terminology.hl7.org/CodeSystem/designation-usage","code":"display"},"value":"TOXOIDE DT ESCOLAR"}]},{"code":"toxoideDTProfil","display":"TOXOIDE DT PROFILAXIS","designation":[{"language":"es","use":{"system":"http://terminology.hl7.org/CodeSystem/designation-usage","code":"display"},"value":"TOXOIDE DT PROFILAXIS"}]},{"code":"vacunaAntiten","display":"VACUNA ANTITETÁNICA","designation":[{"language":"es","use":{"system":"http://terminology.hl7.org/CodeSystem/designation-usage","code":"display"},"value":"VACUNA ANTITETÁNICA"}]},{"code":"vacunaAntitenPriv","display":"Vacuna Antitetánica (sector privado)","designation":[{"language":"es","use":{"system":"http://terminology.hl7.org/CodeSystem/designation-usage","code":"display"},"value":"Vacuna Antitetánica (sector privado)"}]},{"code":"vacunaBCG","display":"VACUNA BCG","designation":[{"language":"es","use":{"system":"http://terminology.hl7.org/CodeSystem/designation-usage","code":"display"},"value":"VACUNA BCG"}]},{"code":"vacunaBexsero","display":"VACUNA BEXSERO","designation":[{"language":"es","use":{"system":"http://terminology.hl7.org/CodeSystem/designation-usage","code":"display"},"value":"VACUNA BEXSERO"}]},{"code":"vacunaBexseroPriv","display":"VACUNA BEXSERO (Sector privado)","designation":[{"language":"es","use":{"system":"http://terminology.hl7.org/CodeSystem/designation-usage","code":"display"},"value":"VACUNA BEXSERO (Sector privado)"}]},{"code":"vacunaDPT","display":"VACUNA DPT","designation":[{"language":"es","use":{"system":"http://terminology.hl7.org/CodeSystem/designation-usage","code":"display"},"value":"VACUNA DPT"}]},{"code":"vacunadpTaPriv","display":"Vacuna dpTa (sector privado)","designation":[{"language":"es","use":{"system":"http://terminology.hl7.org/CodeSystem/designation-usage","code":"display"},"value":"Vacuna dpTa (sector privado)"}]},{"code":"vacunadtPa","display":"Vacuna dTpa","designation":[{"language":"es","use":{"system":"http://terminology.hl7.org/CodeSystem/designation-usage","code":"display"},"value":"Vacuna dTpa"}]},{"code":"vacunaHepat_AyB","display":"VACUNA HEPATITIS A Y B","designation":[{"language":"es","use":{"system":"http://terminology.hl7.org/CodeSystem/designation-usage","code":"display"},"value":"VACUNA HEPATITIS A Y B"}]},{"code":"vacunaHIB","display":"VACUNA HIB","designation":[{"language":"es","use":{"system":"http://terminology.hl7.org/CodeSystem/designation-usage","code":"display"},"value":"VACUNA HIB"}]},{"code":"vacunaHIBPriv","display":"Vacuna HIB (sector privado)","designation":[{"language":"es","use":{"system":"http://terminology.hl7.org/CodeSystem/designation-usage","code":"display"},"value":"Vacuna HIB (sector privado)"}]},{"code":"vacunaInfluTrival","display":"VACUNA INFLUENZA TRIVALENTE","designation":[{"language":"es","use":{"system":"http://terminology.hl7.org/CodeSystem/designation-usage","code":"display"},"value":"VACUNA INFLUENZA TRIVALENTE"}]},{"code":"vacunaMenacPriv","display":"VACUNA MENACTRA (Sector privado)","designation":[{"language":"es","use":{"system":"http://terminology.hl7.org/CodeSystem/designation-usage","code":"display"},"value":"VACUNA MENACTRA (Sector privado)"}]},{"code":"vacunaMenveo","display":"VACUNA MENVEO","designation":[{"language":"es","use":{"system":"http://terminology.hl7.org/CodeSystem/designation-usage","code":"display"},"value":"VACUNA MENVEO"}]},{"code":"vacunaMenveoPriv","display":"VACUNA MENVEO (Sector privado)","designation":[{"language":"es","use":{"system":"http://terminology.hl7.org/CodeSystem/designation-usage","code":"display"},"value":"VACUNA MENVEO (Sector privado)"}]},{"code":"vacunaNeumoco7V","display":"VACUNA NEUMOCOCICA 7 V","designation":[{"language":"es","use":{"system":"http://terminology.hl7.org/CodeSystem/designation-usage","code":"display"},"value":"VACUNA NEUMOCOCICA 7 V"}]},{"code":"vacunaNimenrix","display":"VACUNA NIMENRIX","designation":[{"language":"es","use":{"system":"http://terminology.hl7.org/CodeSystem/designation-usage","code":"display"},"value":"VACUNA NIMENRIX"}]},{"code":"vacunaNimenrixPriv","display":"VACUNA NIMENRIX (sector privado)","designation":[{"language":"es","use":{"system":"http://terminology.hl7.org/CodeSystem/designation-usage","code":"display"},"value":"VACUNA NIMENRIX (sector privado)"}]},{"code":"vacunaPoliomielInact","display":"VACUNA POLIOMIELITIS INACTIVADA","designation":[{"language":"es","use":{"system":"http://terminology.hl7.org/CodeSystem/designation-usage","code":"display"},"value":"VACUNA POLIOMIELITIS INACTIVADA"}]},{"code":"vacunaSRPt3VMonodos","display":"VACUNA SRP (TRES VIRICA) MONODOSIS","designation":[{"language":"es","use":{"system":"http://terminology.hl7.org/CodeSystem/designation-usage","code":"display"},"value":"VACUNA SRP (TRES VIRICA) MONODOSIS"}]},{"code":"vacunaSRP3VMultidos","display":"VACUNA SRP (TRES VIRICA) MULTIDOSIS","designation":[{"language":"es","use":{"system":"http://terminology.hl7.org/CodeSystem/designation-usage","code":"display"},"value":"VACUNA SRP (TRES VIRICA) MULTIDOSIS"}]},{"code":"vacunaSRPTrivMonodos","display":"Vacuna SRP (trivirica) Monodosis","designation":[{"language":"es","use":{"system":"http://terminology.hl7.org/CodeSystem/designation-usage","code":"display"},"value":"Vacuna SRP (trivirica) Monodosis"}]},{"code":"vacunaSRPTrivMultidos","display":"Vacuna SRP (trivirica) Multidosis","designation":[{"language":"es","use":{"system":"http://terminology.hl7.org/CodeSystem/designation-usage","code":"display"},"value":"Vacuna SRP (trivirica) Multidosis"}]},{"code":"varicela","display":"Varicela","designation":[{"language":"es","use":{"system":"http://terminology.hl7.org/CodeSystem/designation-usage","code":"display"},"value":"Varicela"}]},{"code":"varicelaPriv","display":"Varicela (sector privado)","designation":[{"language":"es","use":{"system":"http://terminology.hl7.org/CodeSystem/designation-usage","code":"display"},"value":"Varicela (sector privado)"}]},{"code":"VPHBivalPriv","display":"VPH Bivalente (sector privado)","designation":[{"language":"es","use":{"system":"http://terminology.hl7.org/CodeSystem/designation-usage","code":"display"},"value":"VPH Bivalente (sector privado)"}]},{"code":"VPHNonavalPriv","display":"VPH Nonavalente (sector privado)","designation":[{"language":"es","use":{"system":"http://terminology.hl7.org/CodeSystem/designation-usage","code":"display"},"value":"VPH Nonavalente (sector privado)"}]},{"code":"VPHTetraval","display":"VPH Tetravalente","designation":[{"language":"es","use":{"system":"http://terminology.hl7.org/CodeSystem/designation-usage","code":"display"},"value":"VPH Tetravalente"}]},{"code":"VPHTretavalPriv","display":"VPH Tetravalente (sector privado)","designation":[{"language":"es","use":{"system":"http://terminology.hl7.org/CodeSystem/designation-usage","code":"display"},"value":"VPH Tetravalente (sector privado)"}]}]}