{"resourceType":"CodeSystem","id":"CSTipoIdentificador","language":"es","text":{"status":"generated","div":"<div xmlns=\"http://www.w3.org/1999/xhtml\" xml:lang=\"es\" lang=\"es\"><p class=\"res-header-id\"><b>Generated Narrative: CodeSystem CSTipoIdentificador</b></p><a name=\"CSTipoIdentificador\"> </a><a name=\"hcCSTipoIdentificador\"> </a><a name=\"CSTipoIdentificador-es-CL\"> </a><div style=\"display: inline-block; background-color: #d9e0e7; padding: 6px; margin: 4px; border: 1px solid #8da1b4; border-radius: 5px; line-height: 60%\"><p style=\"margin-bottom: 0px\">Language: es</p></div><p>This case-sensitive code system <code>https://hl7chile.cl/fhir/ig/clcore/CodeSystem/CSTipoIdentificador</code> defines the following codes:</p><table class=\"codes\"><tr><td style=\"white-space:nowrap\"><b>Code</b></td><td><b>Display</b></td><td><b>Definition</b></td></tr><tr><td style=\"white-space:nowrap\">01<a name=\"CSTipoIdentificador-01\"> </a></td><td>RUN</td><td>Rol Único Nacional</td></tr><tr><td style=\"white-space:nowrap\">02<a name=\"CSTipoIdentificador-02\"> </a></td><td>RUN Provisorio</td><td>RUN provisorio (Artículo 44)</td></tr><tr><td style=\"white-space:nowrap\">03<a name=\"CSTipoIdentificador-03\"> </a></td><td>RUN Madre</td><td>RUN Madre (para recién nacido)</td></tr><tr><td style=\"white-space:nowrap\">04<a name=\"CSTipoIdentificador-04\"> </a></td><td>Número Folio</td><td>Número Folio Comprobante de Parto chileno</td></tr><tr><td style=\"white-space:nowrap\">05<a name=\"CSTipoIdentificador-05\"> </a></td><td>PPN</td><td>Pasaporte</td></tr><tr><td style=\"white-space:nowrap\">06<a name=\"CSTipoIdentificador-06\"> </a></td><td>Documento de identificación del país de origen</td><td>Documento de identificación del país de origen</td></tr><tr><td style=\"white-space:nowrap\">07<a name=\"CSTipoIdentificador-07\"> </a></td><td>Acta de nacimiento del país de origen</td><td>Acta de nacimiento del país de origen</td></tr><tr><td style=\"white-space:nowrap\">08<a name=\"CSTipoIdentificador-08\"> </a></td><td>NIP</td><td>Número de Identificación Provisorio (NIP)</td></tr><tr><td style=\"white-space:nowrap\">09<a name=\"CSTipoIdentificador-09\"> </a></td><td>NIC</td><td>Número Identificatorio para cotizar (NIC)</td></tr><tr><td style=\"white-space:nowrap\">10<a name=\"CSTipoIdentificador-10\"> </a></td><td>IPA</td><td>Identificación Provisoria del Apoderado (IPA)</td></tr><tr><td style=\"white-space:nowrap\">11<a name=\"CSTipoIdentificador-11\"> </a></td><td>IPE</td><td>Identificación Provisoria del Escolar (IPE)</td></tr><tr><td style=\"white-space:nowrap\">12<a name=\"CSTipoIdentificador-12\"> </a></td><td>Número de Ficha Clínica Sistema Local</td><td>Número de Ficha Clínica Sistema Local</td></tr><tr><td style=\"white-space:nowrap\">13<a name=\"CSTipoIdentificador-13\"> </a></td><td>RNPI</td><td>Registro Nacional de Prestadores Individuales</td></tr><tr><td style=\"white-space:nowrap\">14<a name=\"CSTipoIdentificador-14\"> </a></td><td>OTRO</td><td>Otro tipo de identificador</td></tr></table></div>"},"url":"https://hl7chile.cl/fhir/ig/clcore/CodeSystem/CSTipoIdentificador","version":"1.9.3","name":"CSTipoIdentificador","title":"Tipo Identificador","status":"active","experimental":false,"date":"2023-07-03T00:00:00-03:00","publisher":"HL7 Chile","contact":[{"name":"HL7 Chile","telecom":[{"system":"url","value":"http://hl7chile.cl"},{"system":"email","value":"chair@hl7chile.cl"}]}],"description":"Tipo Identificador","jurisdiction":[{"coding":[{"system":"urn:iso:std:iso:3166","code":"CL","display":"Chile"}]}],"copyright":"Usado con el permiso de HL7 International, todos los derechos resevados en los Licencias de HL7 Internacional.","caseSensitive":true,"content":"complete","count":14,"concept":[{"code":"01","display":"RUN","definition":"Rol Único Nacional","designation":[{"language":"es","use":{"system":"http://terminology.hl7.org/CodeSystem/designation-usage","code":"display"},"value":"RUN"},{"language":"es","use":{"system":"http://terminology.hl7.org/CodeSystem/designation-usage","code":"display"},"value":"RUN"},{"language":"es","use":{"system":"http://terminology.hl7.org/CodeSystem/designation-usage","code":"display"},"value":"RUN"},{"language":"es","use":{"system":"http://terminology.hl7.org/CodeSystem/designation-usage","code":"display"},"value":"RUN"}]},{"code":"02","display":"RUN Provisorio","definition":"RUN provisorio (Artículo 44)","designation":[{"language":"es","use":{"system":"http://terminology.hl7.org/CodeSystem/designation-usage","code":"display"},"value":"RUN Provisorio"},{"language":"es","use":{"system":"http://terminology.hl7.org/CodeSystem/designation-usage","code":"display"},"value":"RUN Provisorio"},{"language":"es","use":{"system":"http://terminology.hl7.org/CodeSystem/designation-usage","code":"display"},"value":"RUN Provisorio"},{"language":"es","use":{"system":"http://terminology.hl7.org/CodeSystem/designation-usage","code":"display"},"value":"RUN Provisorio"}]},{"code":"03","display":"RUN Madre","definition":"RUN Madre (para recién nacido)","designation":[{"language":"es","use":{"system":"http://terminology.hl7.org/CodeSystem/designation-usage","code":"display"},"value":"RUN Madre"},{"language":"es","use":{"system":"http://terminology.hl7.org/CodeSystem/designation-usage","code":"display"},"value":"RUN Madre"},{"language":"es","use":{"system":"http://terminology.hl7.org/CodeSystem/designation-usage","code":"display"},"value":"RUN Madre"},{"language":"es","use":{"system":"http://terminology.hl7.org/CodeSystem/designation-usage","code":"display"},"value":"RUN Madre"}]},{"code":"04","display":"Número Folio","definition":"Número Folio Comprobante de Parto chileno","designation":[{"language":"es","use":{"system":"http://terminology.hl7.org/CodeSystem/designation-usage","code":"display"},"value":"Número Folio"},{"language":"es","use":{"system":"http://terminology.hl7.org/CodeSystem/designation-usage","code":"display"},"value":"Número Folio"},{"language":"es","use":{"system":"http://terminology.hl7.org/CodeSystem/designation-usage","code":"display"},"value":"Número Folio"},{"language":"es","use":{"system":"http://terminology.hl7.org/CodeSystem/designation-usage","code":"display"},"value":"Número Folio"}]},{"code":"05","display":"PPN","definition":"Pasaporte","designation":[{"language":"es","use":{"system":"http://terminology.hl7.org/CodeSystem/designation-usage","code":"display"},"value":"PPN"},{"language":"es","use":{"system":"http://terminology.hl7.org/CodeSystem/designation-usage","code":"display"},"value":"PPN"},{"language":"es","use":{"system":"http://terminology.hl7.org/CodeSystem/designation-usage","code":"display"},"value":"PPN"},{"language":"es","use":{"system":"http://terminology.hl7.org/CodeSystem/designation-usage","code":"display"},"value":"PPN"}]},{"code":"06","display":"Documento de identificación del país de origen","definition":"Documento de identificación del país de origen","designation":[{"language":"es","use":{"system":"http://terminology.hl7.org/CodeSystem/designation-usage","code":"display"},"value":"Documento de identificación del país de origen"},{"language":"es","use":{"system":"http://terminology.hl7.org/CodeSystem/designation-usage","code":"display"},"value":"Documento de identificación del país de origen"},{"language":"es","use":{"system":"http://terminology.hl7.org/CodeSystem/designation-usage","code":"display"},"value":"Documento de identificación del país de origen"},{"language":"es","use":{"system":"http://terminology.hl7.org/CodeSystem/designation-usage","code":"display"},"value":"Documento de identificación del país de origen"}]},{"code":"07","display":"Acta de nacimiento del país de origen","definition":"Acta de nacimiento del país de origen","designation":[{"language":"es","use":{"system":"http://terminology.hl7.org/CodeSystem/designation-usage","code":"display"},"value":"Acta de nacimiento del país de origen"},{"language":"es","use":{"system":"http://terminology.hl7.org/CodeSystem/designation-usage","code":"display"},"value":"Acta de nacimiento del país de origen"},{"language":"es","use":{"system":"http://terminology.hl7.org/CodeSystem/designation-usage","code":"display"},"value":"Acta de nacimiento del país de origen"},{"language":"es","use":{"system":"http://terminology.hl7.org/CodeSystem/designation-usage","code":"display"},"value":"Acta de nacimiento del país de origen"}]},{"code":"08","display":"NIP","definition":"Número de Identificación Provisorio (NIP)","designation":[{"language":"es","use":{"system":"http://terminology.hl7.org/CodeSystem/designation-usage","code":"display"},"value":"NIP"},{"language":"es","use":{"system":"http://terminology.hl7.org/CodeSystem/designation-usage","code":"display"},"value":"NIP"},{"language":"es","use":{"system":"http://terminology.hl7.org/CodeSystem/designation-usage","code":"display"},"value":"NIP"},{"language":"es","use":{"system":"http://terminology.hl7.org/CodeSystem/designation-usage","code":"display"},"value":"NIP"}]},{"code":"09","display":"NIC","definition":"Número Identificatorio para cotizar (NIC)","designation":[{"language":"es","use":{"system":"http://terminology.hl7.org/CodeSystem/designation-usage","code":"display"},"value":"NIC"},{"language":"es","use":{"system":"http://terminology.hl7.org/CodeSystem/designation-usage","code":"display"},"value":"NIC"},{"language":"es","use":{"system":"http://terminology.hl7.org/CodeSystem/designation-usage","code":"display"},"value":"NIC"},{"language":"es","use":{"system":"http://terminology.hl7.org/CodeSystem/designation-usage","code":"display"},"value":"NIC"}]},{"code":"10","display":"IPA","definition":"Identificación Provisoria del Apoderado (IPA)","designation":[{"language":"es","use":{"system":"http://terminology.hl7.org/CodeSystem/designation-usage","code":"display"},"value":"IPA"},{"language":"es","use":{"system":"http://terminology.hl7.org/CodeSystem/designation-usage","code":"display"},"value":"IPA"},{"language":"es","use":{"system":"http://terminology.hl7.org/CodeSystem/designation-usage","code":"display"},"value":"IPA"},{"language":"es","use":{"system":"http://terminology.hl7.org/CodeSystem/designation-usage","code":"display"},"value":"IPA"}]},{"code":"11","display":"IPE","definition":"Identificación Provisoria del Escolar (IPE)","designation":[{"language":"es","use":{"system":"http://terminology.hl7.org/CodeSystem/designation-usage","code":"display"},"value":"IPE"},{"language":"es","use":{"system":"http://terminology.hl7.org/CodeSystem/designation-usage","code":"display"},"value":"IPE"},{"language":"es","use":{"system":"http://terminology.hl7.org/CodeSystem/designation-usage","code":"display"},"value":"IPE"},{"language":"es","use":{"system":"http://terminology.hl7.org/CodeSystem/designation-usage","code":"display"},"value":"IPE"}]},{"code":"12","display":"Número de Ficha Clínica Sistema Local","definition":"Número de Ficha Clínica Sistema Local","designation":[{"language":"es","use":{"system":"http://terminology.hl7.org/CodeSystem/designation-usage","code":"display"},"value":"Número de Ficha Clínica Sistema Local"},{"language":"es","use":{"system":"http://terminology.hl7.org/CodeSystem/designation-usage","code":"display"},"value":"Número de Ficha Clínica Sistema Local"},{"language":"es","use":{"system":"http://terminology.hl7.org/CodeSystem/designation-usage","code":"display"},"value":"Número de Ficha Clínica Sistema Local"},{"language":"es","use":{"system":"http://terminology.hl7.org/CodeSystem/designation-usage","code":"display"},"value":"Número de Ficha Clínica Sistema Local"}]},{"code":"13","display":"RNPI","definition":"Registro Nacional de Prestadores Individuales","designation":[{"language":"es","use":{"system":"http://terminology.hl7.org/CodeSystem/designation-usage","code":"display"},"value":"RNPI"},{"language":"es","use":{"system":"http://terminology.hl7.org/CodeSystem/designation-usage","code":"display"},"value":"RNPI"},{"language":"es","use":{"system":"http://terminology.hl7.org/CodeSystem/designation-usage","code":"display"},"value":"RNPI"},{"language":"es","use":{"system":"http://terminology.hl7.org/CodeSystem/designation-usage","code":"display"},"value":"RNPI"}]},{"code":"14","display":"OTRO","definition":"Otro tipo de identificador","designation":[{"language":"es","use":{"system":"http://terminology.hl7.org/CodeSystem/designation-usage","code":"display"},"value":"OTRO"},{"language":"es","use":{"system":"http://terminology.hl7.org/CodeSystem/designation-usage","code":"display"},"value":"OTRO"},{"language":"es","use":{"system":"http://terminology.hl7.org/CodeSystem/designation-usage","code":"display"},"value":"OTRO"},{"language":"es","use":{"system":"http://terminology.hl7.org/CodeSystem/designation-usage","code":"display"},"value":"OTRO"}]}]}