{"resourceType":"CodeSystem","id":"CSCodigoDNI","language":"es","text":{"status":"generated","div":"<div xmlns=\"http://www.w3.org/1999/xhtml\" xml:lang=\"es\" lang=\"es\"><p class=\"res-header-id\"><b>Generated Narrative: CodeSystem CSCodigoDNI</b></p><a name=\"CSCodigoDNI\"> </a><a name=\"hcCSCodigoDNI\"> </a><a name=\"CSCodigoDNI-es-CL\"> </a><div style=\"display: inline-block; background-color: #d9e0e7; padding: 6px; margin: 4px; border: 1px solid #8da1b4; border-radius: 5px; line-height: 60%\"><p style=\"margin-bottom: 0px\">Language: es</p></div><p>This case-sensitive code system <code>https://hl7chile.cl/fhir/ig/clcore/CodeSystem/CSCodigoDNI</code> defines the following codes:</p><table class=\"codes\"><tr><td style=\"white-space:nowrap\"><b>Code</b></td><td><b>Display</b></td><td><b>Definition</b></td></tr><tr><td style=\"white-space:nowrap\">NNBLZ<a name=\"CSCodigoDNI-NNBLZ\"> </a></td><td>Belice</td><td>Belice</td></tr><tr><td style=\"white-space:nowrap\">NNCRI<a name=\"CSCodigoDNI-NNCRI\"> </a></td><td>Costa Rica</td><td>Costa Rica</td></tr><tr><td style=\"white-space:nowrap\">NNSLV<a name=\"CSCodigoDNI-NNSLV\"> </a></td><td>El Salvador</td><td>El Salvador</td></tr><tr><td style=\"white-space:nowrap\">NNGTM<a name=\"CSCodigoDNI-NNGTM\"> </a></td><td>Guatemala</td><td>Guatemala</td></tr><tr><td style=\"white-space:nowrap\">NNHND<a name=\"CSCodigoDNI-NNHND\"> </a></td><td>Honduras</td><td>Honduras</td></tr><tr><td style=\"white-space:nowrap\">NNMEX<a name=\"CSCodigoDNI-NNMEX\"> </a></td><td>México</td><td>México</td></tr><tr><td style=\"white-space:nowrap\">NNNIC<a name=\"CSCodigoDNI-NNNIC\"> </a></td><td>Nicaragua</td><td>Nicaragua</td></tr><tr><td style=\"white-space:nowrap\">NNPAN<a name=\"CSCodigoDNI-NNPAN\"> </a></td><td>Panamá</td><td>Panamá</td></tr><tr><td style=\"white-space:nowrap\">NNARG<a name=\"CSCodigoDNI-NNARG\"> </a></td><td>Argentina</td><td>Argentina</td></tr><tr><td style=\"white-space:nowrap\">NNBOL<a name=\"CSCodigoDNI-NNBOL\"> </a></td><td>Bolivia</td><td>Bolivia</td></tr><tr><td style=\"white-space:nowrap\">NNBRA<a name=\"CSCodigoDNI-NNBRA\"> </a></td><td>Brasil</td><td>Brasil</td></tr><tr><td style=\"white-space:nowrap\">NNCOL<a name=\"CSCodigoDNI-NNCOL\"> </a></td><td>Colombia</td><td>Colombia</td></tr><tr><td style=\"white-space:nowrap\">NNECU<a name=\"CSCodigoDNI-NNECU\"> </a></td><td>Ecuador</td><td>Ecuador</td></tr><tr><td style=\"white-space:nowrap\">NNGUY<a name=\"CSCodigoDNI-NNGUY\"> </a></td><td>Guyana</td><td>Guyana</td></tr><tr><td style=\"white-space:nowrap\">NNPRY<a name=\"CSCodigoDNI-NNPRY\"> </a></td><td>Paraguay</td><td>Paraguay</td></tr><tr><td style=\"white-space:nowrap\">NNPER<a name=\"CSCodigoDNI-NNPER\"> </a></td><td>Perú</td><td>Perú</td></tr><tr><td style=\"white-space:nowrap\">NNSUR<a name=\"CSCodigoDNI-NNSUR\"> </a></td><td>Surinam</td><td>Surinam</td></tr><tr><td style=\"white-space:nowrap\">NNURY<a name=\"CSCodigoDNI-NNURY\"> </a></td><td>Uruguay</td><td>Uruguay</td></tr><tr><td style=\"white-space:nowrap\">NNVEN<a name=\"CSCodigoDNI-NNVEN\"> </a></td><td>Venezuela</td><td>Venezuela</td></tr><tr><td style=\"white-space:nowrap\">NNCHL<a name=\"CSCodigoDNI-NNCHL\"> </a></td><td>Chile</td><td>Chile</td></tr><tr><td style=\"white-space:nowrap\">NNATG<a name=\"CSCodigoDNI-NNATG\"> </a></td><td>Antigua y Barbuda</td><td>Antigua y Barbuda</td></tr><tr><td style=\"white-space:nowrap\">NNBHS<a name=\"CSCodigoDNI-NNBHS\"> </a></td><td>Bahamas</td><td>Bahamas</td></tr><tr><td style=\"white-space:nowrap\">NNBRB<a name=\"CSCodigoDNI-NNBRB\"> </a></td><td>Barbados</td><td>Barbados</td></tr><tr><td style=\"white-space:nowrap\">NNCUB<a name=\"CSCodigoDNI-NNCUB\"> </a></td><td>Cuba</td><td>Cuba</td></tr><tr><td style=\"white-space:nowrap\">NNDMA<a name=\"CSCodigoDNI-NNDMA\"> </a></td><td>Dominica</td><td>Dominica</td></tr><tr><td style=\"white-space:nowrap\">NNGRD<a name=\"CSCodigoDNI-NNGRD\"> </a></td><td>Granada</td><td>Granada</td></tr><tr><td style=\"white-space:nowrap\">NNHTI<a name=\"CSCodigoDNI-NNHTI\"> </a></td><td>Haití</td><td>Haití</td></tr><tr><td style=\"white-space:nowrap\">NNJAM<a name=\"CSCodigoDNI-NNJAM\"> </a></td><td>Jamaica</td><td>Jamaica</td></tr><tr><td style=\"white-space:nowrap\">NNDOM<a name=\"CSCodigoDNI-NNDOM\"> </a></td><td>República Dominicana</td><td>República Dominicana</td></tr><tr><td style=\"white-space:nowrap\">NNKNA<a name=\"CSCodigoDNI-NNKNA\"> </a></td><td>San Cristóbal y Nieves</td><td>San Cristóbal y Nieves</td></tr><tr><td style=\"white-space:nowrap\">NNLCA<a name=\"CSCodigoDNI-NNLCA\"> </a></td><td>Santa Lucía</td><td>Santa Lucía</td></tr><tr><td style=\"white-space:nowrap\">NNVCT<a name=\"CSCodigoDNI-NNVCT\"> </a></td><td>San Vicente y las Granadinas</td><td>San Vicente y las Granadinas</td></tr><tr><td style=\"white-space:nowrap\">NNTTO<a name=\"CSCodigoDNI-NNTTO\"> </a></td><td>Trinidad y Tobago</td><td>Trinidad y Tobago</td></tr></table></div>"},"url":"https://hl7chile.cl/fhir/ig/clcore/CodeSystem/CSCodigoDNI","version":"1.9.3","name":"CSCodigoDNI","title":"Códigos de Documentos DNI para LATAM y el Caribe","status":"active","experimental":false,"date":"2022-01-18T00:00:00-03:00","publisher":"HL7 Chile","contact":[{"name":"HL7 Chile","telecom":[{"system":"url","value":"http://hl7chile.cl"},{"system":"email","value":"chair@hl7chile.cl"}]}],"description":"Códigos para los DNI de países de America Latina y el Caribe según indicaciones de VS HL7 de V3","jurisdiction":[{"coding":[{"system":"urn:iso:std:iso:3166","code":"CL","display":"Chile"}]}],"copyright":"Usado con el permiso de HL7 International, todos los derechos resevados en los Licencias de HL7 Internacional.","caseSensitive":true,"content":"complete","count":33,"concept":[{"code":"NNBLZ","display":"Belice","definition":"Belice","designation":[{"language":"es","use":{"system":"http://terminology.hl7.org/CodeSystem/designation-usage","code":"display"},"value":"Belice"},{"language":"es","use":{"system":"http://terminology.hl7.org/CodeSystem/designation-usage","code":"display"},"value":"Belice"}]},{"code":"NNCRI","display":"Costa Rica","definition":"Costa Rica","designation":[{"language":"es","use":{"system":"http://terminology.hl7.org/CodeSystem/designation-usage","code":"display"},"value":"Costa Rica"},{"language":"es","use":{"system":"http://terminology.hl7.org/CodeSystem/designation-usage","code":"display"},"value":"Costa Rica"}]},{"code":"NNSLV","display":"El Salvador","definition":"El Salvador","designation":[{"language":"es","use":{"system":"http://terminology.hl7.org/CodeSystem/designation-usage","code":"display"},"value":"El Salvador"},{"language":"es","use":{"system":"http://terminology.hl7.org/CodeSystem/designation-usage","code":"display"},"value":"El Salvador"}]},{"code":"NNGTM","display":"Guatemala","definition":"Guatemala","designation":[{"language":"es","use":{"system":"http://terminology.hl7.org/CodeSystem/designation-usage","code":"display"},"value":"Guatemala"},{"language":"es","use":{"system":"http://terminology.hl7.org/CodeSystem/designation-usage","code":"display"},"value":"Guatemala"}]},{"code":"NNHND","display":"Honduras","definition":"Honduras","designation":[{"language":"es","use":{"system":"http://terminology.hl7.org/CodeSystem/designation-usage","code":"display"},"value":"Honduras"},{"language":"es","use":{"system":"http://terminology.hl7.org/CodeSystem/designation-usage","code":"display"},"value":"Honduras"}]},{"code":"NNMEX","display":"México","definition":"México","designation":[{"language":"es","use":{"system":"http://terminology.hl7.org/CodeSystem/designation-usage","code":"display"},"value":"México"},{"language":"es","use":{"system":"http://terminology.hl7.org/CodeSystem/designation-usage","code":"display"},"value":"México"}]},{"code":"NNNIC","display":"Nicaragua","definition":"Nicaragua","designation":[{"language":"es","use":{"system":"http://terminology.hl7.org/CodeSystem/designation-usage","code":"display"},"value":"Nicaragua"},{"language":"es","use":{"system":"http://terminology.hl7.org/CodeSystem/designation-usage","code":"display"},"value":"Nicaragua"}]},{"code":"NNPAN","display":"Panamá","definition":"Panamá","designation":[{"language":"es","use":{"system":"http://terminology.hl7.org/CodeSystem/designation-usage","code":"display"},"value":"Panamá"},{"language":"es","use":{"system":"http://terminology.hl7.org/CodeSystem/designation-usage","code":"display"},"value":"Panamá"}]},{"code":"NNARG","display":"Argentina","definition":"Argentina","designation":[{"language":"es","use":{"system":"http://terminology.hl7.org/CodeSystem/designation-usage","code":"display"},"value":"Argentina"},{"language":"es","use":{"system":"http://terminology.hl7.org/CodeSystem/designation-usage","code":"display"},"value":"Argentina"}]},{"code":"NNBOL","display":"Bolivia","definition":"Bolivia","designation":[{"language":"es","use":{"system":"http://terminology.hl7.org/CodeSystem/designation-usage","code":"display"},"value":"Bolivia"},{"language":"es","use":{"system":"http://terminology.hl7.org/CodeSystem/designation-usage","code":"display"},"value":"Bolivia"}]},{"code":"NNBRA","display":"Brasil","definition":"Brasil","designation":[{"language":"es","use":{"system":"http://terminology.hl7.org/CodeSystem/designation-usage","code":"display"},"value":"Brasil"},{"language":"es","use":{"system":"http://terminology.hl7.org/CodeSystem/designation-usage","code":"display"},"value":"Brasil"}]},{"code":"NNCOL","display":"Colombia","definition":"Colombia","designation":[{"language":"es","use":{"system":"http://terminology.hl7.org/CodeSystem/designation-usage","code":"display"},"value":"Colombia"},{"language":"es","use":{"system":"http://terminology.hl7.org/CodeSystem/designation-usage","code":"display"},"value":"Colombia"}]},{"code":"NNECU","display":"Ecuador","definition":"Ecuador","designation":[{"language":"es","use":{"system":"http://terminology.hl7.org/CodeSystem/designation-usage","code":"display"},"value":"Ecuador"},{"language":"es","use":{"system":"http://terminology.hl7.org/CodeSystem/designation-usage","code":"display"},"value":"Ecuador"}]},{"code":"NNGUY","display":"Guyana","definition":"Guyana","designation":[{"language":"es","use":{"system":"http://terminology.hl7.org/CodeSystem/designation-usage","code":"display"},"value":"Guyana"},{"language":"es","use":{"system":"http://terminology.hl7.org/CodeSystem/designation-usage","code":"display"},"value":"Guyana"}]},{"code":"NNPRY","display":"Paraguay","definition":"Paraguay","designation":[{"language":"es","use":{"system":"http://terminology.hl7.org/CodeSystem/designation-usage","code":"display"},"value":"Paraguay"},{"language":"es","use":{"system":"http://terminology.hl7.org/CodeSystem/designation-usage","code":"display"},"value":"Paraguay"}]},{"code":"NNPER","display":"Perú","definition":"Perú","designation":[{"language":"es","use":{"system":"http://terminology.hl7.org/CodeSystem/designation-usage","code":"display"},"value":"Perú"},{"language":"es","use":{"system":"http://terminology.hl7.org/CodeSystem/designation-usage","code":"display"},"value":"Perú"}]},{"code":"NNSUR","display":"Surinam","definition":"Surinam","designation":[{"language":"es","use":{"system":"http://terminology.hl7.org/CodeSystem/designation-usage","code":"display"},"value":"Surinam"},{"language":"es","use":{"system":"http://terminology.hl7.org/CodeSystem/designation-usage","code":"display"},"value":"Surinam"}]},{"code":"NNURY","display":"Uruguay","definition":"Uruguay","designation":[{"language":"es","use":{"system":"http://terminology.hl7.org/CodeSystem/designation-usage","code":"display"},"value":"Uruguay"},{"language":"es","use":{"system":"http://terminology.hl7.org/CodeSystem/designation-usage","code":"display"},"value":"Uruguay"}]},{"code":"NNVEN","display":"Venezuela","definition":"Venezuela","designation":[{"language":"es","use":{"system":"http://terminology.hl7.org/CodeSystem/designation-usage","code":"display"},"value":"Venezuela"},{"language":"es","use":{"system":"http://terminology.hl7.org/CodeSystem/designation-usage","code":"display"},"value":"Venezuela"}]},{"code":"NNCHL","display":"Chile","definition":"Chile","designation":[{"language":"es","use":{"system":"http://terminology.hl7.org/CodeSystem/designation-usage","code":"display"},"value":"Chile"},{"language":"es","use":{"system":"http://terminology.hl7.org/CodeSystem/designation-usage","code":"display"},"value":"Chile"}]},{"code":"NNATG","display":"Antigua y Barbuda","definition":"Antigua y Barbuda","designation":[{"language":"es","use":{"system":"http://terminology.hl7.org/CodeSystem/designation-usage","code":"display"},"value":"Antigua y Barbuda"},{"language":"es","use":{"system":"http://terminology.hl7.org/CodeSystem/designation-usage","code":"display"},"value":"Antigua y Barbuda"}]},{"code":"NNBHS","display":"Bahamas","definition":"Bahamas","designation":[{"language":"es","use":{"system":"http://terminology.hl7.org/CodeSystem/designation-usage","code":"display"},"value":"Bahamas"},{"language":"es","use":{"system":"http://terminology.hl7.org/CodeSystem/designation-usage","code":"display"},"value":"Bahamas"}]},{"code":"NNBRB","display":"Barbados","definition":"Barbados","designation":[{"language":"es","use":{"system":"http://terminology.hl7.org/CodeSystem/designation-usage","code":"display"},"value":"Barbados"},{"language":"es","use":{"system":"http://terminology.hl7.org/CodeSystem/designation-usage","code":"display"},"value":"Barbados"}]},{"code":"NNCUB","display":"Cuba","definition":"Cuba","designation":[{"language":"es","use":{"system":"http://terminology.hl7.org/CodeSystem/designation-usage","code":"display"},"value":"Cuba"},{"language":"es","use":{"system":"http://terminology.hl7.org/CodeSystem/designation-usage","code":"display"},"value":"Cuba"}]},{"code":"NNDMA","display":"Dominica","definition":"Dominica","designation":[{"language":"es","use":{"system":"http://terminology.hl7.org/CodeSystem/designation-usage","code":"display"},"value":"Dominica"},{"language":"es","use":{"system":"http://terminology.hl7.org/CodeSystem/designation-usage","code":"display"},"value":"Dominica"}]},{"code":"NNGRD","display":"Granada","definition":"Granada","designation":[{"language":"es","use":{"system":"http://terminology.hl7.org/CodeSystem/designation-usage","code":"display"},"value":"Granada"},{"language":"es","use":{"system":"http://terminology.hl7.org/CodeSystem/designation-usage","code":"display"},"value":"Granada"}]},{"code":"NNHTI","display":"Haití","definition":"Haití","designation":[{"language":"es","use":{"system":"http://terminology.hl7.org/CodeSystem/designation-usage","code":"display"},"value":"Haití"},{"language":"es","use":{"system":"http://terminology.hl7.org/CodeSystem/designation-usage","code":"display"},"value":"Haití"}]},{"code":"NNJAM","display":"Jamaica","definition":"Jamaica","designation":[{"language":"es","use":{"system":"http://terminology.hl7.org/CodeSystem/designation-usage","code":"display"},"value":"Jamaica"},{"language":"es","use":{"system":"http://terminology.hl7.org/CodeSystem/designation-usage","code":"display"},"value":"Jamaica"}]},{"code":"NNDOM","display":"República Dominicana","definition":"República Dominicana","designation":[{"language":"es","use":{"system":"http://terminology.hl7.org/CodeSystem/designation-usage","code":"display"},"value":"República Dominicana"},{"language":"es","use":{"system":"http://terminology.hl7.org/CodeSystem/designation-usage","code":"display"},"value":"República Dominicana"}]},{"code":"NNKNA","display":"San Cristóbal y Nieves","definition":"San Cristóbal y Nieves","designation":[{"language":"es","use":{"system":"http://terminology.hl7.org/CodeSystem/designation-usage","code":"display"},"value":"San Cristóbal y Nieves"},{"language":"es","use":{"system":"http://terminology.hl7.org/CodeSystem/designation-usage","code":"display"},"value":"San Cristóbal y Nieves"}]},{"code":"NNLCA","display":"Santa Lucía","definition":"Santa Lucía","designation":[{"language":"es","use":{"system":"http://terminology.hl7.org/CodeSystem/designation-usage","code":"display"},"value":"Santa Lucía"},{"language":"es","use":{"system":"http://terminology.hl7.org/CodeSystem/designation-usage","code":"display"},"value":"Santa Lucía"}]},{"code":"NNVCT","display":"San Vicente y las Granadinas","definition":"San Vicente y las Granadinas","designation":[{"language":"es","use":{"system":"http://terminology.hl7.org/CodeSystem/designation-usage","code":"display"},"value":"San Vicente y las Granadinas"},{"language":"es","use":{"system":"http://terminology.hl7.org/CodeSystem/designation-usage","code":"display"},"value":"San Vicente y las Granadinas"}]},{"code":"NNTTO","display":"Trinidad y Tobago","definition":"Trinidad y Tobago","designation":[{"language":"es","use":{"system":"http://terminology.hl7.org/CodeSystem/designation-usage","code":"display"},"value":"Trinidad y Tobago"},{"language":"es","use":{"system":"http://terminology.hl7.org/CodeSystem/designation-usage","code":"display"},"value":"Trinidad y Tobago"}]}]}