{"resourceType":"CodeSystem","id":"CSCodigoServicio","language":"es","text":{"status":"generated","div":"<div xmlns=\"http://www.w3.org/1999/xhtml\" xml:lang=\"es\" lang=\"es\"><p class=\"res-header-id\"><b>Generated Narrative: CodeSystem CSCodigoServicio</b></p><a name=\"CSCodigoServicio\"> </a><a name=\"hcCSCodigoServicio\"> </a><a name=\"CSCodigoServicio-es-CL\"> </a><div style=\"display: inline-block; background-color: #d9e0e7; padding: 6px; margin: 4px; border: 1px solid #8da1b4; border-radius: 5px; line-height: 60%\"><p style=\"margin-bottom: 0px\">Language: es</p></div><p>This case-sensitive code system <code>https://hl7chile.cl/fhir/ig/clcore/CodeSystem/CSCodigoServicio</code> defines the following codes:</p><table class=\"codes\"><tr><td style=\"white-space:nowrap\"><b>Code</b></td><td><b>Display</b></td></tr><tr><td style=\"white-space:nowrap\">nutINTA<a name=\"CSCodigoServicio-nutINTA\"> </a></td><td>Nutrición INTA</td></tr><tr><td style=\"white-space:nowrap\">nedINTA<a name=\"CSCodigoServicio-nedINTA\"> </a></td><td>Medicina INTA</td></tr><tr><td style=\"white-space:nowrap\">medInt<a name=\"CSCodigoServicio-medInt\"> </a></td><td>Medicina Interna</td></tr><tr><td style=\"white-space:nowrap\">saludMDigital<a name=\"CSCodigoServicio-saludMDigital\"> </a></td><td>Salud Mental Digital</td></tr><tr><td style=\"white-space:nowrap\">medGen<a name=\"CSCodigoServicio-medGen\"> </a></td><td>Medicina General</td></tr><tr><td style=\"white-space:nowrap\">derm<a name=\"CSCodigoServicio-derm\"> </a></td><td>Dermatología</td></tr><tr><td style=\"white-space:nowrap\">telDiabetes<a name=\"CSCodigoServicio-telDiabetes\"> </a></td><td>Telemedicina Diabetes</td></tr><tr><td style=\"white-space:nowrap\">telRehab<a name=\"CSCodigoServicio-telRehab\"> </a></td><td>Tele rehabilitación</td></tr><tr><td style=\"white-space:nowrap\">otorrin<a name=\"CSCodigoServicio-otorrin\"> </a></td><td>Otorrinolaringología</td></tr><tr><td style=\"white-space:nowrap\">neurInf<a name=\"CSCodigoServicio-neurInf\"> </a></td><td>Neurología Infantil</td></tr><tr><td style=\"white-space:nowrap\">atencUrgAPS<a name=\"CSCodigoServicio-atencUrgAPS\"> </a></td><td>Atención de Urgencia APS</td></tr><tr><td style=\"white-space:nowrap\">vih<a name=\"CSCodigoServicio-vih\"> </a></td><td>VIH</td></tr><tr><td style=\"white-space:nowrap\">geri<a name=\"CSCodigoServicio-geri\"> </a></td><td>Geriatría</td></tr><tr><td style=\"white-space:nowrap\">gine<a name=\"CSCodigoServicio-gine\"> </a></td><td>Ginecología</td></tr></table></div>"},"url":"https://hl7chile.cl/fhir/ig/clcore/CodeSystem/CSCodigoServicio","version":"1.9.3","name":"CSCodServicioCL","title":"Tipos de Servicios Remotos","status":"active","experimental":false,"date":"2022-05-22T00:00:00-03:00","publisher":"HL7 Chile","contact":[{"name":"HL7 Chile","telecom":[{"system":"url","value":"http://hl7chile.cl"},{"system":"email","value":"chair@hl7chile.cl"}]}],"description":"Códigos para los Servicios realizados en un encuentro remoto según indicaciones del Ministerio de Salud","jurisdiction":[{"coding":[{"system":"urn:iso:std:iso:3166","code":"CL","display":"Chile"}]}],"copyright":"Usado con el permiso de HL7 International, todos los derechos resevados en los Licencias de HL7 Internacional.","caseSensitive":true,"content":"complete","count":14,"concept":[{"code":"nutINTA","display":"Nutrición INTA","designation":[{"language":"es","use":{"system":"http://terminology.hl7.org/CodeSystem/designation-usage","code":"display"},"value":"Nutrición INTA"}]},{"code":"nedINTA","display":"Medicina INTA","designation":[{"language":"es","use":{"system":"http://terminology.hl7.org/CodeSystem/designation-usage","code":"display"},"value":"Medicina INTA"}]},{"code":"medInt","display":"Medicina Interna","designation":[{"language":"es","use":{"system":"http://terminology.hl7.org/CodeSystem/designation-usage","code":"display"},"value":"Medicina Interna"}]},{"code":"saludMDigital","display":"Salud Mental Digital","designation":[{"language":"es","use":{"system":"http://terminology.hl7.org/CodeSystem/designation-usage","code":"display"},"value":"Salud Mental Digital"}]},{"code":"medGen","display":"Medicina General","designation":[{"language":"es","use":{"system":"http://terminology.hl7.org/CodeSystem/designation-usage","code":"display"},"value":"Medicina General"}]},{"code":"derm","display":"Dermatología","designation":[{"language":"es","use":{"system":"http://terminology.hl7.org/CodeSystem/designation-usage","code":"display"},"value":"Dermatología"}]},{"code":"telDiabetes","display":"Telemedicina Diabetes","designation":[{"language":"es","use":{"system":"http://terminology.hl7.org/CodeSystem/designation-usage","code":"display"},"value":"Telemedicina Diabetes"}]},{"code":"telRehab","display":"Tele rehabilitación","designation":[{"language":"es","use":{"system":"http://terminology.hl7.org/CodeSystem/designation-usage","code":"display"},"value":"Tele rehabilitación"}]},{"code":"otorrin","display":"Otorrinolaringología","designation":[{"language":"es","use":{"system":"http://terminology.hl7.org/CodeSystem/designation-usage","code":"display"},"value":"Otorrinolaringología"}]},{"code":"neurInf","display":"Neurología Infantil","designation":[{"language":"es","use":{"system":"http://terminology.hl7.org/CodeSystem/designation-usage","code":"display"},"value":"Neurología Infantil"}]},{"code":"atencUrgAPS","display":"Atención de Urgencia APS","designation":[{"language":"es","use":{"system":"http://terminology.hl7.org/CodeSystem/designation-usage","code":"display"},"value":"Atención de Urgencia APS"}]},{"code":"vih","display":"VIH","designation":[{"language":"es","use":{"system":"http://terminology.hl7.org/CodeSystem/designation-usage","code":"display"},"value":"VIH"}]},{"code":"geri","display":"Geriatría","designation":[{"language":"es","use":{"system":"http://terminology.hl7.org/CodeSystem/designation-usage","code":"display"},"value":"Geriatría"}]},{"code":"gine","display":"Ginecología","designation":[{"language":"es","use":{"system":"http://terminology.hl7.org/CodeSystem/designation-usage","code":"display"},"value":"Ginecología"}]}]}