{"resourceType":"CodeSystem","id":"CSCodRegionCL","language":"es","text":{"status":"generated","div":"<div xmlns=\"http://www.w3.org/1999/xhtml\" xml:lang=\"es\" lang=\"es\"><p class=\"res-header-id\"><b>Generated Narrative: CodeSystem CSCodRegionCL</b></p><a name=\"CSCodRegionCL\"> </a><a name=\"hcCSCodRegionCL\"> </a><a name=\"CSCodRegionCL-es-CL\"> </a><div style=\"display: inline-block; background-color: #d9e0e7; padding: 6px; margin: 4px; border: 1px solid #8da1b4; border-radius: 5px; line-height: 60%\"><p style=\"margin-bottom: 0px\">Language: es</p></div><p>This case-sensitive code system <code>https://hl7chile.cl/fhir/ig/clcore/CodeSystem/CSCodRegionCL</code> defines the following codes:</p><table class=\"codes\"><tr><td style=\"white-space:nowrap\"><b>Code</b></td><td><b>Display</b></td></tr><tr><td style=\"white-space:nowrap\">15<a name=\"CSCodRegionCL-15\"> </a></td><td>Arica y Parinacota</td></tr><tr><td style=\"white-space:nowrap\">01<a name=\"CSCodRegionCL-01\"> </a></td><td>Tarapacá</td></tr><tr><td style=\"white-space:nowrap\">02<a name=\"CSCodRegionCL-02\"> </a></td><td>Antofagasta</td></tr><tr><td style=\"white-space:nowrap\">03<a name=\"CSCodRegionCL-03\"> </a></td><td>Atacama</td></tr><tr><td style=\"white-space:nowrap\">04<a name=\"CSCodRegionCL-04\"> </a></td><td>Coquimbo</td></tr><tr><td style=\"white-space:nowrap\">05<a name=\"CSCodRegionCL-05\"> </a></td><td>Valparaíso</td></tr><tr><td style=\"white-space:nowrap\">13<a name=\"CSCodRegionCL-13\"> </a></td><td>Metropolitana de Santiago</td></tr><tr><td style=\"white-space:nowrap\">06<a name=\"CSCodRegionCL-06\"> </a></td><td>Del Libertador Gral. Bernardo O'Higgins</td></tr><tr><td style=\"white-space:nowrap\">07<a name=\"CSCodRegionCL-07\"> </a></td><td>Del Maule</td></tr><tr><td style=\"white-space:nowrap\">08<a name=\"CSCodRegionCL-08\"> </a></td><td>Del Biobío</td></tr><tr><td style=\"white-space:nowrap\">09<a name=\"CSCodRegionCL-09\"> </a></td><td>De la Araucanía</td></tr><tr><td style=\"white-space:nowrap\">14<a name=\"CSCodRegionCL-14\"> </a></td><td>De los Ríos</td></tr><tr><td style=\"white-space:nowrap\">10<a name=\"CSCodRegionCL-10\"> </a></td><td>De los Lagos</td></tr><tr><td style=\"white-space:nowrap\">11<a name=\"CSCodRegionCL-11\"> </a></td><td>Aysén del Gral. Carlos Ibáñez del Campo</td></tr><tr><td style=\"white-space:nowrap\">12<a name=\"CSCodRegionCL-12\"> </a></td><td>Magallanes y de la Antártica Chilena</td></tr><tr><td style=\"white-space:nowrap\">16<a name=\"CSCodRegionCL-16\"> </a></td><td>Ñuble</td></tr></table></div>"},"url":"https://hl7chile.cl/fhir/ig/clcore/CodeSystem/CSCodRegionCL","version":"1.9.3","name":"CSCodRegionCL","title":"Códigos de Regiones en Chile","status":"active","experimental":false,"date":"2022-01-18T00:00:00-03:00","publisher":"HL7 Chile","contact":[{"name":"HL7 Chile","telecom":[{"system":"url","value":"http://hl7chile.cl"},{"system":"email","value":"chair@hl7chile.cl"}]}],"description":"Códigos de Regiones para Chile según Códigos Únicos Territoriales Actualizados, por Decreto exento No 817 del Ministerio del Interior","jurisdiction":[{"coding":[{"system":"urn:iso:std:iso:3166","code":"CL","display":"Chile"}]}],"copyright":"Usado con el permiso de HL7 International, todos los derechos resevados en los Licencias de HL7 Internacional.","caseSensitive":true,"content":"complete","count":16,"concept":[{"code":"15","display":"Arica y Parinacota","designation":[{"language":"es","use":{"system":"http://terminology.hl7.org/CodeSystem/designation-usage","code":"display"},"value":"Arica y Parinacota"}]},{"code":"01","display":"Tarapacá","designation":[{"language":"es","use":{"system":"http://terminology.hl7.org/CodeSystem/designation-usage","code":"display"},"value":"Tarapacá"}]},{"code":"02","display":"Antofagasta","designation":[{"language":"es","use":{"system":"http://terminology.hl7.org/CodeSystem/designation-usage","code":"display"},"value":"Antofagasta"}]},{"code":"03","display":"Atacama","designation":[{"language":"es","use":{"system":"http://terminology.hl7.org/CodeSystem/designation-usage","code":"display"},"value":"Atacama"}]},{"code":"04","display":"Coquimbo","designation":[{"language":"es","use":{"system":"http://terminology.hl7.org/CodeSystem/designation-usage","code":"display"},"value":"Coquimbo"}]},{"code":"05","display":"Valparaíso","designation":[{"language":"es","use":{"system":"http://terminology.hl7.org/CodeSystem/designation-usage","code":"display"},"value":"Valparaíso"}]},{"code":"13","display":"Metropolitana de Santiago","designation":[{"language":"es","use":{"system":"http://terminology.hl7.org/CodeSystem/designation-usage","code":"display"},"value":"Metropolitana de Santiago"}]},{"code":"06","display":"Del Libertador Gral. Bernardo O'Higgins","designation":[{"language":"es","use":{"system":"http://terminology.hl7.org/CodeSystem/designation-usage","code":"display"},"value":"Del Libertador Gral. Bernardo O'Higgins"}]},{"code":"07","display":"Del Maule","designation":[{"language":"es","use":{"system":"http://terminology.hl7.org/CodeSystem/designation-usage","code":"display"},"value":"Del Maule"}]},{"code":"08","display":"Del Biobío","designation":[{"language":"es","use":{"system":"http://terminology.hl7.org/CodeSystem/designation-usage","code":"display"},"value":"Del Biobío"}]},{"code":"09","display":"De la Araucanía","designation":[{"language":"es","use":{"system":"http://terminology.hl7.org/CodeSystem/designation-usage","code":"display"},"value":"De la Araucanía"}]},{"code":"14","display":"De los Ríos","designation":[{"language":"es","use":{"system":"http://terminology.hl7.org/CodeSystem/designation-usage","code":"display"},"value":"De los Ríos"}]},{"code":"10","display":"De los Lagos","designation":[{"language":"es","use":{"system":"http://terminology.hl7.org/CodeSystem/designation-usage","code":"display"},"value":"De los Lagos"}]},{"code":"11","display":"Aysén del Gral. Carlos Ibáñez del Campo","designation":[{"language":"es","use":{"system":"http://terminology.hl7.org/CodeSystem/designation-usage","code":"display"},"value":"Aysén del Gral. Carlos Ibáñez del Campo"}]},{"code":"12","display":"Magallanes y de la Antártica Chilena","designation":[{"language":"es","use":{"system":"http://terminology.hl7.org/CodeSystem/designation-usage","code":"display"},"value":"Magallanes y de la Antártica Chilena"}]},{"code":"16","display":"Ñuble","designation":[{"language":"es","use":{"system":"http://terminology.hl7.org/CodeSystem/designation-usage","code":"display"},"value":"Ñuble"}]}]}