{"resourceType":"CodeSystem","id":"CSEspecialidadesDeisCL","language":"es","text":{"status":"generated","div":"<div xmlns=\"http://www.w3.org/1999/xhtml\" xml:lang=\"es\" lang=\"es\"><p class=\"res-header-id\"><b>Generated Narrative: CodeSystem CSEspecialidadesDeisCL</b></p><a name=\"CSEspecialidadesDeisCL\"> </a><a name=\"hcCSEspecialidadesDeisCL\"> </a><a name=\"CSEspecialidadesDeisCL-es-CL\"> </a><div style=\"display: inline-block; background-color: #d9e0e7; padding: 6px; margin: 4px; border: 1px solid #8da1b4; border-radius: 5px; line-height: 60%\"><p style=\"margin-bottom: 0px\">Language: es</p></div><p>This case-sensitive code system <code>https://hl7chile.cl/fhir/ig/clcore/CodeSystem/CSEspecialidadesDeisCL</code> defines the following codes:</p><table class=\"codes\"><tr><td style=\"white-space:nowrap\"><b>Code</b></td><td><b>Display</b></td></tr><tr><td style=\"white-space:nowrap\">1<a name=\"CSEspecialidadesDeisCL-1\"> </a></td><td>Anatomía Patológica</td></tr><tr><td style=\"white-space:nowrap\">2<a name=\"CSEspecialidadesDeisCL-2\"> </a></td><td>Anestesiología</td></tr><tr><td style=\"white-space:nowrap\">3<a name=\"CSEspecialidadesDeisCL-3\"> </a></td><td>Cardiología</td></tr><tr><td style=\"white-space:nowrap\">4<a name=\"CSEspecialidadesDeisCL-4\"> </a></td><td>Cirugía General</td></tr><tr><td style=\"white-space:nowrap\">5<a name=\"CSEspecialidadesDeisCL-5\"> </a></td><td>Cirugía de Cabeza, Cuello y Maxilofacial</td></tr><tr><td style=\"white-space:nowrap\">6<a name=\"CSEspecialidadesDeisCL-6\"> </a></td><td>Cirugía Cardiovascular</td></tr><tr><td style=\"white-space:nowrap\">7<a name=\"CSEspecialidadesDeisCL-7\"> </a></td><td>Cirugía  de Tórax</td></tr><tr><td style=\"white-space:nowrap\">8<a name=\"CSEspecialidadesDeisCL-8\"> </a></td><td>Cirugía Plástica y Reparadora</td></tr><tr><td style=\"white-space:nowrap\">9<a name=\"CSEspecialidadesDeisCL-9\"> </a></td><td>Cirugía Pediátrica</td></tr><tr><td style=\"white-space:nowrap\">10<a name=\"CSEspecialidadesDeisCL-10\"> </a></td><td>Cirugía Vascular Periférica</td></tr><tr><td style=\"white-space:nowrap\">11<a name=\"CSEspecialidadesDeisCL-11\"> </a></td><td>Coloproctología</td></tr><tr><td style=\"white-space:nowrap\">12<a name=\"CSEspecialidadesDeisCL-12\"> </a></td><td>Dermatología</td></tr><tr><td style=\"white-space:nowrap\">13<a name=\"CSEspecialidadesDeisCL-13\"> </a></td><td>Diabetología</td></tr><tr><td style=\"white-space:nowrap\">14<a name=\"CSEspecialidadesDeisCL-14\"> </a></td><td>Endocrinología Adulto</td></tr><tr><td style=\"white-space:nowrap\">15<a name=\"CSEspecialidadesDeisCL-15\"> </a></td><td>Endocrinología Pediatrica</td></tr><tr><td style=\"white-space:nowrap\">16<a name=\"CSEspecialidadesDeisCL-16\"> </a></td><td>Enfermedades Respiratorias del Adulto (Broncopulmonar)</td></tr><tr><td style=\"white-space:nowrap\">17<a name=\"CSEspecialidadesDeisCL-17\"> </a></td><td>Enfermedades Respiratorias Pediátricas(Broncopulmonar Pediátrico)</td></tr><tr><td style=\"white-space:nowrap\">18<a name=\"CSEspecialidadesDeisCL-18\"> </a></td><td>Gastroenterología Adulto</td></tr><tr><td style=\"white-space:nowrap\">19<a name=\"CSEspecialidadesDeisCL-19\"> </a></td><td>Gastroenterología Pediátrica</td></tr><tr><td style=\"white-space:nowrap\">20<a name=\"CSEspecialidadesDeisCL-20\"> </a></td><td>Genética Clínica</td></tr><tr><td style=\"white-space:nowrap\">21<a name=\"CSEspecialidadesDeisCL-21\"> </a></td><td>Geriatría</td></tr><tr><td style=\"white-space:nowrap\">22<a name=\"CSEspecialidadesDeisCL-22\"> </a></td><td>Ginecología Pediátrica y de la Adolescencia</td></tr><tr><td style=\"white-space:nowrap\">23<a name=\"CSEspecialidadesDeisCL-23\"> </a></td><td>Hematología</td></tr><tr><td style=\"white-space:nowrap\">24<a name=\"CSEspecialidadesDeisCL-24\"> </a></td><td>Imagenología</td></tr><tr><td style=\"white-space:nowrap\">25<a name=\"CSEspecialidadesDeisCL-25\"> </a></td><td>Infectología</td></tr><tr><td style=\"white-space:nowrap\">26<a name=\"CSEspecialidadesDeisCL-26\"> </a></td><td>Inmunología</td></tr><tr><td style=\"white-space:nowrap\">27<a name=\"CSEspecialidadesDeisCL-27\"> </a></td><td>Laboratorio Clínico</td></tr><tr><td style=\"white-space:nowrap\">28<a name=\"CSEspecialidadesDeisCL-28\"> </a></td><td>Medicina Familiar</td></tr><tr><td style=\"white-space:nowrap\">29<a name=\"CSEspecialidadesDeisCL-29\"> </a></td><td>Medicina Física y Rehabilitación (Fisiatria Adulto)</td></tr><tr><td style=\"white-space:nowrap\">30<a name=\"CSEspecialidadesDeisCL-30\"> </a></td><td>Medicina Interna</td></tr><tr><td style=\"white-space:nowrap\">31<a name=\"CSEspecialidadesDeisCL-31\"> </a></td><td>Medicina Intensiva Adulto</td></tr><tr><td style=\"white-space:nowrap\">32<a name=\"CSEspecialidadesDeisCL-32\"> </a></td><td>Medicina Intensiva Pediátrica</td></tr><tr><td style=\"white-space:nowrap\">33<a name=\"CSEspecialidadesDeisCL-33\"> </a></td><td>Medicina Legal</td></tr><tr><td style=\"white-space:nowrap\">34<a name=\"CSEspecialidadesDeisCL-34\"> </a></td><td>Medicina Materno Infantil</td></tr><tr><td style=\"white-space:nowrap\">35<a name=\"CSEspecialidadesDeisCL-35\"> </a></td><td>Medicina Nuclear</td></tr><tr><td style=\"white-space:nowrap\">36<a name=\"CSEspecialidadesDeisCL-36\"> </a></td><td>Medicina de Urgencia</td></tr><tr><td style=\"white-space:nowrap\">37<a name=\"CSEspecialidadesDeisCL-37\"> </a></td><td>Nefrología Adulto</td></tr><tr><td style=\"white-space:nowrap\">38<a name=\"CSEspecialidadesDeisCL-38\"> </a></td><td>Nefrología Pediátrico</td></tr><tr><td style=\"white-space:nowrap\">39<a name=\"CSEspecialidadesDeisCL-39\"> </a></td><td>Neonatología</td></tr><tr><td style=\"white-space:nowrap\">40<a name=\"CSEspecialidadesDeisCL-40\"> </a></td><td>Neurocirugía</td></tr><tr><td style=\"white-space:nowrap\">41<a name=\"CSEspecialidadesDeisCL-41\"> </a></td><td>Neurología Adulto</td></tr><tr><td style=\"white-space:nowrap\">42<a name=\"CSEspecialidadesDeisCL-42\"> </a></td><td>Neurología Pediátrica</td></tr><tr><td style=\"white-space:nowrap\">43<a name=\"CSEspecialidadesDeisCL-43\"> </a></td><td>Obstetricia y Ginecología</td></tr><tr><td style=\"white-space:nowrap\">44<a name=\"CSEspecialidadesDeisCL-44\"> </a></td><td>Oftalmología</td></tr><tr><td style=\"white-space:nowrap\">45<a name=\"CSEspecialidadesDeisCL-45\"> </a></td><td>Oncología Médica</td></tr><tr><td style=\"white-space:nowrap\">46<a name=\"CSEspecialidadesDeisCL-46\"> </a></td><td>Otorrinolaringología</td></tr><tr><td style=\"white-space:nowrap\">47<a name=\"CSEspecialidadesDeisCL-47\"> </a></td><td>Pediatría</td></tr><tr><td style=\"white-space:nowrap\">48<a name=\"CSEspecialidadesDeisCL-48\"> </a></td><td>Psiquiatría Adulto</td></tr><tr><td style=\"white-space:nowrap\">49<a name=\"CSEspecialidadesDeisCL-49\"> </a></td><td>Psiquiatría Pediátrica y de la Adolescencia</td></tr><tr><td style=\"white-space:nowrap\">50<a name=\"CSEspecialidadesDeisCL-50\"> </a></td><td>Radioterapia Oncológica</td></tr><tr><td style=\"white-space:nowrap\">51<a name=\"CSEspecialidadesDeisCL-51\"> </a></td><td>Reumatología</td></tr><tr><td style=\"white-space:nowrap\">52<a name=\"CSEspecialidadesDeisCL-52\"> </a></td><td>Salud Pública</td></tr><tr><td style=\"white-space:nowrap\">53<a name=\"CSEspecialidadesDeisCL-53\"> </a></td><td>Traumatología y Ortopedia</td></tr><tr><td style=\"white-space:nowrap\">54<a name=\"CSEspecialidadesDeisCL-54\"> </a></td><td>Urología</td></tr><tr><td style=\"white-space:nowrap\">55<a name=\"CSEspecialidadesDeisCL-55\"> </a></td><td>Cardiología Pediátrica</td></tr><tr><td style=\"white-space:nowrap\">56<a name=\"CSEspecialidadesDeisCL-56\"> </a></td><td>Cirugía Digestiva</td></tr><tr><td style=\"white-space:nowrap\">57<a name=\"CSEspecialidadesDeisCL-57\"> </a></td><td>Cirugía Plástica y Reparadora Pediátrica</td></tr><tr><td style=\"white-space:nowrap\">58<a name=\"CSEspecialidadesDeisCL-58\"> </a></td><td>Ginecología</td></tr><tr><td style=\"white-space:nowrap\">59<a name=\"CSEspecialidadesDeisCL-59\"> </a></td><td>Hemato-Oncología Pediátrica</td></tr><tr><td style=\"white-space:nowrap\">60<a name=\"CSEspecialidadesDeisCL-60\"> </a></td><td>Infectología Pediátrica</td></tr><tr><td style=\"white-space:nowrap\">61<a name=\"CSEspecialidadesDeisCL-61\"> </a></td><td>Medicina Familiar del Niño</td></tr><tr><td style=\"white-space:nowrap\">62<a name=\"CSEspecialidadesDeisCL-62\"> </a></td><td>Medicina Física y Rehabilitación Pediátrica (Fisiatría Pediátrica)</td></tr><tr><td style=\"white-space:nowrap\">63<a name=\"CSEspecialidadesDeisCL-63\"> </a></td><td>Nutriólogo</td></tr><tr><td style=\"white-space:nowrap\">64<a name=\"CSEspecialidadesDeisCL-64\"> </a></td><td>Nutriólogo Pediátrico</td></tr><tr><td style=\"white-space:nowrap\">65<a name=\"CSEspecialidadesDeisCL-65\"> </a></td><td>Reumatología Pediátrica</td></tr><tr><td style=\"white-space:nowrap\">66<a name=\"CSEspecialidadesDeisCL-66\"> </a></td><td>Obstetricia</td></tr><tr><td style=\"white-space:nowrap\">67<a name=\"CSEspecialidadesDeisCL-67\"> </a></td><td>Traumatología y Ortopedia Pediátrica</td></tr><tr><td style=\"white-space:nowrap\">68<a name=\"CSEspecialidadesDeisCL-68\"> </a></td><td>Urología Pediátrica</td></tr></table></div>"},"url":"https://hl7chile.cl/fhir/ig/clcore/CodeSystem/CSEspecialidadesDeisCL","version":"1.9.3","name":"CSEspecialidadesDeisCL","title":"Códigos de Especialidades","status":"active","experimental":false,"date":"2022-01-18T00:00:00-03:00","publisher":"HL7 Chile","contact":[{"name":"HL7 Chile","telecom":[{"system":"url","value":"http://hl7chile.cl"},{"system":"email","value":"chair@hl7chile.cl"}]}],"description":"Códigos de especialidades médicas descritas según DEIS","jurisdiction":[{"coding":[{"system":"urn:iso:std:iso:3166","code":"CL","display":"Chile"}]}],"copyright":"Usado con el permiso de HL7 International, todos los derechos resevados en los Licencias de HL7 Internacional.","caseSensitive":true,"content":"complete","count":68,"concept":[{"code":"1","display":"Anatomía Patológica","designation":[{"language":"es","use":{"system":"http://terminology.hl7.org/CodeSystem/designation-usage","code":"display"},"value":"Anatomía Patológica"}]},{"code":"2","display":"Anestesiología","designation":[{"language":"es","use":{"system":"http://terminology.hl7.org/CodeSystem/designation-usage","code":"display"},"value":"Anestesiología"}]},{"code":"3","display":"Cardiología","designation":[{"language":"es","use":{"system":"http://terminology.hl7.org/CodeSystem/designation-usage","code":"display"},"value":"Cardiología"}]},{"code":"4","display":"Cirugía General","designation":[{"language":"es","use":{"system":"http://terminology.hl7.org/CodeSystem/designation-usage","code":"display"},"value":"Cirugía General"}]},{"code":"5","display":"Cirugía de Cabeza, Cuello y Maxilofacial","designation":[{"language":"es","use":{"system":"http://terminology.hl7.org/CodeSystem/designation-usage","code":"display"},"value":"Cirugía de Cabeza, Cuello y Maxilofacial"}]},{"code":"6","display":"Cirugía Cardiovascular","designation":[{"language":"es","use":{"system":"http://terminology.hl7.org/CodeSystem/designation-usage","code":"display"},"value":"Cirugía Cardiovascular"}]},{"code":"7","display":"Cirugía  de Tórax","designation":[{"language":"es","use":{"system":"http://terminology.hl7.org/CodeSystem/designation-usage","code":"display"},"value":"Cirugía  de Tórax"}]},{"code":"8","display":"Cirugía Plástica y Reparadora","designation":[{"language":"es","use":{"system":"http://terminology.hl7.org/CodeSystem/designation-usage","code":"display"},"value":"Cirugía Plástica y Reparadora"}]},{"code":"9","display":"Cirugía Pediátrica","designation":[{"language":"es","use":{"system":"http://terminology.hl7.org/CodeSystem/designation-usage","code":"display"},"value":"Cirugía Pediátrica"}]},{"code":"10","display":"Cirugía Vascular Periférica","designation":[{"language":"es","use":{"system":"http://terminology.hl7.org/CodeSystem/designation-usage","code":"display"},"value":"Cirugía Vascular Periférica"}]},{"code":"11","display":"Coloproctología","designation":[{"language":"es","use":{"system":"http://terminology.hl7.org/CodeSystem/designation-usage","code":"display"},"value":"Coloproctología"}]},{"code":"12","display":"Dermatología","designation":[{"language":"es","use":{"system":"http://terminology.hl7.org/CodeSystem/designation-usage","code":"display"},"value":"Dermatología"}]},{"code":"13","display":"Diabetología","designation":[{"language":"es","use":{"system":"http://terminology.hl7.org/CodeSystem/designation-usage","code":"display"},"value":"Diabetología"}]},{"code":"14","display":"Endocrinología Adulto","designation":[{"language":"es","use":{"system":"http://terminology.hl7.org/CodeSystem/designation-usage","code":"display"},"value":"Endocrinología Adulto"}]},{"code":"15","display":"Endocrinología Pediatrica","designation":[{"language":"es","use":{"system":"http://terminology.hl7.org/CodeSystem/designation-usage","code":"display"},"value":"Endocrinología Pediatrica"}]},{"code":"16","display":"Enfermedades Respiratorias del Adulto (Broncopulmonar)","designation":[{"language":"es","use":{"system":"http://terminology.hl7.org/CodeSystem/designation-usage","code":"display"},"value":"Enfermedades Respiratorias del Adulto (Broncopulmonar)"}]},{"code":"17","display":"Enfermedades Respiratorias Pediátricas(Broncopulmonar Pediátrico)","designation":[{"language":"es","use":{"system":"http://terminology.hl7.org/CodeSystem/designation-usage","code":"display"},"value":"Enfermedades Respiratorias Pediátricas(Broncopulmonar Pediátrico)"}]},{"code":"18","display":"Gastroenterología Adulto","designation":[{"language":"es","use":{"system":"http://terminology.hl7.org/CodeSystem/designation-usage","code":"display"},"value":"Gastroenterología Adulto"}]},{"code":"19","display":"Gastroenterología Pediátrica","designation":[{"language":"es","use":{"system":"http://terminology.hl7.org/CodeSystem/designation-usage","code":"display"},"value":"Gastroenterología Pediátrica"}]},{"code":"20","display":"Genética Clínica","designation":[{"language":"es","use":{"system":"http://terminology.hl7.org/CodeSystem/designation-usage","code":"display"},"value":"Genética Clínica"}]},{"code":"21","display":"Geriatría","designation":[{"language":"es","use":{"system":"http://terminology.hl7.org/CodeSystem/designation-usage","code":"display"},"value":"Geriatría"}]},{"code":"22","display":"Ginecología Pediátrica y de la Adolescencia","designation":[{"language":"es","use":{"system":"http://terminology.hl7.org/CodeSystem/designation-usage","code":"display"},"value":"Ginecología Pediátrica y de la Adolescencia"}]},{"code":"23","display":"Hematología","designation":[{"language":"es","use":{"system":"http://terminology.hl7.org/CodeSystem/designation-usage","code":"display"},"value":"Hematología"}]},{"code":"24","display":"Imagenología","designation":[{"language":"es","use":{"system":"http://terminology.hl7.org/CodeSystem/designation-usage","code":"display"},"value":"Imagenología"}]},{"code":"25","display":"Infectología","designation":[{"language":"es","use":{"system":"http://terminology.hl7.org/CodeSystem/designation-usage","code":"display"},"value":"Infectología"}]},{"code":"26","display":"Inmunología","designation":[{"language":"es","use":{"system":"http://terminology.hl7.org/CodeSystem/designation-usage","code":"display"},"value":"Inmunología"}]},{"code":"27","display":"Laboratorio Clínico","designation":[{"language":"es","use":{"system":"http://terminology.hl7.org/CodeSystem/designation-usage","code":"display"},"value":"Laboratorio Clínico"}]},{"code":"28","display":"Medicina Familiar","designation":[{"language":"es","use":{"system":"http://terminology.hl7.org/CodeSystem/designation-usage","code":"display"},"value":"Medicina Familiar"}]},{"code":"29","display":"Medicina Física y Rehabilitación (Fisiatria Adulto)","designation":[{"language":"es","use":{"system":"http://terminology.hl7.org/CodeSystem/designation-usage","code":"display"},"value":"Medicina Física y Rehabilitación (Fisiatria Adulto)"}]},{"code":"30","display":"Medicina Interna","designation":[{"language":"es","use":{"system":"http://terminology.hl7.org/CodeSystem/designation-usage","code":"display"},"value":"Medicina Interna"}]},{"code":"31","display":"Medicina Intensiva Adulto","designation":[{"language":"es","use":{"system":"http://terminology.hl7.org/CodeSystem/designation-usage","code":"display"},"value":"Medicina Intensiva Adulto"}]},{"code":"32","display":"Medicina Intensiva Pediátrica","designation":[{"language":"es","use":{"system":"http://terminology.hl7.org/CodeSystem/designation-usage","code":"display"},"value":"Medicina Intensiva Pediátrica"}]},{"code":"33","display":"Medicina Legal","designation":[{"language":"es","use":{"system":"http://terminology.hl7.org/CodeSystem/designation-usage","code":"display"},"value":"Medicina Legal"}]},{"code":"34","display":"Medicina Materno Infantil","designation":[{"language":"es","use":{"system":"http://terminology.hl7.org/CodeSystem/designation-usage","code":"display"},"value":"Medicina Materno Infantil"}]},{"code":"35","display":"Medicina Nuclear","designation":[{"language":"es","use":{"system":"http://terminology.hl7.org/CodeSystem/designation-usage","code":"display"},"value":"Medicina Nuclear"}]},{"code":"36","display":"Medicina de Urgencia","designation":[{"language":"es","use":{"system":"http://terminology.hl7.org/CodeSystem/designation-usage","code":"display"},"value":"Medicina de Urgencia"}]},{"code":"37","display":"Nefrología Adulto","designation":[{"language":"es","use":{"system":"http://terminology.hl7.org/CodeSystem/designation-usage","code":"display"},"value":"Nefrología Adulto"}]},{"code":"38","display":"Nefrología Pediátrico","designation":[{"language":"es","use":{"system":"http://terminology.hl7.org/CodeSystem/designation-usage","code":"display"},"value":"Nefrología Pediátrico"}]},{"code":"39","display":"Neonatología","designation":[{"language":"es","use":{"system":"http://terminology.hl7.org/CodeSystem/designation-usage","code":"display"},"value":"Neonatología"}]},{"code":"40","display":"Neurocirugía","designation":[{"language":"es","use":{"system":"http://terminology.hl7.org/CodeSystem/designation-usage","code":"display"},"value":"Neurocirugía"}]},{"code":"41","display":"Neurología Adulto","designation":[{"language":"es","use":{"system":"http://terminology.hl7.org/CodeSystem/designation-usage","code":"display"},"value":"Neurología Adulto"}]},{"code":"42","display":"Neurología Pediátrica","designation":[{"language":"es","use":{"system":"http://terminology.hl7.org/CodeSystem/designation-usage","code":"display"},"value":"Neurología Pediátrica"}]},{"code":"43","display":"Obstetricia y Ginecología","designation":[{"language":"es","use":{"system":"http://terminology.hl7.org/CodeSystem/designation-usage","code":"display"},"value":"Obstetricia y Ginecología"}]},{"code":"44","display":"Oftalmología","designation":[{"language":"es","use":{"system":"http://terminology.hl7.org/CodeSystem/designation-usage","code":"display"},"value":"Oftalmología"}]},{"code":"45","display":"Oncología Médica","designation":[{"language":"es","use":{"system":"http://terminology.hl7.org/CodeSystem/designation-usage","code":"display"},"value":"Oncología Médica"}]},{"code":"46","display":"Otorrinolaringología","designation":[{"language":"es","use":{"system":"http://terminology.hl7.org/CodeSystem/designation-usage","code":"display"},"value":"Otorrinolaringología"}]},{"code":"47","display":"Pediatría","designation":[{"language":"es","use":{"system":"http://terminology.hl7.org/CodeSystem/designation-usage","code":"display"},"value":"Pediatría"}]},{"code":"48","display":"Psiquiatría Adulto","designation":[{"language":"es","use":{"system":"http://terminology.hl7.org/CodeSystem/designation-usage","code":"display"},"value":"Psiquiatría Adulto"}]},{"code":"49","display":"Psiquiatría Pediátrica y de la Adolescencia","designation":[{"language":"es","use":{"system":"http://terminology.hl7.org/CodeSystem/designation-usage","code":"display"},"value":"Psiquiatría Pediátrica y de la Adolescencia"}]},{"code":"50","display":"Radioterapia Oncológica","designation":[{"language":"es","use":{"system":"http://terminology.hl7.org/CodeSystem/designation-usage","code":"display"},"value":"Radioterapia Oncológica"}]},{"code":"51","display":"Reumatología","designation":[{"language":"es","use":{"system":"http://terminology.hl7.org/CodeSystem/designation-usage","code":"display"},"value":"Reumatología"}]},{"code":"52","display":"Salud Pública","designation":[{"language":"es","use":{"system":"http://terminology.hl7.org/CodeSystem/designation-usage","code":"display"},"value":"Salud Pública"}]},{"code":"53","display":"Traumatología y Ortopedia","designation":[{"language":"es","use":{"system":"http://terminology.hl7.org/CodeSystem/designation-usage","code":"display"},"value":"Traumatología y Ortopedia"}]},{"code":"54","display":"Urología","designation":[{"language":"es","use":{"system":"http://terminology.hl7.org/CodeSystem/designation-usage","code":"display"},"value":"Urología"}]},{"code":"55","display":"Cardiología Pediátrica","designation":[{"language":"es","use":{"system":"http://terminology.hl7.org/CodeSystem/designation-usage","code":"display"},"value":"Cardiología Pediátrica"}]},{"code":"56","display":"Cirugía Digestiva","designation":[{"language":"es","use":{"system":"http://terminology.hl7.org/CodeSystem/designation-usage","code":"display"},"value":"Cirugía Digestiva"}]},{"code":"57","display":"Cirugía Plástica y Reparadora Pediátrica","designation":[{"language":"es","use":{"system":"http://terminology.hl7.org/CodeSystem/designation-usage","code":"display"},"value":"Cirugía Plástica y Reparadora Pediátrica"}]},{"code":"58","display":"Ginecología","designation":[{"language":"es","use":{"system":"http://terminology.hl7.org/CodeSystem/designation-usage","code":"display"},"value":"Ginecología"}]},{"code":"59","display":"Hemato-Oncología Pediátrica","designation":[{"language":"es","use":{"system":"http://terminology.hl7.org/CodeSystem/designation-usage","code":"display"},"value":"Hemato-Oncología Pediátrica"}]},{"code":"60","display":"Infectología Pediátrica","designation":[{"language":"es","use":{"system":"http://terminology.hl7.org/CodeSystem/designation-usage","code":"display"},"value":"Infectología Pediátrica"}]},{"code":"61","display":"Medicina Familiar del Niño","designation":[{"language":"es","use":{"system":"http://terminology.hl7.org/CodeSystem/designation-usage","code":"display"},"value":"Medicina Familiar del Niño"}]},{"code":"62","display":"Medicina Física y Rehabilitación Pediátrica (Fisiatría Pediátrica)","designation":[{"language":"es","use":{"system":"http://terminology.hl7.org/CodeSystem/designation-usage","code":"display"},"value":"Medicina Física y Rehabilitación Pediátrica (Fisiatría Pediátrica)"}]},{"code":"63","display":"Nutriólogo","designation":[{"language":"es","use":{"system":"http://terminology.hl7.org/CodeSystem/designation-usage","code":"display"},"value":"Nutriólogo"}]},{"code":"64","display":"Nutriólogo Pediátrico","designation":[{"language":"es","use":{"system":"http://terminology.hl7.org/CodeSystem/designation-usage","code":"display"},"value":"Nutriólogo Pediátrico"}]},{"code":"65","display":"Reumatología Pediátrica","designation":[{"language":"es","use":{"system":"http://terminology.hl7.org/CodeSystem/designation-usage","code":"display"},"value":"Reumatología Pediátrica"}]},{"code":"66","display":"Obstetricia","designation":[{"language":"es","use":{"system":"http://terminology.hl7.org/CodeSystem/designation-usage","code":"display"},"value":"Obstetricia"}]},{"code":"67","display":"Traumatología y Ortopedia Pediátrica","designation":[{"language":"es","use":{"system":"http://terminology.hl7.org/CodeSystem/designation-usage","code":"display"},"value":"Traumatología y Ortopedia Pediátrica"}]},{"code":"68","display":"Urología Pediátrica","designation":[{"language":"es","use":{"system":"http://terminology.hl7.org/CodeSystem/designation-usage","code":"display"},"value":"Urología Pediátrica"}]}]}