{"resourceType":"CodeSystem","id":"CSTiposEncuentroCL","language":"es","text":{"status":"generated","div":"<div xmlns=\"http://www.w3.org/1999/xhtml\" xml:lang=\"es\" lang=\"es\"><p class=\"res-header-id\"><b>Generated Narrative: CodeSystem CSTiposEncuentroCL</b></p><a name=\"CSTiposEncuentroCL\"> </a><a name=\"hcCSTiposEncuentroCL\"> </a><a name=\"CSTiposEncuentroCL-es-CL\"> </a><div style=\"display: inline-block; background-color: #d9e0e7; padding: 6px; margin: 4px; border: 1px solid #8da1b4; border-radius: 5px; line-height: 60%\"><p style=\"margin-bottom: 0px\">Language: es</p></div><p>This case-sensitive code system <code>https://hl7chile.cl/fhir/ig/clcore/CodeSystem/CSTiposEncuentroCL</code> defines the following codes:</p><table class=\"codes\"><tr><td style=\"white-space:nowrap\"><b>Code</b></td><td><b>Display</b></td></tr><tr><td style=\"white-space:nowrap\">PR<a name=\"CSTiposEncuentroCL-PR\"> </a></td><td>Programada</td></tr><tr><td style=\"white-space:nowrap\">SP<a name=\"CSTiposEncuentroCL-SP\"> </a></td><td>Espontánea</td></tr><tr><td style=\"white-space:nowrap\">CO<a name=\"CSTiposEncuentroCL-CO\"> </a></td><td>Comité</td></tr></table></div>"},"url":"https://hl7chile.cl/fhir/ig/clcore/CodeSystem/CSTiposEncuentroCL","version":"1.9.3","name":"CSTiposEncuentroCL","title":"Tipos de Encuentro","status":"active","experimental":false,"date":"2022-05-21T00:00:00-03:00","publisher":"HL7 Chile","contact":[{"name":"HL7 Chile","telecom":[{"system":"url","value":"http://hl7chile.cl"},{"system":"email","value":"chair@hl7chile.cl"}]}],"description":"Códigos de Encuentros según MINSAL","jurisdiction":[{"coding":[{"system":"urn:iso:std:iso:3166","code":"CL","display":"Chile"}]}],"copyright":"Usado con el permiso de HL7 International, todos los derechos resevados en los Licencias de HL7 Internacional.","caseSensitive":true,"content":"complete","count":3,"concept":[{"code":"PR","display":"Programada","designation":[{"language":"es","use":{"system":"http://terminology.hl7.org/CodeSystem/designation-usage","code":"display"},"value":"Programada"}]},{"code":"SP","display":"Espontánea","designation":[{"language":"es","use":{"system":"http://terminology.hl7.org/CodeSystem/designation-usage","code":"display"},"value":"Espontánea"}]},{"code":"CO","display":"Comité","designation":[{"language":"es","use":{"system":"http://terminology.hl7.org/CodeSystem/designation-usage","code":"display"},"value":"Comité"}]}]}