{"resourceType":"ValueSet","id":"VSSexoListadoDeis","language":"es","text":{"status":"generated","div":"<div xmlns=\"http://www.w3.org/1999/xhtml\" xml:lang=\"es\" lang=\"es\"><p class=\"res-header-id\"><b>Generated Narrative: ValueSet VSSexoListadoDeis</b></p><a name=\"VSSexoListadoDeis\"> </a><a name=\"hcVSSexoListadoDeis\"> </a><a name=\"VSSexoListadoDeis-es-CL\"> </a><div style=\"display: inline-block; background-color: #d9e0e7; padding: 6px; margin: 4px; border: 1px solid #8da1b4; border-radius: 5px; line-height: 60%\"><p style=\"margin-bottom: 0px\">Language: es</p></div><ul><li>Include all codes defined in <a href=\"CodeSystem-CSSexoListadoDeis.html\"><code>https://hl7chile.cl/fhir/ig/clcore/CodeSystem/CSSexoListadoDeis</code></a></li></ul></div>"},"url":"https://hl7chile.cl/fhir/ig/clcore/ValueSet/VSSexoListadoDeis","version":"1.9.3","name":"VSSexoListadoDeis","title":"Sexo Listado Deis","status":"active","experimental":false,"date":"2023-01-15","publisher":"HL7 Chile","contact":[{"name":"HL7 Chile","telecom":[{"system":"url","value":"http://hl7chile.cl"},{"system":"email","value":"chair@hl7chile.cl"}]}],"description":"Sexo Listado Deis","jurisdiction":[{"coding":[{"system":"urn:iso:std:iso:3166","code":"CL","display":"Chile"}]}],"copyright":"Usado con el permiso de HL7 International, todos los derechos resevados en los Licencias de HL7 Internacional.","compose":{"include":[{"system":"https://hl7chile.cl/fhir/ig/clcore/CodeSystem/CSSexoListadoDeis"}]}}