{"resourceType":"ValueSet","id":"VSTiposEncuentroCL","language":"es","text":{"status":"generated","div":"<div xmlns=\"http://www.w3.org/1999/xhtml\" xml:lang=\"es\" lang=\"es\"><p class=\"res-header-id\"><b>Generated Narrative: ValueSet VSTiposEncuentroCL</b></p><a name=\"VSTiposEncuentroCL\"> </a><a name=\"hcVSTiposEncuentroCL\"> </a><a name=\"VSTiposEncuentroCL-es-CL\"> </a><div style=\"display: inline-block; background-color: #d9e0e7; padding: 6px; margin: 4px; border: 1px solid #8da1b4; border-radius: 5px; line-height: 60%\"><p style=\"margin-bottom: 0px\">Language: es</p></div><ul><li>Include all codes defined in <a href=\"CodeSystem-CSTiposEncuentroCL.html\"><code>https://hl7chile.cl/fhir/ig/clcore/CodeSystem/CSTiposEncuentroCL</code></a></li></ul></div>"},"url":"https://hl7chile.cl/fhir/ig/clcore/ValueSet/VSTiposEncuentroCL","version":"1.9.3","name":"VSTiposEncuentroCL","title":"Tipos de Encuentro","status":"active","experimental":false,"date":"2022-05-21T00:00:00-03:00","publisher":"HL7 Chile","contact":[{"name":"HL7 Chile","telecom":[{"system":"url","value":"http://hl7chile.cl"},{"system":"email","value":"chair@hl7chile.cl"}]}],"description":"Códigos de Encuentros según MINSAL","jurisdiction":[{"coding":[{"system":"urn:iso:std:iso:3166","code":"CL","display":"Chile"}]}],"copyright":"Usado con el permiso de HL7 International, todos los derechos resevados en los Licencias de HL7 Internacional.","compose":{"include":[{"system":"https://hl7chile.cl/fhir/ig/clcore/CodeSystem/CSTiposEncuentroCL"}]}}