{"resourceType":"ValueSet","id":"VSEspecialidadesCL","language":"es","text":{"status":"generated","div":"<div xmlns=\"http://www.w3.org/1999/xhtml\" xml:lang=\"es\" lang=\"es\"><p class=\"res-header-id\"><b>Generated Narrative: ValueSet VSEspecialidadesCL</b></p><a name=\"VSEspecialidadesCL\"> </a><a name=\"hcVSEspecialidadesCL\"> </a><a name=\"VSEspecialidadesCL-es-CL\"> </a><div style=\"display: inline-block; background-color: #d9e0e7; padding: 6px; margin: 4px; border: 1px solid #8da1b4; border-radius: 5px; line-height: 60%\"><p style=\"margin-bottom: 0px\">Language: es</p></div><p>This value set includes codes based on the following rules:</p><ul><li>Include all codes defined in <a href=\"CodeSystem-CSEspecialidadesDeisCL.html\"><code>https://hl7chile.cl/fhir/ig/clcore/CodeSystem/CSEspecialidadesDeisCL</code></a></li><li>Include all codes defined in <a href=\"CodeSystem-CSEspecialidadOdontologica.html\"><code>https://hl7chile.cl/fhir/ig/clcore/CodeSystem/CSEspecialidadOdontologica</code></a></li><li>Include all codes defined in <a href=\"CodeSystem-CSEspecialidadFarma.html\"><code>https://hl7chile.cl/fhir/ig/clcore/CodeSystem/CSEspecialidadFarma</code></a></li><li>Include all codes defined in <a href=\"CodeSystem-EspecialidadesConacemConaceoCS.html\"><code>https://hl7chile.cl/fhir/ig/clcore/CodeSystem/EspecialidadesConacemConaceoCS</code></a></li></ul></div>"},"url":"https://hl7chile.cl/fhir/ig/clcore/ValueSet/VSEspecialidadesCL","version":"1.9.3","name":"VSEspecialidadesCL","title":"Códigos de Especialidades","status":"active","experimental":false,"date":"2022-01-18T00:00:00-03:00","publisher":"HL7 Chile","contact":[{"name":"HL7 Chile","telecom":[{"system":"url","value":"http://hl7chile.cl"},{"system":"email","value":"chair@hl7chile.cl"}]}],"description":"Códigos de especialidades médicas descritas según DEIS, la CONACEM y CONACEO","jurisdiction":[{"coding":[{"system":"urn:iso:std:iso:3166","code":"CL","display":"Chile"}]}],"copyright":"Usado con el permiso de HL7 International, todos los derechos resevados en los Licencias de HL7 Internacional.","compose":{"include":[{"system":"https://hl7chile.cl/fhir/ig/clcore/CodeSystem/CSEspecialidadesDeisCL"},{"system":"https://hl7chile.cl/fhir/ig/clcore/CodeSystem/CSEspecialidadOdontologica"},{"system":"https://hl7chile.cl/fhir/ig/clcore/CodeSystem/CSEspecialidadFarma"},{"system":"https://hl7chile.cl/fhir/ig/clcore/CodeSystem/EspecialidadesConacemConaceoCS"}]}}