{
  "resourceType" : "Condition",
  "id" : "DiagnosticoEj2",
  "meta" : {
    "profile" : ["https://hl7chile.cl/fhir/ig/clcore/StructureDefinition/CoreDiagnosticoCl"]
  },
  "text" : {
    "status" : "generated",
    "div" : "<div xmlns=\"http://www.w3.org/1999/xhtml\"><p class=\"res-header-id\"><b>Generated Narrative: Condition DiagnosticoEj2</b></p><a name=\"DiagnosticoEj2\"> </a><a name=\"hcDiagnosticoEj2\"> </a><a name=\"DiagnosticoEj2-es-CL\"> </a><div style=\"display: inline-block; background-color: #d9e0e7; padding: 6px; margin: 4px; border: 1px solid #8da1b4; border-radius: 5px; line-height: 60%\"><p style=\"margin-bottom: 0px\"/><p style=\"margin-bottom: 0px\">Profile: <a href=\"StructureDefinition-CoreDiagnosticoCl.html\">CL Condición-Diagnóstico</a></p></div><p><b>clinicalStatus</b>: <span title=\"Codes:{http://terminology.hl7.org/CodeSystem/condition-clinical relapse}\">Recaída</span></p><p><b>verificationStatus</b>: <span title=\"Codes:{http://terminology.hl7.org/CodeSystem/condition-ver-status unconfirmed}\">Sin Confirmar</span></p><p><b>category</b>: <span title=\"Codes:{http://terminology.hl7.org/CodeSystem/condition-category encounter-diagnosis}\">Diagnostico del Encuentro</span></p><p><b>code</b>: <span title=\"Codes:{http://snomed.info/sct 878818001}\">faringoamigdalitis</span></p><p><b>subject</b>: <a href=\"Patient-PacienteCL.html\">Xime  Female, DoB: 1983-03-24 ( Chile: 15.236.327-k\u00a0(use:\u00a0official,\u00a0))</a></p><p><b>onset</b>: 2022-08-07</p></div>"
  },
  "clinicalStatus" : {
    "coding" : [{
      "system" : "http://terminology.hl7.org/CodeSystem/condition-clinical",
      "code" : "relapse",
      "display" : "Relapse"
    }],
    "text" : "Recaída"
  },
  "verificationStatus" : {
    "coding" : [{
      "system" : "http://terminology.hl7.org/CodeSystem/condition-ver-status",
      "code" : "unconfirmed",
      "display" : "Unconfirmed"
    }],
    "text" : "Sin Confirmar"
  },
  "category" : [{
    "coding" : [{
      "system" : "http://terminology.hl7.org/CodeSystem/condition-category",
      "code" : "encounter-diagnosis",
      "display" : "Encounter Diagnosis"
    }],
    "text" : "Diagnostico del Encuentro"
  }],
  "code" : {
    "coding" : [{
      "system" : "http://snomed.info/sct",
      "code" : "878818001",
      "display" : "Pharyngotonsillitis"
    }],
    "text" : "faringoamigdalitis"
  },
  "subject" : {
    "reference" : "Patient/PacienteCL"
  },
  "onsetDateTime" : "2022-08-07"
}