{
  "resourceType" : "Practitioner",
  "id" : "EjemploPrestadorCL",
  "meta" : {
    "profile" : ["https://hl7chile.cl/fhir/ig/clcore/StructureDefinition/CorePrestadorCl"]
  },
  "text" : {
    "status" : "generated",
    "div" : "<div xmlns=\"http://www.w3.org/1999/xhtml\"><p class=\"res-header-id\"><b>Generated Narrative: Practitioner EjemploPrestadorCL</b></p><a name=\"EjemploPrestadorCL\"> </a><a name=\"hcEjemploPrestadorCL\"> </a><a name=\"EjemploPrestadorCL-es-CL\"> </a><div style=\"display: inline-block; background-color: #d9e0e7; padding: 6px; margin: 4px; border: 1px solid #8da1b4; border-radius: 5px; line-height: 60%\"><p style=\"margin-bottom: 0px\"/><p style=\"margin-bottom: 0px\">Profile: <a href=\"StructureDefinition-CorePrestadorCl.html\">CL Prestador</a></p></div><p><b>identifier</b>: RUN/8336277-3\u00a0(use:\u00a0official,\u00a0)</p><p><b>active</b>: true</p><p><b>name</b>: Johanna Rosa Silva (Official)</p><p><b>telecom</b>: ph: 9345666(Mobile), <a href=\"mailto:DraSilva@mimail.com\">DraSilva@mimail.com</a></p><p><b>address</b>: Av Los Chirimoyos, 32, casa 4 null null null (home)</p><p><b>gender</b>: Female</p><p><b>birthDate</b>: 1974-08-12</p><blockquote><p><b>qualification</b></p><p><b>identifier</b>: cert</p><p><b>code</b>: <span title=\"Codes:\">Profesional Médico Cirujano</span></p></blockquote><blockquote><p><b>qualification</b></p><p><b>identifier</b>: esp</p><p><b>code</b>: <span title=\"Codes:\">Oncología</span></p></blockquote></div>"
  },
  "identifier" : [{
    "use" : "official",
    "type" : {
      "coding" : [{
        "system" : "https://hl7chile.cl/fhir/ig/clcore/CodeSystem/CSTipoIdentificador",
        "code" : "01",
        "display" : "RUN"
      }]
    },
    "value" : "8336277-3"
  }],
  "active" : true,
  "name" : [{
    "use" : "official",
    "family" : "Silva",
    "_family" : {
      "extension" : [{
        "url" : "https://hl7chile.cl/fhir/ig/clcore/StructureDefinition/SegundoApellido",
        "valueString" : "Reyes"
      }]
    },
    "given" : ["Johanna",
    "Rosa"]
  }],
  "telecom" : [{
    "system" : "phone",
    "value" : "9345666",
    "use" : "mobile"
  },
  {
    "system" : "email",
    "value" : "DraSilva@mimail.com",
    "use" : "work"
  }],
  "address" : [{
    "use" : "home",
    "line" : ["Av Los Chirimoyos, 32, casa 4"],
    "_city" : {
      "extension" : [{
        "url" : "https://hl7chile.cl/fhir/ig/clcore/StructureDefinition/ComunasCl",
        "valueCodeableConcept" : {
          "coding" : [{
            "system" : "https://hl7chile.cl/fhir/ig/clcore/CodeSystem/CSCodComunasCL",
            "code" : "05602",
            "display" : "Algarrobo"
          }]
        }
      }]
    },
    "_district" : {
      "extension" : [{
        "url" : "https://hl7chile.cl/fhir/ig/clcore/StructureDefinition/ProvinciasCl",
        "valueCodeableConcept" : {
          "coding" : [{
            "system" : "https://hl7chile.cl/fhir/ig/clcore/CodeSystem/CSCodProvinciasCL",
            "code" : "056",
            "display" : "San Antonio"
          }]
        }
      }]
    },
    "_state" : {
      "extension" : [{
        "url" : "https://hl7chile.cl/fhir/ig/clcore/StructureDefinition/RegionesCl",
        "valueCodeableConcept" : {
          "coding" : [{
            "system" : "https://hl7chile.cl/fhir/ig/clcore/CodeSystem/CSCodRegionCL",
            "code" : "05",
            "display" : "Valparaíso"
          }]
        }
      }]
    },
    "_country" : {
      "extension" : [{
        "url" : "https://hl7chile.cl/fhir/ig/clcore/StructureDefinition/CodigoPaises",
        "valueCodeableConcept" : {
          "coding" : [{
            "system" : "urn:iso:std:iso:3166",
            "code" : "152",
            "display" : "Chile"
          }]
        }
      }]
    }
  }],
  "gender" : "female",
  "birthDate" : "1974-08-12",
  "qualification" : [{
    "identifier" : [{
      "value" : "cert"
    }],
    "code" : {
      "text" : "Profesional Médico Cirujano"
    }
  },
  {
    "identifier" : [{
      "value" : "esp"
    }],
    "code" : {
      "text" : "Oncología"
    }
  }]
}