{
  "resourceType" : "CodeSystem",
  "id" : "9520447a-14d7-47f0-ad76-2cc7928e8e90-35",
  "url" : "http://hl7.org/fhir/comparison/CodeSystem/9520447a-14d7-47f0-ad76-2cc7928e8e90-35",
  "name" : "UnionCSIdentidaddeGeneroAndCSIdentidaddeGenero",
  "title" : "Union of Identidad de Genero And Identidad de Genero",
  "status" : "active",
  "date" : "2025-06-02T16:45:11-04:00",
  "jurisdiction" : [{
    "coding" : [{
      "system" : "urn:iso:std:iso:3166",
      "code" : "CL",
      "display" : "Chile"
    }]
  }],
  "concept" : [{
    "code" : "1",
    "display" : "Masculino"
  },
  {
    "code" : "2",
    "display" : "Femenina"
  },
  {
    "code" : "3",
    "display" : "Transgénero Masculino"
  },
  {
    "code" : "4",
    "display" : "Transgénero Femenina"
  },
  {
    "code" : "5",
    "display" : "No binarie"
  },
  {
    "code" : "6",
    "display" : "Otra"
  },
  {
    "code" : "7",
    "display" : "No Revelado"
  }]
}