{
  "resourceType" : "CodeSystem",
  "id" : "9520447a-14d7-47f0-ad76-2cc7928e8e90-20",
  "url" : "http://hl7.org/fhir/comparison/CodeSystem/9520447a-14d7-47f0-ad76-2cc7928e8e90-20",
  "name" : "UnionCSCodServicioCLAndCSCodServicioCL",
  "title" : "Union of Tipos de Servicios Remotos And Tipos de Servicios Remotos",
  "status" : "active",
  "date" : "2025-06-02T16:45:11-04:00",
  "jurisdiction" : [{
    "coding" : [{
      "system" : "urn:iso:std:iso:3166",
      "code" : "CL",
      "display" : "Chile"
    }]
  }],
  "concept" : [{
    "code" : "nutINTA",
    "display" : "Nutrición INTA"
  },
  {
    "code" : "nedINTA",
    "display" : "Medicina INTA"
  },
  {
    "code" : "medInt",
    "display" : "Medicina Interna"
  },
  {
    "code" : "saludMDigital",
    "display" : "Salud Mental Digital"
  },
  {
    "code" : "medGen",
    "display" : "Medicina General"
  },
  {
    "code" : "derm",
    "display" : "Dermatología"
  },
  {
    "code" : "telDiabetes",
    "display" : "Telemedicina Diabetes"
  },
  {
    "code" : "telRehab",
    "display" : "Tele rehabilitación"
  },
  {
    "code" : "otorrin",
    "display" : "Otorrinolaringología"
  },
  {
    "code" : "neurInf",
    "display" : "Neurología Infantil"
  },
  {
    "code" : "atencUrgAPS",
    "display" : "Atención de Urgencia APS"
  },
  {
    "code" : "vih",
    "display" : "VIH"
  },
  {
    "code" : "geri",
    "display" : "Geriatría"
  },
  {
    "code" : "gine",
    "display" : "Ginecología"
  }]
}