{
  "resourceType" : "CodeSystem",
  "id" : "9520447a-14d7-47f0-ad76-2cc7928e8e90-47",
  "url" : "http://hl7.org/fhir/comparison/CodeSystem/9520447a-14d7-47f0-ad76-2cc7928e8e90-47",
  "name" : "UnionCSTipoIdentificadorAndCSTipoIdentificador",
  "title" : "Union of Tipo Identificador And Tipo Identificador",
  "status" : "active",
  "date" : "2025-06-02T16:45:11-04:00",
  "jurisdiction" : [{
    "coding" : [{
      "system" : "urn:iso:std:iso:3166",
      "code" : "CL",
      "display" : "Chile"
    }]
  }],
  "concept" : [{
    "code" : "01",
    "display" : "RUN",
    "definition" : "Rol Único Nacional"
  },
  {
    "code" : "02",
    "display" : "RUN Provisorio",
    "definition" : "RUN provisorio (Artículo 44)"
  },
  {
    "code" : "03",
    "display" : "RUN Madre",
    "definition" : "RUN Madre (para recién nacido)"
  },
  {
    "code" : "04",
    "display" : "Número Folio",
    "definition" : "Número Folio Comprobante de Parto chileno"
  },
  {
    "code" : "05",
    "display" : "PPN",
    "definition" : "Pasaporte"
  },
  {
    "code" : "06",
    "display" : "Documento de identificación del país de origen",
    "definition" : "Documento de identificación del país de origen"
  },
  {
    "code" : "07",
    "display" : "Acta de nacimiento del país de origen",
    "definition" : "Acta de nacimiento del país de origen"
  },
  {
    "code" : "08",
    "display" : "NIP",
    "definition" : "Número de Identificación Provisorio (NIP)"
  },
  {
    "code" : "09",
    "display" : "NIC",
    "definition" : "Número Identificatorio para cotizar (NIC)"
  },
  {
    "code" : "10",
    "display" : "IPA",
    "definition" : "Identificación Provisoria del Apoderado (IPA)"
  },
  {
    "code" : "11",
    "display" : "IPE",
    "definition" : "Identificación Provisoria del Escolar (IPE)"
  },
  {
    "code" : "12",
    "display" : "Número de Ficha Clínica Sistema Local",
    "definition" : "Número de Ficha Clínica Sistema Local"
  },
  {
    "code" : "13",
    "display" : "RNPI",
    "definition" : "Registro Nacional de Prestadores Individuales"
  },
  {
    "code" : "14",
    "display" : "OTRO",
    "definition" : "Otro tipo de identificador"
  }]
}