{
  "resourceType" : "CodeSystem",
  "id" : "9520447a-14d7-47f0-ad76-2cc7928e8e90-27",
  "url" : "http://hl7.org/fhir/comparison/CodeSystem/9520447a-14d7-47f0-ad76-2cc7928e8e90-27",
  "name" : "IntersectionCSEspecialidadFarmaAndCSEspecialidadFarma",
  "title" : "Intersection of Especialidad Farmacia And Especialidad Farmacia",
  "status" : "active",
  "date" : "2025-06-02T16:45:11-04:00",
  "jurisdiction" : [{
    "coding" : [{
      "system" : "urn:iso:std:iso:3166",
      "code" : "CL",
      "display" : "Chile"
    }]
  }],
  "concept" : [{
    "code" : "1",
    "display" : "Farmacia Clínica"
  },
  {
    "code" : "2",
    "display" : "Farmacia Hospitalaria"
  },
  {
    "code" : "3",
    "display" : "Laboratorio Clínico"
  },
  {
    "code" : "4",
    "display" : "Salud Pública"
  },
  {
    "code" : "5",
    "display" : "Laboratorio Forense"
  }]
}