{
  "resourceType" : "CodeSystem",
  "id" : "9520447a-14d7-47f0-ad76-2cc7928e8e90-50",
  "url" : "http://hl7.org/fhir/comparison/CodeSystem/9520447a-14d7-47f0-ad76-2cc7928e8e90-50",
  "name" : "UnionCSTiposEncuentroCLAndCSTiposEncuentroCL",
  "title" : "Union of Tipos de Encuentro And Tipos de Encuentro",
  "status" : "active",
  "date" : "2025-06-02T16:45:11-04:00",
  "jurisdiction" : [{
    "coding" : [{
      "system" : "urn:iso:std:iso:3166",
      "code" : "CL",
      "display" : "Chile"
    }]
  }],
  "concept" : [{
    "code" : "PR",
    "display" : "Programada"
  },
  {
    "code" : "SP",
    "display" : "Espontánea"
  },
  {
    "code" : "CO",
    "display" : "Comité"
  }]
}