{
  "resourceType" : "CodeSystem",
  "id" : "9520447a-14d7-47f0-ad76-2cc7928e8e90-17",
  "url" : "http://hl7.org/fhir/comparison/CodeSystem/9520447a-14d7-47f0-ad76-2cc7928e8e90-17",
  "name" : "UnionCSCodigoDNIAndCSCodigoDNI",
  "title" : "Union of Códigos de Documentos DNI para LATAM y el Caribe And Códigos de Documentos DNI para LATAM y el Caribe",
  "status" : "active",
  "date" : "2025-06-02T16:45:11-04:00",
  "jurisdiction" : [{
    "coding" : [{
      "system" : "urn:iso:std:iso:3166",
      "code" : "CL",
      "display" : "Chile"
    }]
  }],
  "concept" : [{
    "code" : "NNBLZ",
    "display" : "Belice",
    "definition" : "Belice"
  },
  {
    "code" : "NNCRI",
    "display" : "Costa Rica",
    "definition" : "Costa Rica"
  },
  {
    "code" : "NNSLV",
    "display" : "El Salvador",
    "definition" : "El Salvador"
  },
  {
    "code" : "NNGTM",
    "display" : "Guatemala",
    "definition" : "Guatemala"
  },
  {
    "code" : "NNHND",
    "display" : "Honduras",
    "definition" : "Honduras"
  },
  {
    "code" : "NNMEX",
    "display" : "México",
    "definition" : "México"
  },
  {
    "code" : "NNNIC",
    "display" : "Nicaragua",
    "definition" : "Nicaragua"
  },
  {
    "code" : "NNPAN",
    "display" : "Panamá",
    "definition" : "Panamá"
  },
  {
    "code" : "NNARG",
    "display" : "Argentina",
    "definition" : "Argentina"
  },
  {
    "code" : "NNBOL",
    "display" : "Bolivia",
    "definition" : "Bolivia"
  },
  {
    "code" : "NNBRA",
    "display" : "Brasil",
    "definition" : "Brasil"
  },
  {
    "code" : "NNCOL",
    "display" : "Colombia",
    "definition" : "Colombia"
  },
  {
    "code" : "NNECU",
    "display" : "Ecuador",
    "definition" : "Ecuador"
  },
  {
    "code" : "NNGUY",
    "display" : "Guyana",
    "definition" : "Guyana"
  },
  {
    "code" : "NNPRY",
    "display" : "Paraguay",
    "definition" : "Paraguay"
  },
  {
    "code" : "NNPER",
    "display" : "Perú",
    "definition" : "Perú"
  },
  {
    "code" : "NNSUR",
    "display" : "Surinam",
    "definition" : "Surinam"
  },
  {
    "code" : "NNURY",
    "display" : "Uruguay",
    "definition" : "Uruguay"
  },
  {
    "code" : "NNVEN",
    "display" : "Venezuela",
    "definition" : "Venezuela"
  },
  {
    "code" : "NNCHL",
    "display" : "Chile",
    "definition" : "Chile"
  },
  {
    "code" : "NNATG",
    "display" : "Antigua y Barbuda",
    "definition" : "Antigua y Barbuda"
  },
  {
    "code" : "NNBHS",
    "display" : "Bahamas",
    "definition" : "Bahamas"
  },
  {
    "code" : "NNBRB",
    "display" : "Barbados",
    "definition" : "Barbados"
  },
  {
    "code" : "NNCUB",
    "display" : "Cuba",
    "definition" : "Cuba"
  },
  {
    "code" : "NNDMA",
    "display" : "Dominica",
    "definition" : "Dominica"
  },
  {
    "code" : "NNGRD",
    "display" : "Granada",
    "definition" : "Granada"
  },
  {
    "code" : "NNHTI",
    "display" : "Haití",
    "definition" : "Haití"
  },
  {
    "code" : "NNJAM",
    "display" : "Jamaica",
    "definition" : "Jamaica"
  },
  {
    "code" : "NNDOM",
    "display" : "República Dominicana",
    "definition" : "República Dominicana"
  },
  {
    "code" : "NNKNA",
    "display" : "San Cristóbal y Nieves",
    "definition" : "San Cristóbal y Nieves"
  },
  {
    "code" : "NNLCA",
    "display" : "Santa Lucía",
    "definition" : "Santa Lucía"
  },
  {
    "code" : "NNVCT",
    "display" : "San Vicente y las Granadinas",
    "definition" : "San Vicente y las Granadinas"
  },
  {
    "code" : "NNTTO",
    "display" : "Trinidad y Tobago",
    "definition" : "Trinidad y Tobago"
  }]
}