{
  "resourceType" : "StructureDefinition",
  "id" : "9520447a-14d7-47f0-ad76-2cc7928e8e90-72",
  "url" : "http://hl7.org/fhir/comparison/StructureDefinition/9520447a-14d7-47f0-ad76-2cc7928e8e90-72",
  "name" : "IntersectionOrganizacionCLAndOrganizacionCL",
  "title" : "Intersection of CL Organización And CL Organización",
  "status" : "active",
  "date" : "2025-06-02T16:45:11-04:00",
  "jurisdiction" : [{
    "coding" : [{
      "system" : "urn:iso:std:iso:3166",
      "code" : "CL",
      "display" : "Chile"
    }]
  }],
  "snapshot" : {
    "element" : [{
      "path" : "Organization",
      "short" : "A grouping of people or organizations with a common purpose",
      "definition" : "A formally or informally recognized grouping of people or organizations formed for the purpose of achieving some form of collective action.  Includes companies, institutions, corporations, departments, community groups, healthcare practice groups, payer/insurer, etc.",
      "min" : 0,
      "max" : "*",
      "constraint" : [{
        "extension" : [{
          "url" : "http://hl7.org/fhir/4.0/StructureDefinition/extension-ElementDefinition.constraint.xpath",
          "valueString" : "not(parent::f:contained and f:contained)"
        }],
        "key" : "dom-2",
        "severity" : "error",
        "human" : "If the resource is contained in another resource, it SHALL NOT contain nested Resources",
        "expression" : "contained.contained.empty()",
        "source" : "http://hl7.org/fhir/StructureDefinition/DomainResource"
      },
      {
        "extension" : [{
          "url" : "http://hl7.org/fhir/4.0/StructureDefinition/extension-ElementDefinition.constraint.xpath",
          "valueString" : "not(exists(for $id in f:contained/*/f:id/@value return $contained[not(parent::*/descendant::f:reference/@value=concat('#', $contained/*/id/@value) or descendant::f:reference[@value='#'])]))"
        }],
        "key" : "dom-3",
        "severity" : "error",
        "human" : "If the resource is contained in another resource, it SHALL be referred to from elsewhere in the resource or SHALL refer to the containing resource",
        "expression" : "contained.where((('#'+id in (%resource.descendants().reference | %resource.descendants().as(canonical) | %resource.descendants().as(uri) | %resource.descendants().as(url))) or descendants().where(reference = '#').exists() or descendants().where(as(canonical) = '#').exists() or descendants().where(as(canonical) = '#').exists()).not()).trace('unmatched', id).empty()",
        "source" : "http://hl7.org/fhir/StructureDefinition/DomainResource"
      },
      {
        "extension" : [{
          "url" : "http://hl7.org/fhir/4.0/StructureDefinition/extension-ElementDefinition.constraint.xpath",
          "valueString" : "not(exists(f:contained/*/f:meta/f:versionId)) and not(exists(f:contained/*/f:meta/f:lastUpdated))"
        }],
        "key" : "dom-4",
        "severity" : "error",
        "human" : "If a resource is contained in another resource, it SHALL NOT have a meta.versionId or a meta.lastUpdated",
        "expression" : "contained.meta.versionId.empty() and contained.meta.lastUpdated.empty()",
        "source" : "http://hl7.org/fhir/StructureDefinition/DomainResource"
      },
      {
        "extension" : [{
          "url" : "http://hl7.org/fhir/4.0/StructureDefinition/extension-ElementDefinition.constraint.xpath",
          "valueString" : "not(exists(f:contained/*/f:meta/f:security))"
        }],
        "key" : "dom-5",
        "severity" : "error",
        "human" : "If a resource is contained in another resource, it SHALL NOT have a security label",
        "expression" : "contained.meta.security.empty()",
        "source" : "http://hl7.org/fhir/StructureDefinition/DomainResource"
      },
      {
        "extension" : [{
          "url" : "http://hl7.org/fhir/StructureDefinition/elementdefinition-bestpractice",
          "valueBoolean" : true
        },
        {
          "url" : "http://hl7.org/fhir/StructureDefinition/elementdefinition-bestpractice-explanation",
          "valueMarkdown" : "When a resource has no narrative, only systems that fully understand the data can display the resource to a human safely. Including a human readable representation in the resource makes for a much more robust eco-system and cheaper handling of resources by intermediary systems. Some ecosystems restrict distribution of resources to only those systems that do fully understand the resources, and as a consequence implementers may believe that the narrative is superfluous. However experience shows that such eco-systems often open up to new participants over time."
        },
        {
          "url" : "http://hl7.org/fhir/4.0/StructureDefinition/extension-ElementDefinition.constraint.xpath",
          "valueString" : "exists(f:text/h:div)"
        }],
        "key" : "dom-6",
        "severity" : "warning",
        "human" : "A resource should have narrative for robust management",
        "expression" : "text.`div`.exists()",
        "source" : "http://hl7.org/fhir/StructureDefinition/DomainResource"
      },
      {
        "extension" : [{
          "url" : "http://hl7.org/fhir/4.0/StructureDefinition/extension-ElementDefinition.constraint.xpath",
          "valueString" : "count(f:identifier | f:name) > 0"
        }],
        "key" : "org-1",
        "severity" : "error",
        "human" : "The organization SHALL at least have a name or an identifier, and possibly more than one",
        "expression" : "(identifier.count() + name.count()) > 0",
        "source" : "http://hl7.org/fhir/StructureDefinition/Organization"
      }],
      "mustSupport" : false,
      "isModifier" : false,
      "isSummary" : false,
      "mapping" : [{
        "identity" : "rim",
        "map" : "Entity. Role, or Act"
      },
      {
        "identity" : "v2",
        "map" : "(also see master files messages)"
      },
      {
        "identity" : "rim",
        "map" : "Organization(classCode=ORG, determinerCode=INST)"
      },
      {
        "identity" : "servd",
        "map" : "Organization"
      }]
    },
    {
      "path" : "Organization.id",
      "short" : "Logical id of this artifact",
      "definition" : "The logical id of the resource, as used in the URL for the resource. Once assigned, this value never changes.",
      "comment" : "The only time that a resource does not have an id is when it is being submitted to the server using a create operation.",
      "min" : 0,
      "max" : "1",
      "type" : [{
        "extension" : [{
          "url" : "http://hl7.org/fhir/StructureDefinition/structuredefinition-fhir-type",
          "valueUrl" : "id"
        }],
        "code" : "http://hl7.org/fhirpath/System.String"
      }],
      "mustSupport" : false,
      "isModifier" : false,
      "isSummary" : true
    },
    {
      "path" : "Organization.meta",
      "short" : "Metadata about the resource",
      "definition" : "The metadata about the resource. This is content that is maintained by the infrastructure. Changes to the content might not always be associated with version changes to the resource.",
      "min" : 0,
      "max" : "1",
      "type" : [{
        "code" : "Meta"
      }],
      "constraint" : [{
        "extension" : [{
          "url" : "http://hl7.org/fhir/4.0/StructureDefinition/extension-ElementDefinition.constraint.xpath",
          "valueString" : "@value|f:*|h:div"
        }],
        "key" : "ele-1",
        "severity" : "error",
        "human" : "All FHIR elements must have a @value or children",
        "expression" : "hasValue() or (children().count() > id.count())",
        "source" : "http://hl7.org/fhir/StructureDefinition/Element"
      }],
      "mustSupport" : false,
      "isModifier" : false,
      "isSummary" : true
    },
    {
      "path" : "Organization.implicitRules",
      "short" : "A set of rules under which this content was created",
      "definition" : "A reference to a set of rules that were followed when the resource was constructed, and which must be understood when processing the content. Often, this is a reference to an implementation guide that defines the special rules along with other profiles etc.",
      "comment" : "Asserting this rule set restricts the content to be only understood by a limited set of trading partners. This inherently limits the usefulness of the data in the long term. However, the existing health eco-system is highly fractured, and not yet ready to define, collect, and exchange data in a generally computable sense. Wherever possible, implementers and/or specification writers should avoid using this element. Often, when used, the URL is a reference to an implementation guide that defines these special rules as part of it's narrative along with other profiles, value sets, etc.",
      "min" : 0,
      "max" : "1",
      "type" : [{
        "code" : "uri"
      }],
      "constraint" : [{
        "extension" : [{
          "url" : "http://hl7.org/fhir/4.0/StructureDefinition/extension-ElementDefinition.constraint.xpath",
          "valueString" : "@value|f:*|h:div"
        }],
        "key" : "ele-1",
        "severity" : "error",
        "human" : "All FHIR elements must have a @value or children",
        "expression" : "hasValue() or (children().count() > id.count())",
        "source" : "http://hl7.org/fhir/StructureDefinition/Element"
      }],
      "mustSupport" : false,
      "isModifier" : true,
      "isSummary" : true
    },
    {
      "path" : "Organization.language",
      "short" : "Language of the resource content",
      "definition" : "The base language in which the resource is written.",
      "comment" : "Language is provided to support indexing and accessibility (typically, services such as text to speech use the language tag). The html language tag in the narrative applies  to the narrative. The language tag on the resource may be used to specify the language of other presentations generated from the data in the resource. Not all the content has to be in the base language. The Resource.language should not be assumed to apply to the narrative automatically. If a language is specified, it should it also be specified on the div element in the html (see rules in HTML5 for information about the relationship between xml:lang and the html lang attribute).",
      "min" : 0,
      "max" : "1",
      "type" : [{
        "code" : "code"
      }],
      "constraint" : [{
        "extension" : [{
          "url" : "http://hl7.org/fhir/4.0/StructureDefinition/extension-ElementDefinition.constraint.xpath",
          "valueString" : "@value|f:*|h:div"
        }],
        "key" : "ele-1",
        "severity" : "error",
        "human" : "All FHIR elements must have a @value or children",
        "expression" : "hasValue() or (children().count() > id.count())",
        "source" : "http://hl7.org/fhir/StructureDefinition/Element"
      }],
      "mustSupport" : false,
      "isModifier" : false,
      "isSummary" : false,
      "binding" : {
        "extension" : [{
          "url" : "http://hl7.org/fhir/StructureDefinition/elementdefinition-maxValueSet",
          "valueCanonical" : "http://hl7.org/fhir/ValueSet/all-languages"
        },
        {
          "url" : "http://hl7.org/fhir/StructureDefinition/elementdefinition-bindingName",
          "valueString" : "Language"
        }],
        "strength" : "preferred",
        "description" : "A human language.",
        "valueSet" : "http://hl7.org/fhir/ValueSet/languages"
      }
    },
    {
      "path" : "Organization.text",
      "short" : "Text summary of the resource, for human interpretation",
      "definition" : "A human-readable narrative that contains a summary of the resource and can be used to represent the content of the resource to a human. The narrative need not encode all the structured data, but is required to contain sufficient detail to make it \"clinically safe\" for a human to just read the narrative. Resource definitions may define what content should be represented in the narrative to ensure clinical safety.",
      "comment" : "Contained resources do not have narrative. Resources that are not contained SHOULD have a narrative. In some cases, a resource may only have text with little or no additional discrete data (as long as all minOccurs=1 elements are satisfied).  This may be necessary for data from legacy systems where information is captured as a \"text blob\" or where text is additionally entered raw or narrated and encoded information is added later.",
      "alias" : ["narrative",
      "html",
      "xhtml",
      "display"],
      "min" : 0,
      "max" : "1",
      "type" : [{
        "code" : "Narrative"
      }],
      "constraint" : [{
        "extension" : [{
          "url" : "http://hl7.org/fhir/4.0/StructureDefinition/extension-ElementDefinition.constraint.xpath",
          "valueString" : "@value|f:*|h:div"
        }],
        "key" : "ele-1",
        "severity" : "error",
        "human" : "All FHIR elements must have a @value or children",
        "expression" : "hasValue() or (children().count() > id.count())",
        "source" : "http://hl7.org/fhir/StructureDefinition/Element"
      }],
      "mustSupport" : false,
      "isModifier" : false,
      "isSummary" : false,
      "mapping" : [{
        "identity" : "rim",
        "map" : "Act.text?"
      }]
    },
    {
      "path" : "Organization.contained",
      "short" : "Contained, inline Resources",
      "definition" : "These resources do not have an independent existence apart from the resource that contains them - they cannot be identified independently, and nor can they have their own independent transaction scope.",
      "comment" : "This should never be done when the content can be identified properly, as once identification is lost, it is extremely difficult (and context dependent) to restore it again. Contained resources may have profiles and tags In their meta elements, but SHALL NOT have security labels.",
      "alias" : ["inline resources",
      "anonymous resources",
      "contained resources"],
      "min" : 0,
      "max" : "*",
      "type" : [{
        "code" : "Resource"
      }],
      "mustSupport" : false,
      "isModifier" : false,
      "isSummary" : false,
      "mapping" : [{
        "identity" : "rim",
        "map" : "N/A"
      }]
    },
    {
      "path" : "Organization.extension",
      "short" : "Additional content defined by implementations",
      "definition" : "May be used to represent additional information that is not part of the basic definition of the resource. To make the use of extensions safe and manageable, there is a strict set of governance  applied to the definition and use of extensions. Though any implementer can define an extension, there is a set of requirements that SHALL be met as part of the definition of the extension.",
      "comment" : "There can be no stigma associated with the use of extensions by any application, project, or standard - regardless of the institution or jurisdiction that uses or defines the extensions.  The use of extensions is what allows the FHIR specification to retain a core level of simplicity for everyone.",
      "alias" : ["extensions",
      "user content"],
      "min" : 0,
      "max" : "*",
      "type" : [{
        "code" : "Extension"
      }],
      "constraint" : [{
        "extension" : [{
          "url" : "http://hl7.org/fhir/4.0/StructureDefinition/extension-ElementDefinition.constraint.xpath",
          "valueString" : "@value|f:*|h:div"
        }],
        "key" : "ele-1",
        "severity" : "error",
        "human" : "All FHIR elements must have a @value or children",
        "expression" : "hasValue() or (children().count() > id.count())",
        "source" : "http://hl7.org/fhir/StructureDefinition/Element"
      },
      {
        "extension" : [{
          "url" : "http://hl7.org/fhir/4.0/StructureDefinition/extension-ElementDefinition.constraint.xpath",
          "valueString" : "exists(f:extension)!=exists(f:*[starts-with(local-name(.), \"value\")])"
        }],
        "key" : "ext-1",
        "severity" : "error",
        "human" : "Must have either extensions or value[x], not both",
        "expression" : "extension.exists() != value.exists()",
        "source" : "http://hl7.org/fhir/StructureDefinition/Extension"
      }],
      "mustSupport" : false,
      "isModifier" : false,
      "isSummary" : false,
      "mapping" : [{
        "identity" : "rim",
        "map" : "N/A"
      }]
    },
    {
      "path" : "Organization.modifierExtension",
      "short" : "Extensions that cannot be ignored",
      "definition" : "May be used to represent additional information that is not part of the basic definition of the resource and that modifies the understanding of the element that contains it and/or the understanding of the containing element's descendants. Usually modifier elements provide negation or qualification. To make the use of extensions safe and manageable, there is a strict set of governance applied to the definition and use of extensions. Though any implementer is allowed to define an extension, there is a set of requirements that SHALL be met as part of the definition of the extension. Applications processing a resource are required to check for modifier extensions.\n\nModifier extensions SHALL NOT change the meaning of any elements on Resource or DomainResource (including cannot change the meaning of modifierExtension itself).",
      "comment" : "There can be no stigma associated with the use of extensions by any application, project, or standard - regardless of the institution or jurisdiction that uses or defines the extensions.  The use of extensions is what allows the FHIR specification to retain a core level of simplicity for everyone.",
      "requirements" : "Modifier extensions allow for extensions that *cannot* be safely ignored to be clearly distinguished from the vast majority of extensions which can be safely ignored.  This promotes interoperability by eliminating the need for implementers to prohibit the presence of extensions. For further information, see the [definition of modifier extensions].",
      "alias" : ["extensions",
      "user content"],
      "min" : 0,
      "max" : "*",
      "type" : [{
        "code" : "Extension"
      }],
      "constraint" : [{
        "extension" : [{
          "url" : "http://hl7.org/fhir/4.0/StructureDefinition/extension-ElementDefinition.constraint.xpath",
          "valueString" : "@value|f:*|h:div"
        }],
        "key" : "ele-1",
        "severity" : "error",
        "human" : "All FHIR elements must have a @value or children",
        "expression" : "hasValue() or (children().count() > id.count())",
        "source" : "http://hl7.org/fhir/StructureDefinition/Element"
      },
      {
        "extension" : [{
          "url" : "http://hl7.org/fhir/4.0/StructureDefinition/extension-ElementDefinition.constraint.xpath",
          "valueString" : "exists(f:extension)!=exists(f:*[starts-with(local-name(.), \"value\")])"
        }],
        "key" : "ext-1",
        "severity" : "error",
        "human" : "Must have either extensions or value[x], not both",
        "expression" : "extension.exists() != value.exists()",
        "source" : "http://hl7.org/fhir/StructureDefinition/Extension"
      }],
      "mustSupport" : false,
      "isModifier" : true,
      "isSummary" : false,
      "mapping" : [{
        "identity" : "rim",
        "map" : "N/A"
      }]
    },
    {
      "path" : "Organization.identifier",
      "short" : "Identificador de organización de salud (DEIS, RUT, Códigos para ciertos tipos de Recintos, etc.)",
      "definition" : "Identificador universal de la organización en Chile",
      "requirements" : "Organizations are known by a variety of ids. Some institutions maintain several, and most collect identifiers for exchange with other organizations concerning the organization.",
      "min" : 0,
      "max" : "*",
      "type" : [{
        "code" : "Identifier"
      }],
      "constraint" : [{
        "extension" : [{
          "url" : "http://hl7.org/fhir/4.0/StructureDefinition/extension-ElementDefinition.constraint.xpath",
          "valueString" : "@value|f:*|h:div"
        }],
        "key" : "ele-1",
        "severity" : "error",
        "human" : "All FHIR elements must have a @value or children",
        "expression" : "hasValue() or (children().count() > id.count())",
        "source" : "http://hl7.org/fhir/StructureDefinition/Element"
      }],
      "mustSupport" : true,
      "isModifier" : false,
      "isSummary" : true,
      "mapping" : [{
        "identity" : "w5",
        "map" : "FiveWs.identifier"
      },
      {
        "identity" : "v2",
        "map" : "XON.10 / XON.3"
      },
      {
        "identity" : "rim",
        "map" : ".scopes[Role](classCode=IDENT)"
      },
      {
        "identity" : "servd",
        "map" : "./Identifiers"
      }]
    },
    {
      "path" : "Organization.identifier.id",
      "representation" : ["xmlAttr"],
      "short" : "Unique id for inter-element referencing",
      "definition" : "Unique id for the element within a resource (for internal references). This may be any string value that does not contain spaces.",
      "min" : 0,
      "max" : "1",
      "type" : [{
        "extension" : [{
          "url" : "http://hl7.org/fhir/StructureDefinition/structuredefinition-fhir-type",
          "valueUrl" : "string"
        }],
        "code" : "http://hl7.org/fhirpath/System.String"
      }],
      "mustSupport" : false,
      "isModifier" : false,
      "isSummary" : false,
      "mapping" : [{
        "identity" : "rim",
        "map" : "n/a"
      }]
    },
    {
      "path" : "Organization.identifier.extension",
      "short" : "Additional content defined by implementations",
      "definition" : "May be used to represent additional information that is not part of the basic definition of the element. To make the use of extensions safe and manageable, there is a strict set of governance  applied to the definition and use of extensions. Though any implementer can define an extension, there is a set of requirements that SHALL be met as part of the definition of the extension.",
      "comment" : "There can be no stigma associated with the use of extensions by any application, project, or standard - regardless of the institution or jurisdiction that uses or defines the extensions.  The use of extensions is what allows the FHIR specification to retain a core level of simplicity for everyone.",
      "alias" : ["extensions",
      "user content"],
      "min" : 0,
      "max" : "*",
      "type" : [{
        "code" : "Extension"
      }],
      "constraint" : [{
        "extension" : [{
          "url" : "http://hl7.org/fhir/4.0/StructureDefinition/extension-ElementDefinition.constraint.xpath",
          "valueString" : "@value|f:*|h:div"
        }],
        "key" : "ele-1",
        "severity" : "error",
        "human" : "All FHIR elements must have a @value or children",
        "expression" : "hasValue() or (children().count() > id.count())",
        "source" : "http://hl7.org/fhir/StructureDefinition/Element"
      },
      {
        "extension" : [{
          "url" : "http://hl7.org/fhir/4.0/StructureDefinition/extension-ElementDefinition.constraint.xpath",
          "valueString" : "exists(f:extension)!=exists(f:*[starts-with(local-name(.), \"value\")])"
        }],
        "key" : "ext-1",
        "severity" : "error",
        "human" : "Must have either extensions or value[x], not both",
        "expression" : "extension.exists() != value.exists()",
        "source" : "http://hl7.org/fhir/StructureDefinition/Extension"
      }],
      "mustSupport" : false,
      "isModifier" : false,
      "isSummary" : false,
      "mapping" : [{
        "identity" : "rim",
        "map" : "n/a"
      }]
    },
    {
      "path" : "Organization.identifier.use",
      "short" : "usual | official | temp | secondary | old (If known)",
      "definition" : "The purpose of this identifier.",
      "comment" : "Applications can assume that an identifier is permanent unless it explicitly says that it is temporary.",
      "requirements" : "Allows the appropriate identifier for a particular context of use to be selected from among a set of identifiers.",
      "min" : 0,
      "max" : "1",
      "type" : [{
        "code" : "code"
      }],
      "constraint" : [{
        "extension" : [{
          "url" : "http://hl7.org/fhir/4.0/StructureDefinition/extension-ElementDefinition.constraint.xpath",
          "valueString" : "@value|f:*|h:div"
        }],
        "key" : "ele-1",
        "severity" : "error",
        "human" : "All FHIR elements must have a @value or children",
        "expression" : "hasValue() or (children().count() > id.count())",
        "source" : "http://hl7.org/fhir/StructureDefinition/Element"
      }],
      "mustSupport" : false,
      "isModifier" : true,
      "isSummary" : true,
      "binding" : {
        "strength" : "required",
        "description" : "Identifies the purpose for this identifier, if known .",
        "valueSet" : "http://hl7.org/fhir/ValueSet/identifier-use|4.0.1"
      },
      "mapping" : [{
        "identity" : "v2",
        "map" : "N/A"
      },
      {
        "identity" : "rim",
        "map" : "Role.code or implied by context"
      }]
    },
    {
      "path" : "Organization.identifier.type",
      "short" : "Description of identifier",
      "definition" : "A coded type for the identifier that can be used to determine which identifier to use for a specific purpose.",
      "comment" : "This element deals only with general categories of identifiers.  It SHOULD not be used for codes that correspond 1..1 with the Identifier.system. Some identifiers may fall into multiple categories due to common usage.   Where the system is known, a type is unnecessary because the type is always part of the system definition. However systems often need to handle identifiers where the system is not known. There is not a 1:1 relationship between type and system, since many different systems have the same type.",
      "requirements" : "Allows users to make use of identifiers when the identifier system is not known.",
      "min" : 0,
      "max" : "1",
      "type" : [{
        "code" : "CodeableConcept"
      }],
      "constraint" : [{
        "extension" : [{
          "url" : "http://hl7.org/fhir/4.0/StructureDefinition/extension-ElementDefinition.constraint.xpath",
          "valueString" : "@value|f:*|h:div"
        }],
        "key" : "ele-1",
        "severity" : "error",
        "human" : "All FHIR elements must have a @value or children",
        "expression" : "hasValue() or (children().count() > id.count())",
        "source" : "http://hl7.org/fhir/StructureDefinition/Element"
      }],
      "mustSupport" : false,
      "isModifier" : false,
      "isSummary" : true,
      "binding" : {
        "strength" : "extensible",
        "description" : "A coded type for an identifier that can be used to determine which identifier to use for a specific purpose.",
        "valueSet" : "http://hl7.org/fhir/ValueSet/identifier-type"
      },
      "mapping" : [{
        "identity" : "v2",
        "map" : "CX.5"
      },
      {
        "identity" : "rim",
        "map" : "Role.code or implied by context"
      }]
    },
    {
      "path" : "Organization.identifier.system",
      "short" : "indicador del sistema de identificación usado para determinar el valor del identificador",
      "definition" : "Se debe aún definir un ValueSet para estos casos",
      "comment" : "Identifier.system is always case sensitive.",
      "requirements" : "There are many sets  of identifiers.  To perform matching of two identifiers, we need to know what set we're dealing with. The system identifies a particular set of unique identifiers.",
      "min" : 0,
      "max" : "1",
      "type" : [{
        "code" : "uri"
      }],
      "example" : [{
        "label" : "General",
        "valueUri" : "http://www.acme.com/identifiers/patient"
      }],
      "constraint" : [{
        "extension" : [{
          "url" : "http://hl7.org/fhir/4.0/StructureDefinition/extension-ElementDefinition.constraint.xpath",
          "valueString" : "@value|f:*|h:div"
        }],
        "key" : "ele-1",
        "severity" : "error",
        "human" : "All FHIR elements must have a @value or children",
        "expression" : "hasValue() or (children().count() > id.count())",
        "source" : "http://hl7.org/fhir/StructureDefinition/Element"
      }],
      "mustSupport" : true,
      "isModifier" : false,
      "isSummary" : true,
      "mapping" : [{
        "identity" : "v2",
        "map" : "CX.4 / EI-2-4"
      },
      {
        "identity" : "rim",
        "map" : "II.root or Role.id.root"
      },
      {
        "identity" : "servd",
        "map" : "./IdentifierType"
      }]
    },
    {
      "path" : "Organization.identifier.value",
      "short" : "The value that is unique",
      "definition" : "The portion of the identifier typically relevant to the user and which is unique within the context of the system.",
      "comment" : "If the value is a full URI, then the system SHALL be urn:ietf:rfc:3986.  The value's primary purpose is computational mapping.  As a result, it may be normalized for comparison purposes (e.g. removing non-significant whitespace, dashes, etc.)  A value formatted for human display can be conveyed using the [Rendered Value extension]. Identifier.value is to be treated as case sensitive unless knowledge of the Identifier.system allows the processer to be confident that non-case-sensitive processing is safe.",
      "min" : 0,
      "max" : "1",
      "type" : [{
        "code" : "string"
      }],
      "example" : [{
        "label" : "General",
        "valueString" : "123456"
      }],
      "constraint" : [{
        "extension" : [{
          "url" : "http://hl7.org/fhir/4.0/StructureDefinition/extension-ElementDefinition.constraint.xpath",
          "valueString" : "@value|f:*|h:div"
        }],
        "key" : "ele-1",
        "severity" : "error",
        "human" : "All FHIR elements must have a @value or children",
        "expression" : "hasValue() or (children().count() > id.count())",
        "source" : "http://hl7.org/fhir/StructureDefinition/Element"
      }],
      "mustSupport" : true,
      "isModifier" : false,
      "isSummary" : true,
      "mapping" : [{
        "identity" : "v2",
        "map" : "CX.1 / EI.1"
      },
      {
        "identity" : "rim",
        "map" : "II.extension or II.root if system indicates OID or GUID (Or Role.id.extension or root)"
      },
      {
        "identity" : "servd",
        "map" : "./Value"
      }]
    },
    {
      "path" : "Organization.identifier.period",
      "short" : "Time period when id is/was valid for use",
      "definition" : "Time period during which identifier is/was valid for use.",
      "min" : 0,
      "max" : "1",
      "type" : [{
        "code" : "Period"
      }],
      "constraint" : [{
        "extension" : [{
          "url" : "http://hl7.org/fhir/4.0/StructureDefinition/extension-ElementDefinition.constraint.xpath",
          "valueString" : "@value|f:*|h:div"
        }],
        "key" : "ele-1",
        "severity" : "error",
        "human" : "All FHIR elements must have a @value or children",
        "expression" : "hasValue() or (children().count() > id.count())",
        "source" : "http://hl7.org/fhir/StructureDefinition/Element"
      }],
      "mustSupport" : false,
      "isModifier" : false,
      "isSummary" : true,
      "mapping" : [{
        "identity" : "v2",
        "map" : "CX.7 + CX.8"
      },
      {
        "identity" : "rim",
        "map" : "Role.effectiveTime or implied by context"
      },
      {
        "identity" : "servd",
        "map" : "./StartDate and ./EndDate"
      }]
    },
    {
      "path" : "Organization.identifier.assigner",
      "short" : "Organization that issued id (may be just text)",
      "definition" : "Organization that issued/manages the identifier.",
      "comment" : "The Identifier.assigner may omit the .reference element and only contain a .display element reflecting the name or other textual information about the assigning organization.",
      "min" : 0,
      "max" : "1",
      "type" : [{
        "code" : "Reference",
        "targetProfile" : ["http://hl7.org/fhir/StructureDefinition/Organization"]
      }],
      "constraint" : [{
        "extension" : [{
          "url" : "http://hl7.org/fhir/4.0/StructureDefinition/extension-ElementDefinition.constraint.xpath",
          "valueString" : "@value|f:*|h:div"
        }],
        "key" : "ele-1",
        "severity" : "error",
        "human" : "All FHIR elements must have a @value or children",
        "expression" : "hasValue() or (children().count() > id.count())",
        "source" : "http://hl7.org/fhir/StructureDefinition/Element"
      }],
      "mustSupport" : false,
      "isModifier" : false,
      "isSummary" : true,
      "mapping" : [{
        "identity" : "v2",
        "map" : "CX.4 / (CX.4,CX.9,CX.10)"
      },
      {
        "identity" : "rim",
        "map" : "II.assigningAuthorityName but note that this is an improper use by the definition of the field.  Also Role.scoper"
      },
      {
        "identity" : "servd",
        "map" : "./IdentifierIssuingAuthority"
      }]
    },
    {
      "path" : "Organization.active",
      "short" : "Estado de si es una Organización Validada o no (true|false)",
      "definition" : "Indicador si una organización sigue vigente en su rol dentro del sistema de salud",
      "comment" : "This active flag is not intended to be used to mark an organization as temporarily closed or under construction. Instead the Location(s) within the Organization should have the suspended status. If further details of the reason for the suspension are required, then an extension on this element should be used.\n\nThis element is labeled as a modifier because it may be used to mark that the resource was created in error.",
      "requirements" : "Need a flag to indicate a record is no longer to be used and should generally be hidden for the user in the UI.",
      "min" : 0,
      "max" : "1",
      "type" : [{
        "code" : "boolean"
      }],
      "meaningWhenMissing" : "This resource is generally assumed to be active if no value is provided for the active element",
      "constraint" : [{
        "extension" : [{
          "url" : "http://hl7.org/fhir/4.0/StructureDefinition/extension-ElementDefinition.constraint.xpath",
          "valueString" : "@value|f:*|h:div"
        }],
        "key" : "ele-1",
        "severity" : "error",
        "human" : "All FHIR elements must have a @value or children",
        "expression" : "hasValue() or (children().count() > id.count())",
        "source" : "http://hl7.org/fhir/StructureDefinition/Element"
      }],
      "mustSupport" : false,
      "isModifier" : true,
      "isSummary" : true,
      "mapping" : [{
        "identity" : "w5",
        "map" : "FiveWs.status"
      },
      {
        "identity" : "v2",
        "map" : "No equivalent in HL7 v2"
      },
      {
        "identity" : "rim",
        "map" : ".status"
      },
      {
        "identity" : "servd",
        "map" : "./Status (however this concept in ServD more covers why the organization is active or not, could be delisted, deregistered, not operational yet) this could alternatively be derived from ./StartDate and ./EndDate and given a context date."
      }]
    },
    {
      "path" : "Organization.type",
      "short" : "Kind of organization",
      "definition" : "The kind(s) of organization that this is.",
      "comment" : "Organizations can be corporations, wards, sections, clinical teams, government departments, etc. Note that code is generally a classifier of the type of organization; in many applications, codes are used to identity a particular organization (say, ward) as opposed to another of the same type - these are identifiers, not codes\n\nWhen considering if multiple types are appropriate, you should evaluate if child organizations would be a more appropriate use of the concept, as different types likely are in different sub-areas of the organization. This is most likely to be used where type values have orthogonal values, such as a religious, academic and medical center.\n\nWe expect that some jurisdictions will profile this optionality to be a single cardinality.",
      "requirements" : "Need to be able to track the kind of organization that this is - different organization types have different uses.",
      "min" : 0,
      "max" : "*",
      "type" : [{
        "code" : "CodeableConcept"
      }],
      "constraint" : [{
        "extension" : [{
          "url" : "http://hl7.org/fhir/4.0/StructureDefinition/extension-ElementDefinition.constraint.xpath",
          "valueString" : "@value|f:*|h:div"
        }],
        "key" : "ele-1",
        "severity" : "error",
        "human" : "All FHIR elements must have a @value or children",
        "expression" : "hasValue() or (children().count() > id.count())",
        "source" : "http://hl7.org/fhir/StructureDefinition/Element"
      }],
      "mustSupport" : false,
      "isModifier" : false,
      "isSummary" : true,
      "binding" : {
        "extension" : [{
          "url" : "http://hl7.org/fhir/StructureDefinition/elementdefinition-bindingName",
          "valueString" : "OrganizationType"
        }],
        "strength" : "example",
        "description" : "Used to categorize the organization.",
        "valueSet" : "http://hl7.org/fhir/ValueSet/organization-type"
      },
      "mapping" : [{
        "identity" : "w5",
        "map" : "FiveWs.class"
      },
      {
        "identity" : "v2",
        "map" : "No equivalent in v2"
      },
      {
        "identity" : "rim",
        "map" : ".code"
      },
      {
        "identity" : "servd",
        "map" : "n/a"
      }]
    },
    {
      "path" : "Organization.name",
      "short" : "Nombre Legal de la Organización",
      "definition" : "Nombre Legal de la Organización",
      "comment" : "If the name of an organization changes, consider putting the old name in the alias column so that it can still be located through searches.",
      "requirements" : "Need to use the name as the label of the organization.",
      "min" : 0,
      "max" : "1",
      "type" : [{
        "code" : "string"
      }],
      "constraint" : [{
        "extension" : [{
          "url" : "http://hl7.org/fhir/4.0/StructureDefinition/extension-ElementDefinition.constraint.xpath",
          "valueString" : "@value|f:*|h:div"
        }],
        "key" : "ele-1",
        "severity" : "error",
        "human" : "All FHIR elements must have a @value or children",
        "expression" : "hasValue() or (children().count() > id.count())",
        "source" : "http://hl7.org/fhir/StructureDefinition/Element"
      }],
      "mustSupport" : true,
      "isModifier" : false,
      "isSummary" : true,
      "mapping" : [{
        "identity" : "v2",
        "map" : "XON.1"
      },
      {
        "identity" : "rim",
        "map" : ".name"
      },
      {
        "identity" : "servd",
        "map" : ".PreferredName/Name"
      }]
    },
    {
      "path" : "Organization.alias",
      "short" : "Nombre de Fantasía",
      "definition" : "Nombre por lo que popularmente es conocida la Organización y que no corresponde al nombre legal",
      "comment" : "There are no dates associated with the alias/historic names, as this is not intended to track when names were used, but to assist in searching so that older names can still result in identifying the organization.",
      "requirements" : "Over time locations and organizations go through many changes and can be known by different names.\n\nFor searching knowing previous names that the organization was known by can be very useful.",
      "min" : 0,
      "max" : "*",
      "type" : [{
        "code" : "string"
      }],
      "constraint" : [{
        "extension" : [{
          "url" : "http://hl7.org/fhir/4.0/StructureDefinition/extension-ElementDefinition.constraint.xpath",
          "valueString" : "@value|f:*|h:div"
        }],
        "key" : "ele-1",
        "severity" : "error",
        "human" : "All FHIR elements must have a @value or children",
        "expression" : "hasValue() or (children().count() > id.count())",
        "source" : "http://hl7.org/fhir/StructureDefinition/Element"
      }],
      "mustSupport" : true,
      "isModifier" : false,
      "isSummary" : false,
      "mapping" : [{
        "identity" : "rim",
        "map" : ".name"
      }]
    },
    {
      "path" : "Organization.telecom",
      "short" : "Contactos de la organización",
      "definition" : "Contactos de la organización",
      "comment" : "The use code 'home' is not to be used. Note that these contacts are not the contact details of people who are employed by or represent the organization, but official contacts for the organization itself.",
      "requirements" : "Human contact for the organization.",
      "min" : 0,
      "max" : "*",
      "type" : [{
        "code" : "ContactPoint"
      }],
      "constraint" : [{
        "extension" : [{
          "url" : "http://hl7.org/fhir/4.0/StructureDefinition/extension-ElementDefinition.constraint.xpath",
          "valueString" : "@value|f:*|h:div"
        }],
        "key" : "ele-1",
        "severity" : "error",
        "human" : "All FHIR elements must have a @value or children",
        "expression" : "hasValue() or (children().count() > id.count())",
        "source" : "http://hl7.org/fhir/StructureDefinition/Element"
      },
      {
        "extension" : [{
          "url" : "http://hl7.org/fhir/4.0/StructureDefinition/extension-ElementDefinition.constraint.xpath",
          "valueString" : "count(f:use[@value='home']) = 0"
        }],
        "key" : "org-3",
        "severity" : "error",
        "human" : "The telecom of an organization can never be of use 'home'",
        "expression" : "where(use = 'home').empty()",
        "source" : "http://hl7.org/fhir/StructureDefinition/Organization"
      }],
      "mustSupport" : true,
      "isModifier" : false,
      "isSummary" : false,
      "mapping" : [{
        "identity" : "v2",
        "map" : "ORC-22?"
      },
      {
        "identity" : "rim",
        "map" : ".telecom"
      },
      {
        "identity" : "servd",
        "map" : "./ContactPoints"
      }]
    },
    {
      "path" : "Organization.telecom.id",
      "representation" : ["xmlAttr"],
      "short" : "Unique id for inter-element referencing",
      "definition" : "Unique id for the element within a resource (for internal references). This may be any string value that does not contain spaces.",
      "min" : 0,
      "max" : "1",
      "type" : [{
        "extension" : [{
          "url" : "http://hl7.org/fhir/StructureDefinition/structuredefinition-fhir-type",
          "valueUrl" : "string"
        }],
        "code" : "http://hl7.org/fhirpath/System.String"
      }],
      "mustSupport" : false,
      "isModifier" : false,
      "isSummary" : false,
      "mapping" : [{
        "identity" : "rim",
        "map" : "n/a"
      }]
    },
    {
      "path" : "Organization.telecom.extension",
      "short" : "Additional content defined by implementations",
      "definition" : "May be used to represent additional information that is not part of the basic definition of the element. To make the use of extensions safe and manageable, there is a strict set of governance  applied to the definition and use of extensions. Though any implementer can define an extension, there is a set of requirements that SHALL be met as part of the definition of the extension.",
      "comment" : "There can be no stigma associated with the use of extensions by any application, project, or standard - regardless of the institution or jurisdiction that uses or defines the extensions.  The use of extensions is what allows the FHIR specification to retain a core level of simplicity for everyone.",
      "alias" : ["extensions",
      "user content"],
      "min" : 0,
      "max" : "*",
      "type" : [{
        "code" : "Extension"
      }],
      "constraint" : [{
        "extension" : [{
          "url" : "http://hl7.org/fhir/4.0/StructureDefinition/extension-ElementDefinition.constraint.xpath",
          "valueString" : "@value|f:*|h:div"
        }],
        "key" : "ele-1",
        "severity" : "error",
        "human" : "All FHIR elements must have a @value or children",
        "expression" : "hasValue() or (children().count() > id.count())",
        "source" : "http://hl7.org/fhir/StructureDefinition/Element"
      },
      {
        "extension" : [{
          "url" : "http://hl7.org/fhir/4.0/StructureDefinition/extension-ElementDefinition.constraint.xpath",
          "valueString" : "exists(f:extension)!=exists(f:*[starts-with(local-name(.), \"value\")])"
        }],
        "key" : "ext-1",
        "severity" : "error",
        "human" : "Must have either extensions or value[x], not both",
        "expression" : "extension.exists() != value.exists()",
        "source" : "http://hl7.org/fhir/StructureDefinition/Extension"
      }],
      "mustSupport" : false,
      "isModifier" : false,
      "isSummary" : false,
      "mapping" : [{
        "identity" : "rim",
        "map" : "n/a"
      }]
    },
    {
      "path" : "Organization.telecom.system",
      "short" : "phone | fax | email | pager | url | sms | other",
      "definition" : "Forma de telecomunicación para el punto de contacto: qué sistema de comunicación se requiere para hacer uso del contacto.",
      "min" : 0,
      "max" : "1",
      "type" : [{
        "code" : "code"
      }],
      "constraint" : [{
        "extension" : [{
          "url" : "http://hl7.org/fhir/4.0/StructureDefinition/extension-ElementDefinition.constraint.xpath",
          "valueString" : "@value|f:*|h:div"
        }],
        "key" : "ele-1",
        "severity" : "error",
        "human" : "All FHIR elements must have a @value or children",
        "expression" : "hasValue() or (children().count() > id.count())",
        "source" : "http://hl7.org/fhir/StructureDefinition/Element"
      }],
      "mustSupport" : false,
      "isModifier" : false,
      "isSummary" : true,
      "binding" : {
        "strength" : "required",
        "description" : "VS HL7 FHIR tipos diferentes de medios de contacto",
        "valueSet" : "http://hl7.org/fhir/ValueSet/contact-point-system"
      },
      "mapping" : [{
        "identity" : "v2",
        "map" : "XTN.3"
      },
      {
        "identity" : "rim",
        "map" : "./scheme"
      },
      {
        "identity" : "servd",
        "map" : "./ContactPointType"
      }]
    },
    {
      "path" : "Organization.telecom.value",
      "short" : "Dato del contacto de la ubicación descrita",
      "definition" : "Valor del contacto como por ejemplo el número de teléfono fijo o de móvil o el email de Organización",
      "comment" : "Additional text data such as phone extension numbers, or notes about use of the contact are sometimes included in the value.",
      "requirements" : "Need to support legacy numbers that are not in a tightly controlled format.",
      "min" : 0,
      "max" : "1",
      "type" : [{
        "code" : "string"
      }],
      "constraint" : [{
        "extension" : [{
          "url" : "http://hl7.org/fhir/4.0/StructureDefinition/extension-ElementDefinition.constraint.xpath",
          "valueString" : "@value|f:*|h:div"
        }],
        "key" : "ele-1",
        "severity" : "error",
        "human" : "All FHIR elements must have a @value or children",
        "expression" : "hasValue() or (children().count() > id.count())",
        "source" : "http://hl7.org/fhir/StructureDefinition/Element"
      }],
      "mustSupport" : false,
      "isModifier" : false,
      "isSummary" : true,
      "mapping" : [{
        "identity" : "v2",
        "map" : "XTN.1 (or XTN.12)"
      },
      {
        "identity" : "rim",
        "map" : "./url"
      },
      {
        "identity" : "servd",
        "map" : "./Value"
      }]
    },
    {
      "path" : "Organization.telecom.use",
      "short" : "home | work | temp | old | mobile - purpose of this contact point",
      "definition" : "Identifies the purpose for the contact point.",
      "comment" : "Applications can assume that a contact is current unless it explicitly says that it is temporary or old.",
      "requirements" : "Need to track the way a person uses this contact, so a user can choose which is appropriate for their purpose.",
      "min" : 0,
      "max" : "1",
      "type" : [{
        "code" : "code"
      }],
      "constraint" : [{
        "extension" : [{
          "url" : "http://hl7.org/fhir/4.0/StructureDefinition/extension-ElementDefinition.constraint.xpath",
          "valueString" : "@value|f:*|h:div"
        }],
        "key" : "ele-1",
        "severity" : "error",
        "human" : "All FHIR elements must have a @value or children",
        "expression" : "hasValue() or (children().count() > id.count())",
        "source" : "http://hl7.org/fhir/StructureDefinition/Element"
      }],
      "mustSupport" : false,
      "isModifier" : true,
      "isSummary" : true,
      "binding" : {
        "strength" : "required",
        "valueSet" : "http://hl7.org/fhir/ValueSet/contact-point-use"
      },
      "mapping" : [{
        "identity" : "v2",
        "map" : "XTN.2 - but often indicated by field"
      },
      {
        "identity" : "rim",
        "map" : "unique(./use)"
      },
      {
        "identity" : "servd",
        "map" : "./ContactPointPurpose"
      }]
    },
    {
      "path" : "Organization.telecom.rank",
      "short" : "Specify preferred order of use (1 = highest)",
      "definition" : "Specifies a preferred order in which to use a set of contacts. ContactPoints with lower rank values are more preferred than those with higher rank values.",
      "comment" : "Note that rank does not necessarily follow the order in which the contacts are represented in the instance.",
      "min" : 0,
      "max" : "1",
      "type" : [{
        "code" : "positiveInt"
      }],
      "constraint" : [{
        "extension" : [{
          "url" : "http://hl7.org/fhir/4.0/StructureDefinition/extension-ElementDefinition.constraint.xpath",
          "valueString" : "@value|f:*|h:div"
        }],
        "key" : "ele-1",
        "severity" : "error",
        "human" : "All FHIR elements must have a @value or children",
        "expression" : "hasValue() or (children().count() > id.count())",
        "source" : "http://hl7.org/fhir/StructureDefinition/Element"
      }],
      "mustSupport" : false,
      "isModifier" : false,
      "isSummary" : true,
      "mapping" : [{
        "identity" : "v2",
        "map" : "n/a"
      },
      {
        "identity" : "rim",
        "map" : "n/a"
      }]
    },
    {
      "path" : "Organization.telecom.period",
      "short" : "Time period when the contact point was/is in use",
      "definition" : "Time period when the contact point was/is in use.",
      "min" : 0,
      "max" : "1",
      "type" : [{
        "code" : "Period"
      }],
      "constraint" : [{
        "extension" : [{
          "url" : "http://hl7.org/fhir/4.0/StructureDefinition/extension-ElementDefinition.constraint.xpath",
          "valueString" : "@value|f:*|h:div"
        }],
        "key" : "ele-1",
        "severity" : "error",
        "human" : "All FHIR elements must have a @value or children",
        "expression" : "hasValue() or (children().count() > id.count())",
        "source" : "http://hl7.org/fhir/StructureDefinition/Element"
      }],
      "mustSupport" : false,
      "isModifier" : false,
      "isSummary" : true,
      "mapping" : [{
        "identity" : "v2",
        "map" : "N/A"
      },
      {
        "identity" : "rim",
        "map" : "./usablePeriod[type=\"IVL<TS>\"]"
      },
      {
        "identity" : "servd",
        "map" : "./StartDate and ./EndDate"
      }]
    },
    {
      "path" : "Organization.address",
      "short" : "left: Tipo de dato para agregar la dirección; right: An address for the organization",
      "definition" : "left: An address expressed using postal conventions (as opposed to GPS or other location definition formats).  This data type may be used to convey addresses for use in delivering mail as well as for visiting locations which might not be valid for mail delivery.  There are a variety of postal address formats defined around the world.; right: An address for the organization.",
      "comment" : "left: Variable dirección; right: Organization may have multiple addresses with different uses or applicable periods. The use code 'home' is not to be used.",
      "requirements" : "May need to keep track of the organization's addresses for contacting, billing or reporting requirements.",
      "min" : 0,
      "max" : "*",
      "constraint" : [{
        "extension" : [{
          "url" : "http://hl7.org/fhir/4.0/StructureDefinition/extension-ElementDefinition.constraint.xpath",
          "valueString" : "@value|f:*|h:div"
        }],
        "key" : "ele-1",
        "severity" : "error",
        "human" : "All FHIR elements must have a @value or children",
        "expression" : "hasValue() or (children().count() > id.count())",
        "source" : "http://hl7.org/fhir/StructureDefinition/Element"
      },
      {
        "extension" : [{
          "url" : "http://hl7.org/fhir/4.0/StructureDefinition/extension-ElementDefinition.constraint.xpath",
          "valueString" : "count(f:use[@value='home']) = 0"
        }],
        "key" : "org-2",
        "severity" : "error",
        "human" : "An address of an organization can never be of use 'home'",
        "expression" : "where(use = 'home').empty()",
        "source" : "http://hl7.org/fhir/StructureDefinition/Organization"
      }],
      "mustSupport" : true,
      "isModifier" : false,
      "isSummary" : false,
      "mapping" : [{
        "identity" : "rim",
        "map" : "n/a"
      },
      {
        "identity" : "v2",
        "map" : "XAD"
      },
      {
        "identity" : "rim",
        "map" : "AD"
      },
      {
        "identity" : "servd",
        "map" : "Address"
      },
      {
        "identity" : "v2",
        "map" : "ORC-23?"
      },
      {
        "identity" : "rim",
        "map" : ".address"
      },
      {
        "identity" : "servd",
        "map" : "./PrimaryAddress and ./OtherAddresses"
      }]
    },
    {
      "path" : "Organization.partOf",
      "short" : "The organization of which this organization forms a part",
      "definition" : "The organization of which this organization forms a part.",
      "requirements" : "Need to be able to track the hierarchy of organizations within an organization.",
      "min" : 0,
      "max" : "1",
      "type" : [{
        "extension" : [{
          "url" : "http://hl7.org/fhir/StructureDefinition/structuredefinition-hierarchy",
          "valueBoolean" : true
        }],
        "code" : "Reference",
        "targetProfile" : ["http://hl7.org/fhir/StructureDefinition/Organization"]
      }],
      "constraint" : [{
        "extension" : [{
          "url" : "http://hl7.org/fhir/4.0/StructureDefinition/extension-ElementDefinition.constraint.xpath",
          "valueString" : "@value|f:*|h:div"
        }],
        "key" : "ele-1",
        "severity" : "error",
        "human" : "All FHIR elements must have a @value or children",
        "expression" : "hasValue() or (children().count() > id.count())",
        "source" : "http://hl7.org/fhir/StructureDefinition/Element"
      }],
      "mustSupport" : false,
      "isModifier" : false,
      "isSummary" : true,
      "mapping" : [{
        "identity" : "v2",
        "map" : "No equivalent in HL7 v2"
      },
      {
        "identity" : "rim",
        "map" : ".playedBy[classCode=Part].scoper"
      },
      {
        "identity" : "servd",
        "map" : "n/a"
      }]
    },
    {
      "path" : "Organization.contact",
      "short" : "Contacto de la Organización para ciertos propósitos",
      "definition" : "Contacto de la Organización para ciertos propósitos",
      "comment" : "Where multiple contacts for the same purpose are provided there is a standard extension that can be used to determine which one is the preferred contact to use.",
      "requirements" : "Need to keep track of assigned contact points within bigger organization.",
      "min" : 0,
      "max" : "*",
      "type" : [{
        "code" : "BackboneElement"
      }],
      "constraint" : [{
        "extension" : [{
          "url" : "http://hl7.org/fhir/4.0/StructureDefinition/extension-ElementDefinition.constraint.xpath",
          "valueString" : "@value|f:*|h:div"
        }],
        "key" : "ele-1",
        "severity" : "error",
        "human" : "All FHIR elements must have a @value or children",
        "expression" : "hasValue() or (children().count() > id.count())",
        "source" : "http://hl7.org/fhir/StructureDefinition/Element"
      }],
      "mustSupport" : true,
      "isModifier" : false,
      "isSummary" : false,
      "mapping" : [{
        "identity" : "rim",
        "map" : ".contactParty"
      }]
    },
    {
      "path" : "Organization.contact.id",
      "representation" : ["xmlAttr"],
      "short" : "Unique id for inter-element referencing",
      "definition" : "Unique id for the element within a resource (for internal references). This may be any string value that does not contain spaces.",
      "min" : 0,
      "max" : "1",
      "type" : [{
        "extension" : [{
          "url" : "http://hl7.org/fhir/StructureDefinition/structuredefinition-fhir-type",
          "valueUrl" : "string"
        }],
        "code" : "http://hl7.org/fhirpath/System.String"
      }],
      "mustSupport" : false,
      "isModifier" : false,
      "isSummary" : false,
      "mapping" : [{
        "identity" : "rim",
        "map" : "n/a"
      }]
    },
    {
      "path" : "Organization.contact.extension",
      "short" : "Additional content defined by implementations",
      "definition" : "May be used to represent additional information that is not part of the basic definition of the element. To make the use of extensions safe and manageable, there is a strict set of governance  applied to the definition and use of extensions. Though any implementer can define an extension, there is a set of requirements that SHALL be met as part of the definition of the extension.",
      "comment" : "There can be no stigma associated with the use of extensions by any application, project, or standard - regardless of the institution or jurisdiction that uses or defines the extensions.  The use of extensions is what allows the FHIR specification to retain a core level of simplicity for everyone.",
      "alias" : ["extensions",
      "user content"],
      "min" : 0,
      "max" : "*",
      "type" : [{
        "code" : "Extension"
      }],
      "constraint" : [{
        "extension" : [{
          "url" : "http://hl7.org/fhir/4.0/StructureDefinition/extension-ElementDefinition.constraint.xpath",
          "valueString" : "@value|f:*|h:div"
        }],
        "key" : "ele-1",
        "severity" : "error",
        "human" : "All FHIR elements must have a @value or children",
        "expression" : "hasValue() or (children().count() > id.count())",
        "source" : "http://hl7.org/fhir/StructureDefinition/Element"
      },
      {
        "extension" : [{
          "url" : "http://hl7.org/fhir/4.0/StructureDefinition/extension-ElementDefinition.constraint.xpath",
          "valueString" : "exists(f:extension)!=exists(f:*[starts-with(local-name(.), \"value\")])"
        }],
        "key" : "ext-1",
        "severity" : "error",
        "human" : "Must have either extensions or value[x], not both",
        "expression" : "extension.exists() != value.exists()",
        "source" : "http://hl7.org/fhir/StructureDefinition/Extension"
      }],
      "mustSupport" : false,
      "isModifier" : false,
      "isSummary" : false,
      "mapping" : [{
        "identity" : "rim",
        "map" : "n/a"
      }]
    },
    {
      "path" : "Organization.contact.modifierExtension",
      "short" : "Extensions that cannot be ignored even if unrecognized",
      "definition" : "May be used to represent additional information that is not part of the basic definition of the element and that modifies the understanding of the element in which it is contained and/or the understanding of the containing element's descendants. Usually modifier elements provide negation or qualification. To make the use of extensions safe and manageable, there is a strict set of governance applied to the definition and use of extensions. Though any implementer can define an extension, there is a set of requirements that SHALL be met as part of the definition of the extension. Applications processing a resource are required to check for modifier extensions.\n\nModifier extensions SHALL NOT change the meaning of any elements on Resource or DomainResource (including cannot change the meaning of modifierExtension itself).",
      "comment" : "There can be no stigma associated with the use of extensions by any application, project, or standard - regardless of the institution or jurisdiction that uses or defines the extensions.  The use of extensions is what allows the FHIR specification to retain a core level of simplicity for everyone.",
      "requirements" : "Modifier extensions allow for extensions that *cannot* be safely ignored to be clearly distinguished from the vast majority of extensions which can be safely ignored.  This promotes interoperability by eliminating the need for implementers to prohibit the presence of extensions. For further information, see the [definition of modifier extensions].",
      "alias" : ["extensions",
      "user content",
      "modifiers"],
      "min" : 0,
      "max" : "*",
      "type" : [{
        "code" : "Extension"
      }],
      "constraint" : [{
        "extension" : [{
          "url" : "http://hl7.org/fhir/4.0/StructureDefinition/extension-ElementDefinition.constraint.xpath",
          "valueString" : "@value|f:*|h:div"
        }],
        "key" : "ele-1",
        "severity" : "error",
        "human" : "All FHIR elements must have a @value or children",
        "expression" : "hasValue() or (children().count() > id.count())",
        "source" : "http://hl7.org/fhir/StructureDefinition/Element"
      },
      {
        "extension" : [{
          "url" : "http://hl7.org/fhir/4.0/StructureDefinition/extension-ElementDefinition.constraint.xpath",
          "valueString" : "exists(f:extension)!=exists(f:*[starts-with(local-name(.), \"value\")])"
        }],
        "key" : "ext-1",
        "severity" : "error",
        "human" : "Must have either extensions or value[x], not both",
        "expression" : "extension.exists() != value.exists()",
        "source" : "http://hl7.org/fhir/StructureDefinition/Extension"
      }],
      "mustSupport" : false,
      "isModifier" : true,
      "isSummary" : true,
      "mapping" : [{
        "identity" : "rim",
        "map" : "N/A"
      }]
    },
    {
      "path" : "Organization.contact.purpose",
      "short" : "El tipo de contacto",
      "definition" : "El propósito mediante el cual el contacto puede ser alcanzado",
      "requirements" : "Need to distinguish between multiple contact persons.",
      "min" : 0,
      "max" : "1",
      "type" : [{
        "code" : "CodeableConcept"
      }],
      "constraint" : [{
        "extension" : [{
          "url" : "http://hl7.org/fhir/4.0/StructureDefinition/extension-ElementDefinition.constraint.xpath",
          "valueString" : "@value|f:*|h:div"
        }],
        "key" : "ele-1",
        "severity" : "error",
        "human" : "All FHIR elements must have a @value or children",
        "expression" : "hasValue() or (children().count() > id.count())",
        "source" : "http://hl7.org/fhir/StructureDefinition/Element"
      }],
      "mustSupport" : true,
      "isModifier" : false,
      "isSummary" : false,
      "binding" : {
        "strength" : "extensible",
        "description" : "Códigos del propósito del contacto, HL7 FHIR",
        "valueSet" : "http://hl7.org/fhir/ValueSet/contactentity-type"
      },
      "mapping" : [{
        "identity" : "rim",
        "map" : "./type"
      }]
    },
    {
      "path" : "Organization.contact.name",
      "short" : "Nombre asociado al contacto",
      "definition" : "Nombre asociado al contacto",
      "requirements" : "Need to be able to track the person by name.",
      "min" : 0,
      "max" : "1",
      "type" : [{
        "code" : "HumanName"
      }],
      "constraint" : [{
        "extension" : [{
          "url" : "http://hl7.org/fhir/4.0/StructureDefinition/extension-ElementDefinition.constraint.xpath",
          "valueString" : "@value|f:*|h:div"
        }],
        "key" : "ele-1",
        "severity" : "error",
        "human" : "All FHIR elements must have a @value or children",
        "expression" : "hasValue() or (children().count() > id.count())",
        "source" : "http://hl7.org/fhir/StructureDefinition/Element"
      }],
      "mustSupport" : true,
      "isModifier" : false,
      "isSummary" : false,
      "mapping" : [{
        "identity" : "v2",
        "map" : "PID-5, PID-9"
      },
      {
        "identity" : "rim",
        "map" : "./name"
      }]
    },
    {
      "path" : "Organization.contact.telecom",
      "short" : "Detalles de contacto de la Organización",
      "definition" : "Detalles del contacto de la Organización comúnmente el o los mas usados (Ej: Teléfono fijo, móvil, email, etc.)",
      "requirements" : "People have (primary) ways to contact them in some way such as phone, email.",
      "min" : 0,
      "max" : "*",
      "type" : [{
        "code" : "ContactPoint"
      }],
      "constraint" : [{
        "extension" : [{
          "url" : "http://hl7.org/fhir/4.0/StructureDefinition/extension-ElementDefinition.constraint.xpath",
          "valueString" : "@value|f:*|h:div"
        }],
        "key" : "ele-1",
        "severity" : "error",
        "human" : "All FHIR elements must have a @value or children",
        "expression" : "hasValue() or (children().count() > id.count())",
        "source" : "http://hl7.org/fhir/StructureDefinition/Element"
      }],
      "mustSupport" : true,
      "isModifier" : false,
      "isSummary" : false,
      "mapping" : [{
        "identity" : "v2",
        "map" : "PID-13, PID-14"
      },
      {
        "identity" : "rim",
        "map" : "./telecom"
      }]
    },
    {
      "path" : "Organization.contact.telecom.id",
      "representation" : ["xmlAttr"],
      "short" : "Unique id for inter-element referencing",
      "definition" : "Unique id for the element within a resource (for internal references). This may be any string value that does not contain spaces.",
      "min" : 0,
      "max" : "1",
      "type" : [{
        "extension" : [{
          "url" : "http://hl7.org/fhir/StructureDefinition/structuredefinition-fhir-type",
          "valueUrl" : "string"
        }],
        "code" : "http://hl7.org/fhirpath/System.String"
      }],
      "mustSupport" : false,
      "isModifier" : false,
      "isSummary" : false,
      "mapping" : [{
        "identity" : "rim",
        "map" : "n/a"
      }]
    },
    {
      "path" : "Organization.contact.telecom.extension",
      "short" : "Additional content defined by implementations",
      "definition" : "May be used to represent additional information that is not part of the basic definition of the element. To make the use of extensions safe and manageable, there is a strict set of governance  applied to the definition and use of extensions. Though any implementer can define an extension, there is a set of requirements that SHALL be met as part of the definition of the extension.",
      "comment" : "There can be no stigma associated with the use of extensions by any application, project, or standard - regardless of the institution or jurisdiction that uses or defines the extensions.  The use of extensions is what allows the FHIR specification to retain a core level of simplicity for everyone.",
      "alias" : ["extensions",
      "user content"],
      "min" : 0,
      "max" : "*",
      "type" : [{
        "code" : "Extension"
      }],
      "constraint" : [{
        "extension" : [{
          "url" : "http://hl7.org/fhir/4.0/StructureDefinition/extension-ElementDefinition.constraint.xpath",
          "valueString" : "@value|f:*|h:div"
        }],
        "key" : "ele-1",
        "severity" : "error",
        "human" : "All FHIR elements must have a @value or children",
        "expression" : "hasValue() or (children().count() > id.count())",
        "source" : "http://hl7.org/fhir/StructureDefinition/Element"
      },
      {
        "extension" : [{
          "url" : "http://hl7.org/fhir/4.0/StructureDefinition/extension-ElementDefinition.constraint.xpath",
          "valueString" : "exists(f:extension)!=exists(f:*[starts-with(local-name(.), \"value\")])"
        }],
        "key" : "ext-1",
        "severity" : "error",
        "human" : "Must have either extensions or value[x], not both",
        "expression" : "extension.exists() != value.exists()",
        "source" : "http://hl7.org/fhir/StructureDefinition/Extension"
      }],
      "mustSupport" : false,
      "isModifier" : false,
      "isSummary" : false,
      "mapping" : [{
        "identity" : "rim",
        "map" : "n/a"
      }]
    },
    {
      "path" : "Organization.contact.telecom.system",
      "short" : "phone | fax | email | pager | url | sms | other",
      "definition" : "Forma de telecomunicación para el punto de contacto: qué sistema de comunicación se requiere para hacer uso del contacto.",
      "min" : 0,
      "max" : "1",
      "type" : [{
        "code" : "code"
      }],
      "constraint" : [{
        "extension" : [{
          "url" : "http://hl7.org/fhir/4.0/StructureDefinition/extension-ElementDefinition.constraint.xpath",
          "valueString" : "@value|f:*|h:div"
        }],
        "key" : "ele-1",
        "severity" : "error",
        "human" : "All FHIR elements must have a @value or children",
        "expression" : "hasValue() or (children().count() > id.count())",
        "source" : "http://hl7.org/fhir/StructureDefinition/Element"
      }],
      "mustSupport" : false,
      "isModifier" : false,
      "isSummary" : true,
      "binding" : {
        "strength" : "required",
        "valueSet" : "http://hl7.org/fhir/ValueSet/contact-point-system"
      },
      "mapping" : [{
        "identity" : "v2",
        "map" : "XTN.3"
      },
      {
        "identity" : "rim",
        "map" : "./scheme"
      },
      {
        "identity" : "servd",
        "map" : "./ContactPointType"
      }]
    },
    {
      "path" : "Organization.contact.telecom.value",
      "short" : "Dato del contacto de la Organización",
      "definition" : "Valor del contacto como por ejemplo el número de teléfono fijo o de móvil o el email del Paciente",
      "comment" : "Additional text data such as phone extension numbers, or notes about use of the contact are sometimes included in the value.",
      "requirements" : "Need to support legacy numbers that are not in a tightly controlled format.",
      "min" : 0,
      "max" : "1",
      "type" : [{
        "code" : "string"
      }],
      "constraint" : [{
        "extension" : [{
          "url" : "http://hl7.org/fhir/4.0/StructureDefinition/extension-ElementDefinition.constraint.xpath",
          "valueString" : "@value|f:*|h:div"
        }],
        "key" : "ele-1",
        "severity" : "error",
        "human" : "All FHIR elements must have a @value or children",
        "expression" : "hasValue() or (children().count() > id.count())",
        "source" : "http://hl7.org/fhir/StructureDefinition/Element"
      }],
      "mustSupport" : false,
      "isModifier" : false,
      "isSummary" : true,
      "mapping" : [{
        "identity" : "v2",
        "map" : "XTN.1 (or XTN.12)"
      },
      {
        "identity" : "rim",
        "map" : "./url"
      },
      {
        "identity" : "servd",
        "map" : "./Value"
      }]
    },
    {
      "path" : "Organization.contact.telecom.use",
      "short" : "home | work | temp | old | mobile",
      "definition" : "Propósito para el contacto que se ha definido",
      "comment" : "Applications can assume that a contact is current unless it explicitly says that it is temporary or old.",
      "requirements" : "Need to track the way a person uses this contact, so a user can choose which is appropriate for their purpose.",
      "min" : 0,
      "max" : "1",
      "type" : [{
        "code" : "code"
      }],
      "constraint" : [{
        "extension" : [{
          "url" : "http://hl7.org/fhir/4.0/StructureDefinition/extension-ElementDefinition.constraint.xpath",
          "valueString" : "@value|f:*|h:div"
        }],
        "key" : "ele-1",
        "severity" : "error",
        "human" : "All FHIR elements must have a @value or children",
        "expression" : "hasValue() or (children().count() > id.count())",
        "source" : "http://hl7.org/fhir/StructureDefinition/Element"
      }],
      "mustSupport" : false,
      "isModifier" : true,
      "isSummary" : true,
      "binding" : {
        "strength" : "required",
        "valueSet" : "http://hl7.org/fhir/ValueSet/contact-point-use"
      },
      "mapping" : [{
        "identity" : "v2",
        "map" : "XTN.2 - but often indicated by field"
      },
      {
        "identity" : "rim",
        "map" : "unique(./use)"
      },
      {
        "identity" : "servd",
        "map" : "./ContactPointPurpose"
      }]
    },
    {
      "path" : "Organization.contact.telecom.rank",
      "short" : "Specify preferred order of use (1 = highest)",
      "definition" : "Specifies a preferred order in which to use a set of contacts. ContactPoints with lower rank values are more preferred than those with higher rank values.",
      "comment" : "Note that rank does not necessarily follow the order in which the contacts are represented in the instance.",
      "min" : 0,
      "max" : "1",
      "type" : [{
        "code" : "positiveInt"
      }],
      "constraint" : [{
        "extension" : [{
          "url" : "http://hl7.org/fhir/4.0/StructureDefinition/extension-ElementDefinition.constraint.xpath",
          "valueString" : "@value|f:*|h:div"
        }],
        "key" : "ele-1",
        "severity" : "error",
        "human" : "All FHIR elements must have a @value or children",
        "expression" : "hasValue() or (children().count() > id.count())",
        "source" : "http://hl7.org/fhir/StructureDefinition/Element"
      }],
      "mustSupport" : false,
      "isModifier" : false,
      "isSummary" : true,
      "mapping" : [{
        "identity" : "v2",
        "map" : "n/a"
      },
      {
        "identity" : "rim",
        "map" : "n/a"
      }]
    },
    {
      "path" : "Organization.contact.telecom.period",
      "short" : "Time period when the contact point was/is in use",
      "definition" : "Time period when the contact point was/is in use.",
      "min" : 0,
      "max" : "1",
      "type" : [{
        "code" : "Period"
      }],
      "constraint" : [{
        "extension" : [{
          "url" : "http://hl7.org/fhir/4.0/StructureDefinition/extension-ElementDefinition.constraint.xpath",
          "valueString" : "@value|f:*|h:div"
        }],
        "key" : "ele-1",
        "severity" : "error",
        "human" : "All FHIR elements must have a @value or children",
        "expression" : "hasValue() or (children().count() > id.count())",
        "source" : "http://hl7.org/fhir/StructureDefinition/Element"
      }],
      "mustSupport" : false,
      "isModifier" : false,
      "isSummary" : true,
      "mapping" : [{
        "identity" : "v2",
        "map" : "N/A"
      },
      {
        "identity" : "rim",
        "map" : "./usablePeriod[type=\"IVL<TS>\"]"
      },
      {
        "identity" : "servd",
        "map" : "./StartDate and ./EndDate"
      }]
    },
    {
      "path" : "Organization.contact.address",
      "short" : "Visiting or postal addresses for the contact",
      "definition" : "Visiting or postal addresses for the contact.",
      "requirements" : "May need to keep track of a contact party's address for contacting, billing or reporting requirements.",
      "min" : 0,
      "max" : "1",
      "type" : [{
        "code" : "Address"
      }],
      "constraint" : [{
        "extension" : [{
          "url" : "http://hl7.org/fhir/4.0/StructureDefinition/extension-ElementDefinition.constraint.xpath",
          "valueString" : "@value|f:*|h:div"
        }],
        "key" : "ele-1",
        "severity" : "error",
        "human" : "All FHIR elements must have a @value or children",
        "expression" : "hasValue() or (children().count() > id.count())",
        "source" : "http://hl7.org/fhir/StructureDefinition/Element"
      }],
      "mustSupport" : false,
      "isModifier" : false,
      "isSummary" : false,
      "mapping" : [{
        "identity" : "v2",
        "map" : "PID-11"
      },
      {
        "identity" : "rim",
        "map" : "./addr"
      }]
    },
    {
      "path" : "Organization.endpoint",
      "short" : "Technical endpoints providing access to services operated for the organization",
      "definition" : "Technical endpoints providing access to services operated for the organization.",
      "requirements" : "Organizations have multiple systems that provide various services and need to be able to define the technical connection details for how to connect to them, and for what purpose.",
      "min" : 0,
      "max" : "*",
      "type" : [{
        "code" : "Reference",
        "targetProfile" : ["http://hl7.org/fhir/StructureDefinition/Endpoint"]
      }],
      "constraint" : [{
        "extension" : [{
          "url" : "http://hl7.org/fhir/4.0/StructureDefinition/extension-ElementDefinition.constraint.xpath",
          "valueString" : "@value|f:*|h:div"
        }],
        "key" : "ele-1",
        "severity" : "error",
        "human" : "All FHIR elements must have a @value or children",
        "expression" : "hasValue() or (children().count() > id.count())",
        "source" : "http://hl7.org/fhir/StructureDefinition/Element"
      }],
      "mustSupport" : false,
      "isModifier" : false,
      "isSummary" : false,
      "mapping" : [{
        "identity" : "rim",
        "map" : "n/a"
      }]
    }]
  }
}