{
  "resourceType" : "ValueSet",
  "id" : "9520447a-14d7-47f0-ad76-2cc7928e8e90-95",
  "url" : "http://hl7.org/fhir/comparison/ValueSet/9520447a-14d7-47f0-ad76-2cc7928e8e90-95",
  "name" : "UnionPatientContactRelationshipAndVSContactoRelacion",
  "title" : "Union of Patient Contact Relationship  And Códigos de relación del contacto con el paciente",
  "status" : "active",
  "date" : "2025-06-02T16:45:11-04:00",
  "jurisdiction" : [{
    "coding" : [{
      "system" : "urn:iso:std:iso:3166",
      "code" : "CL",
      "display" : "Chile"
    }]
  }],
  "compose" : {
    "include" : [{
      "filter" : [{
        "property" : "concept",
        "op" : "is-not-a",
        "value" : "O"
      }]
    },
    {
      "system" : "https://hl7chile.cl/fhir/ig/clcore/CodeSystem/CSOtrosContactos"
    }]
  }
}