{
  "resourceType" : "ValueSet",
  "id" : "9520447a-14d7-47f0-ad76-2cc7928e8e90-167",
  "url" : "http://hl7.org/fhir/comparison/ValueSet/9520447a-14d7-47f0-ad76-2cc7928e8e90-167",
  "name" : "UnionVSDiagnosticosSCTAndVSDiagnosticosSCT",
  "title" : "Union of Diagnósticos SNOMED y Ausente o Desconocido And Diagnósticos SNOMED y Ausente o Desconocido",
  "status" : "active",
  "date" : "2025-06-02T16:45:11-04:00",
  "jurisdiction" : [{
    "coding" : [{
      "system" : "urn:iso:std:iso:3166",
      "code" : "CL",
      "display" : "Chile"
    }]
  }],
  "compose" : {
    "include" : [{
      "filter" : [{
        "property" : "concept",
        "op" : "descendent-of",
        "value" : "404684003"
      }]
    },
    {
      "concept" : [{
        "code" : "160245001",
        "display" : "No current problems or disability"
      }]
    }]
  }
}