{
  "resourceType" : "ValueSet",
  "id" : "9520447a-14d7-47f0-ad76-2cc7928e8e90-176",
  "url" : "http://hl7.org/fhir/comparison/ValueSet/9520447a-14d7-47f0-ad76-2cc7928e8e90-176",
  "name" : "UnionVSNombreCampanaCLAndVSNombreCampanaCL",
  "title" : "Union of Campañas de Vacunación And Campañas de Vacunación",
  "status" : "active",
  "date" : "2025-06-02T16:45:11-04:00",
  "jurisdiction" : [{
    "coding" : [{
      "system" : "urn:iso:std:iso:3166",
      "code" : "CL",
      "display" : "Chile"
    }]
  }]
}