[
  {
    "id" : "cl-core-client",
    "type" : "CapabilityStatement",
    "url" : "https://hl7chile.cl/fhir/ig/clcore/CapabilityStatement/cl-core-client",
    "version" : "1.9.3",
    "name" : "ClCoreClienteCapabilityStatement"
  },
  {
    "id" : "cl-core-server",
    "type" : "CapabilityStatement",
    "url" : "https://hl7chile.cl/fhir/ig/clcore/CapabilityStatement/cl-core-server",
    "version" : "1.9.3",
    "name" : "ClCoreServidorCapabilityStatement"
  },
  {
    "id" : "CSClaseVacuna",
    "type" : "CodeSystem",
    "url" : "https://hl7chile.cl/fhir/ig/clcore/CodeSystem/CSClaseVacuna",
    "version" : "1.9.3",
    "name" : "CSClaseVacuna"
  },
  {
    "id" : "CSCodComunasCL",
    "type" : "CodeSystem",
    "url" : "https://hl7chile.cl/fhir/ig/clcore/CodeSystem/CSCodComunasCL",
    "version" : "1.9.3",
    "name" : "CSCodComunasCL"
  },
  {
    "id" : "CSCodMadurez",
    "type" : "CodeSystem",
    "url" : "https://hl7chile.cl/fhir/ig/clcore/CodeSystem/CSCodMadurez",
    "version" : "1.9.3",
    "name" : "CSCodMadurez"
  },
  {
    "id" : "CSCodProvinciasCL",
    "type" : "CodeSystem",
    "url" : "https://hl7chile.cl/fhir/ig/clcore/CodeSystem/CSCodProvinciasCL",
    "version" : "1.9.3",
    "name" : "CSCodProvinciasCL"
  },
  {
    "id" : "CSCodRegionCL",
    "type" : "CodeSystem",
    "url" : "https://hl7chile.cl/fhir/ig/clcore/CodeSystem/CSCodRegionCL",
    "version" : "1.9.3",
    "name" : "CSCodRegionCL"
  },
  {
    "id" : "CSCodigoDNI",
    "type" : "CodeSystem",
    "url" : "https://hl7chile.cl/fhir/ig/clcore/CodeSystem/CSCodigoDNI",
    "version" : "1.9.3",
    "name" : "CSCodigoDNI"
  },
  {
    "id" : "CSCodigoServicio",
    "type" : "CodeSystem",
    "url" : "https://hl7chile.cl/fhir/ig/clcore/CodeSystem/CSCodigoServicio",
    "version" : "1.9.3",
    "name" : "CSCodServicioCL"
  },
  {
    "id" : "CSCodigoVacunas",
    "type" : "CodeSystem",
    "url" : "https://hl7chile.cl/fhir/ig/clcore/CodeSystem/CSCodigoVacunas",
    "version" : "1.9.3",
    "name" : "CSTiposVacunaCL"
  },
  {
    "id" : "CSEspecialidadFarma",
    "type" : "CodeSystem",
    "url" : "https://hl7chile.cl/fhir/ig/clcore/CodeSystem/CSEspecialidadFarma",
    "version" : "1.9.3",
    "name" : "CSEspecialidadFarma"
  },
  {
    "id" : "CSEspecialidadOdontologica",
    "type" : "CodeSystem",
    "url" : "https://hl7chile.cl/fhir/ig/clcore/CodeSystem/CSEspecialidadOdontologica",
    "version" : "1.9.3",
    "name" : "CSEspecialidadOdontologica"
  },
  {
    "id" : "CSEspecialidadesDeisCL",
    "type" : "CodeSystem",
    "url" : "https://hl7chile.cl/fhir/ig/clcore/CodeSystem/CSEspecialidadesDeisCL",
    "version" : "1.9.3",
    "name" : "CSEspecialidadesDeisCL"
  },
  {
    "id" : "CSIdentidaddeGenero",
    "type" : "CodeSystem",
    "url" : "https://hl7chile.cl/fhir/ig/clcore/CodeSystem/CSIdentidaddeGenero",
    "version" : "1.9.3",
    "name" : "CSIdentidaddeGenero"
  },
  {
    "id" : "CSNombreCampana",
    "type" : "CodeSystem",
    "url" : "https://hl7chile.cl/fhir/ig/clcore/CodeSystem/CSNombreCampana",
    "version" : "1.9.3",
    "name" : "CSNombreCampanaCL"
  },
  {
    "id" : "CSOtrosContactos",
    "type" : "CodeSystem",
    "url" : "https://hl7chile.cl/fhir/ig/clcore/CodeSystem/CSOtrosContactos",
    "version" : "1.9.3",
    "name" : "CSOtrosContactos"
  },
  {
    "id" : "CSRazonNOTinm",
    "type" : "CodeSystem",
    "url" : "https://hl7chile.cl/fhir/ig/clcore/CodeSystem/CSRazonNOTinm",
    "version" : "1.9.3",
    "name" : "CSRazonNOinmunizacionCL"
  },
  {
    "id" : "CSSexoListadoDeis",
    "type" : "CodeSystem",
    "url" : "https://hl7chile.cl/fhir/ig/clcore/CodeSystem/CSSexoListadoDeis",
    "version" : "1.9.3",
    "name" : "CSSexoListadoDeis"
  },
  {
    "id" : "CSTipoIdentificador",
    "type" : "CodeSystem",
    "url" : "https://hl7chile.cl/fhir/ig/clcore/CodeSystem/CSTipoIdentificador",
    "version" : "1.9.3",
    "name" : "CSTipoIdentificador"
  },
  {
    "id" : "CSTiposEncuentroCL",
    "type" : "CodeSystem",
    "url" : "https://hl7chile.cl/fhir/ig/clcore/CodeSystem/CSTiposEncuentroCL",
    "version" : "1.9.3",
    "name" : "CSTiposEncuentroCL"
  },
  {
    "id" : "EspecialidadesConacemConaceoCS",
    "type" : "CodeSystem",
    "url" : "https://hl7chile.cl/fhir/ig/clcore/CodeSystem/EspecialidadesConacemConaceoCS",
    "version" : "1.9.3",
    "name" : "EspecialidadesConacemConaceoCS"
  },
  {
    "id" : "csrazonnoencuentro",
    "type" : "CodeSystem",
    "url" : "https://hl7chile.cl/fhir/ig/clcore/CodeSystem/csrazonnoencuentro",
    "version" : "1.9.3",
    "name" : "CSrazonnoencuentro"
  },
  {
    "id" : "hl7.fhir.cl.clcore",
    "type" : "ImplementationGuide",
    "url" : "https://hl7chile.cl/fhir/ig/clcore/ImplementationGuide/hl7.fhir.cl.clcore",
    "version" : "1.9.3",
    "name" : "clcore"
  },
  {
    "id" : "AuditEventCl",
    "type" : "StructureDefinition",
    "url" : "https://hl7chile.cl/fhir/ig/clcore/StructureDefinition/AuditEventCl",
    "version" : "1.9.3",
    "name" : "AuditEventCl"
  },
  {
    "id" : "Campana",
    "type" : "StructureDefinition",
    "url" : "https://hl7chile.cl/fhir/ig/clcore/StructureDefinition/Campana",
    "version" : "1.9.3",
    "name" : "Campana"
  },
  {
    "id" : "ClaseVacuna",
    "type" : "StructureDefinition",
    "url" : "https://hl7chile.cl/fhir/ig/clcore/StructureDefinition/ClaseVacuna",
    "version" : "1.9.3",
    "name" : "ClaseVacuna"
  },
  {
    "id" : "CodigoPaises",
    "type" : "StructureDefinition",
    "url" : "https://hl7chile.cl/fhir/ig/clcore/StructureDefinition/CodigoPaises",
    "version" : "1.9.3",
    "name" : "PaisDireccion"
  },
  {
    "id" : "ComunasCl",
    "type" : "StructureDefinition",
    "url" : "https://hl7chile.cl/fhir/ig/clcore/StructureDefinition/ComunasCl",
    "version" : "1.9.3",
    "name" : "ComunasCl"
  },
  {
    "id" : "CoreAlergiaIntCl",
    "type" : "StructureDefinition",
    "url" : "https://hl7chile.cl/fhir/ig/clcore/StructureDefinition/CoreAlergiaIntCl",
    "version" : "1.9.3",
    "name" : "AlergiaIntCL"
  },
  {
    "id" : "CoreDiagnosticoCl",
    "type" : "StructureDefinition",
    "url" : "https://hl7chile.cl/fhir/ig/clcore/StructureDefinition/CoreDiagnosticoCl",
    "version" : "1.9.3",
    "name" : "DiagnosticoCl"
  },
  {
    "id" : "CoreLocalizacionCl",
    "type" : "StructureDefinition",
    "url" : "https://hl7chile.cl/fhir/ig/clcore/StructureDefinition/CoreLocalizacionCl",
    "version" : "1.9.3",
    "name" : "LocalizacionCL"
  },
  {
    "id" : "CoreMedicamentoCl",
    "type" : "StructureDefinition",
    "url" : "https://hl7chile.cl/fhir/ig/clcore/StructureDefinition/CoreMedicamentoCl",
    "version" : "1.9.3",
    "name" : "CoreMedicamentoCl"
  },
  {
    "id" : "CoreObservacionCL",
    "type" : "StructureDefinition",
    "url" : "https://hl7chile.cl/fhir/ig/clcore/StructureDefinition/CoreObservacionCL",
    "version" : "1.9.3",
    "name" : "ObservacionCL"
  },
  {
    "id" : "CoreOrganizacionCl",
    "type" : "StructureDefinition",
    "url" : "https://hl7chile.cl/fhir/ig/clcore/StructureDefinition/CoreOrganizacionCl",
    "version" : "1.9.3",
    "name" : "OrganizacionCL"
  },
  {
    "id" : "CorePacienteCl",
    "type" : "StructureDefinition",
    "url" : "https://hl7chile.cl/fhir/ig/clcore/StructureDefinition/CorePacienteCl",
    "version" : "1.9.3",
    "name" : "PacienteCl"
  },
  {
    "id" : "CorePrestadorCl",
    "type" : "StructureDefinition",
    "url" : "https://hl7chile.cl/fhir/ig/clcore/StructureDefinition/CorePrestadorCl",
    "version" : "1.9.3",
    "name" : "PrestadorCL"
  },
  {
    "id" : "CoreRolClinicoCl",
    "type" : "StructureDefinition",
    "url" : "https://hl7chile.cl/fhir/ig/clcore/StructureDefinition/CoreRolClinicoCl",
    "version" : "1.9.3",
    "name" : "CoreRolClinicoCl"
  },
  {
    "id" : "DocumentoCl",
    "type" : "StructureDefinition",
    "url" : "https://hl7chile.cl/fhir/ig/clcore/StructureDefinition/DocumentoCl",
    "version" : "1.9.3",
    "name" : "DocumentoCl"
  },
  {
    "id" : "Dosis",
    "type" : "StructureDefinition",
    "url" : "https://hl7chile.cl/fhir/ig/clcore/StructureDefinition/Dosis",
    "version" : "1.9.3",
    "name" : "Dosis"
  },
  {
    "id" : "EncounterCL",
    "type" : "StructureDefinition",
    "url" : "https://hl7chile.cl/fhir/ig/clcore/StructureDefinition/EncounterCL",
    "version" : "1.9.3",
    "name" : "EncounterCL"
  },
  {
    "id" : "IdContacto",
    "type" : "StructureDefinition",
    "url" : "https://hl7chile.cl/fhir/ig/clcore/StructureDefinition/IdContacto",
    "version" : "1.9.3",
    "name" : "IdentificacionContactoCl"
  },
  {
    "id" : "IdentidadDeGenero",
    "type" : "StructureDefinition",
    "url" : "https://hl7chile.cl/fhir/ig/clcore/StructureDefinition/IdentidadDeGenero",
    "version" : "1.9.3",
    "name" : "IdentidadDeGenero"
  },
  {
    "id" : "ImmunizationCL",
    "type" : "StructureDefinition",
    "url" : "https://hl7chile.cl/fhir/ig/clcore/StructureDefinition/ImmunizationCL",
    "version" : "1.9.3",
    "name" : "ImmunizationCL"
  },
  {
    "id" : "NombreComercial",
    "type" : "StructureDefinition",
    "url" : "https://hl7chile.cl/fhir/ig/clcore/StructureDefinition/NombreComercial",
    "version" : "1.9.3",
    "name" : "NombreComercial"
  },
  {
    "id" : "ProvenanceCl",
    "type" : "StructureDefinition",
    "url" : "https://hl7chile.cl/fhir/ig/clcore/StructureDefinition/ProvenanceCl",
    "version" : "1.9.3",
    "name" : "ProvenanceCL"
  },
  {
    "id" : "ProvinciasCl",
    "type" : "StructureDefinition",
    "url" : "https://hl7chile.cl/fhir/ig/clcore/StructureDefinition/ProvinciasCl",
    "version" : "1.9.3",
    "name" : "ProvinciasCl"
  },
  {
    "id" : "ProxFecha",
    "type" : "StructureDefinition",
    "url" : "https://hl7chile.cl/fhir/ig/clcore/StructureDefinition/ProxFecha",
    "version" : "1.9.3",
    "name" : "ProxFecha"
  },
  {
    "id" : "RegionesCl",
    "type" : "StructureDefinition",
    "url" : "https://hl7chile.cl/fhir/ig/clcore/StructureDefinition/RegionesCl",
    "version" : "1.9.3",
    "name" : "RegionesCl"
  },
  {
    "id" : "SegundoApellido",
    "type" : "StructureDefinition",
    "url" : "https://hl7chile.cl/fhir/ig/clcore/StructureDefinition/SegundoApellido",
    "version" : "1.9.3",
    "name" : "SegundoApellido"
  },
  {
    "id" : "SexoBiologico",
    "type" : "StructureDefinition",
    "url" : "https://hl7chile.cl/fhir/ig/clcore/StructureDefinition/SexoBiologico",
    "version" : "1.9.3",
    "name" : "SexoBiologico"
  },
  {
    "id" : "cl-address",
    "type" : "StructureDefinition",
    "url" : "https://hl7chile.cl/fhir/ig/clcore/StructureDefinition/cl-address",
    "version" : "1.9.3",
    "name" : "ClAddress"
  },
  {
    "id" : "cl-core-signos-vitales",
    "type" : "StructureDefinition",
    "url" : "https://hl7chile.cl/fhir/ig/clcore/StructureDefinition/cl-core-signos-vitales",
    "version" : "1.9.3",
    "name" : "CLCoreSignosVitalesPerfil"
  },
  {
    "id" : "CodPais",
    "type" : "ValueSet",
    "url" : "https://hl7chile.cl/fhir/ig/clcore/ValueSet/CodPais",
    "version" : "1.9.3",
    "name" : "CodPaises"
  },
  {
    "id" : "VSClaseVacuna",
    "type" : "ValueSet",
    "url" : "https://hl7chile.cl/fhir/ig/clcore/ValueSet/VSClaseVacuna",
    "version" : "1.9.3",
    "name" : "VSClaseVacuna"
  },
  {
    "id" : "VSCodMadurez",
    "type" : "ValueSet",
    "url" : "https://hl7chile.cl/fhir/ig/clcore/ValueSet/VSCodMadurez",
    "version" : "1.9.3",
    "name" : "VSCodMadurez"
  },
  {
    "id" : "VSCodigosComunaCL",
    "type" : "ValueSet",
    "url" : "https://hl7chile.cl/fhir/ig/clcore/ValueSet/VSCodigosComunaCL",
    "version" : "1.9.3",
    "name" : "VSCodigosComunaCL"
  },
  {
    "id" : "VSCodigosProvinciasCL",
    "type" : "ValueSet",
    "url" : "https://hl7chile.cl/fhir/ig/clcore/ValueSet/VSCodigosProvinciasCL",
    "version" : "1.9.3",
    "name" : "VSCodigosProvinciasCL"
  },
  {
    "id" : "VSCodigosRegionesCL",
    "type" : "ValueSet",
    "url" : "https://hl7chile.cl/fhir/ig/clcore/ValueSet/VSCodigosRegionesCL",
    "version" : "1.9.3",
    "name" : "VSCodigosRegionesCL"
  },
  {
    "id" : "VSCodigoslenguaje",
    "type" : "ValueSet",
    "url" : "https://hl7chile.cl/fhir/ig/clcore/ValueSet/VSCodigoslenguaje",
    "version" : "1.9.3",
    "name" : "VSCodigoslenguaje"
  },
  {
    "id" : "VSContactoRelacion",
    "type" : "ValueSet",
    "url" : "https://hl7chile.cl/fhir/ig/clcore/ValueSet/VSContactoRelacion",
    "version" : "1.9.3",
    "name" : "VSContactoRelacion"
  },
  {
    "id" : "VSDiagnosticosSCT",
    "type" : "ValueSet",
    "url" : "https://hl7chile.cl/fhir/ig/clcore/ValueSet/VSDiagnosticosSCT",
    "version" : "1.9.3",
    "name" : "VSDiagnosticosSCT"
  },
  {
    "id" : "VSEspecialidadesCL",
    "type" : "ValueSet",
    "url" : "https://hl7chile.cl/fhir/ig/clcore/ValueSet/VSEspecialidadesCL",
    "version" : "1.9.3",
    "name" : "VSEspecialidadesCL"
  },
  {
    "id" : "VSIdentidaddeGenero",
    "type" : "ValueSet",
    "url" : "https://hl7chile.cl/fhir/ig/clcore/ValueSet/VSIdentidaddeGenero",
    "version" : "1.9.3",
    "name" : "VSIdentidaddeGenero"
  },
  {
    "id" : "VSNombreCampana",
    "type" : "ValueSet",
    "url" : "https://hl7chile.cl/fhir/ig/clcore/ValueSet/VSNombreCampana",
    "version" : "1.9.3",
    "name" : "VSNombreCampanaCL"
  },
  {
    "id" : "VSOtrosContactos",
    "type" : "ValueSet",
    "url" : "https://hl7chile.cl/fhir/ig/clcore/ValueSet/VSOtrosContactos",
    "version" : "1.9.3",
    "name" : "VSOtrosContactos"
  },
  {
    "id" : "VSRazonNOT",
    "type" : "ValueSet",
    "url" : "https://hl7chile.cl/fhir/ig/clcore/ValueSet/VSRazonNOT",
    "version" : "1.9.3",
    "name" : "VSRazonNOencuentro"
  },
  {
    "id" : "VSRazonNOTinm",
    "type" : "ValueSet",
    "url" : "https://hl7chile.cl/fhir/ig/clcore/ValueSet/VSRazonNOTinm",
    "version" : "1.9.3",
    "name" : "VSRazonNOTinmCL"
  },
  {
    "id" : "VSSexoListadoDeis",
    "type" : "ValueSet",
    "url" : "https://hl7chile.cl/fhir/ig/clcore/ValueSet/VSSexoListadoDeis",
    "version" : "1.9.3",
    "name" : "VSSexoListadoDeis"
  },
  {
    "id" : "VSTipoIdentificador",
    "type" : "ValueSet",
    "url" : "https://hl7chile.cl/fhir/ig/clcore/ValueSet/VSTipoIdentificador",
    "version" : "1.9.3",
    "name" : "VSTipoIdentificador"
  },
  {
    "id" : "VSTiposDocClinico",
    "type" : "ValueSet",
    "url" : "https://hl7chile.cl/fhir/ig/clcore/ValueSet/VSTiposDocClinico",
    "version" : "1.9.3",
    "name" : "VSTiposDocClinico"
  },
  {
    "id" : "VSTiposDocumentos",
    "type" : "ValueSet",
    "url" : "https://hl7chile.cl/fhir/ig/clcore/ValueSet/VSTiposDocumentos",
    "version" : "1.9.3",
    "name" : "VSTiposDocumentos"
  },
  {
    "id" : "VSTiposEncuentroCL",
    "type" : "ValueSet",
    "url" : "https://hl7chile.cl/fhir/ig/clcore/ValueSet/VSTiposEncuentroCL",
    "version" : "1.9.3",
    "name" : "VSTiposEncuentroCL"
  },
  {
    "id" : "VSTiposServicio",
    "type" : "ValueSet",
    "url" : "https://hl7chile.cl/fhir/ig/clcore/ValueSet/VSTiposServicio",
    "version" : "1.9.3",
    "name" : "VSTiposServicioCL"
  },
  {
    "id" : "VSTiposVacunas",
    "type" : "ValueSet",
    "url" : "https://hl7chile.cl/fhir/ig/clcore/ValueSet/VSTiposVacunas",
    "version" : "1.9.3",
    "name" : "VSTiposVacunasCL"
  },
  {
    "id" : "cl-core-vs-signos-vitales",
    "type" : "ValueSet",
    "url" : "https://hl7chile.cl/fhir/ig/clcore/ValueSet/cl-core-vs-signos-vitales",
    "version" : "1.9.3",
    "name" : "VSSignosVitales"
  }
]
