{
  "resourceType" : "CodeSystem",
  "id" : "CSOtrosContactos",
  "language" : "es",
  "text" : {
    "status" : "generated",
    "div" : "<div xml:lang=\"es\" xmlns=\"http://www.w3.org/1999/xhtml\" lang=\"es\"><p class=\"res-header-id\"><b>Generated Narrative: CodeSystem CSOtrosContactos</b></p><a name=\"CSOtrosContactos\"> </a><a name=\"hcCSOtrosContactos\"> </a><a name=\"CSOtrosContactos-es-CL\"> </a><div style=\"display: inline-block; background-color: #d9e0e7; padding: 6px; margin: 4px; border: 1px solid #8da1b4; border-radius: 5px; line-height: 60%\"><p style=\"margin-bottom: 0px\">Language: es</p></div><p>This case-sensitive code system <code>https://hl7chile.cl/fhir/ig/clcore/CodeSystem/CSOtrosContactos</code> defines the following codes:</p><table class=\"codes\"><tr><td style=\"white-space:nowrap\"><b>Code</b></td><td><b>Display</b></td></tr><tr><td style=\"white-space:nowrap\">tut<a name=\"CSOtrosContactos-tut\"> </a></td><td>Tutor Legal</td></tr><tr><td style=\"white-space:nowrap\">nr<a name=\"CSOtrosContactos-nr\"> </a></td><td>No Registrdo</td></tr></table></div>"
  },
  "url" : "https://hl7chile.cl/fhir/ig/clcore/CodeSystem/CSOtrosContactos",
  "version" : "1.9.3",
  "name" : "CSOtrosContactos",
  "title" : "Códigos de otros contactos del paciente",
  "status" : "active",
  "experimental" : false,
  "date" : "2022-01-18T00:00:00-03:00",
  "publisher" : "HL7 Chile",
  "contact" : [{
    "name" : "HL7 Chile",
    "telecom" : [{
      "system" : "url",
      "value" : "http://hl7chile.cl"
    },
    {
      "system" : "email",
      "value" : "chair@hl7chile.cl"
    }]
  }],
  "description" : "Códigos de contactos adicionales usados en Chile para paciente",
  "jurisdiction" : [{
    "coding" : [{
      "system" : "urn:iso:std:iso:3166",
      "code" : "CL",
      "display" : "Chile"
    }]
  }],
  "copyright" : "Usado con el permiso de HL7 International, todos los derechos resevados en los Licencias de HL7 Internacional.",
  "caseSensitive" : true,
  "content" : "complete",
  "count" : 2,
  "concept" : [{
    "code" : "tut",
    "display" : "Tutor Legal"
  },
  {
    "code" : "nr",
    "display" : "No Registrdo"
  }]
}