{
  "resourceType" : "CodeSystem",
  "id" : "EspecialidadesConacemConaceoCS",
  "language" : "es",
  "text" : {
    "status" : "generated",
    "div" : "<div xml:lang=\"es\" xmlns=\"http://www.w3.org/1999/xhtml\" lang=\"es\"><p class=\"res-header-id\"><b>Generated Narrative: CodeSystem EspecialidadesConacemConaceoCS</b></p><a name=\"EspecialidadesConacemConaceoCS\"> </a><a name=\"hcEspecialidadesConacemConaceoCS\"> </a><a name=\"EspecialidadesConacemConaceoCS-es-CL\"> </a><div style=\"display: inline-block; background-color: #d9e0e7; padding: 6px; margin: 4px; border: 1px solid #8da1b4; border-radius: 5px; line-height: 60%\"><p style=\"margin-bottom: 0px\">Language: es</p></div><p>This case-sensitive code system <code>https://hl7chile.cl/fhir/ig/clcore/CodeSystem/EspecialidadesConacemConaceoCS</code> defines the following codes:</p><table class=\"codes\"><tr><td style=\"white-space:nowrap\"><b>Code</b></td><td><b>Display</b></td></tr><tr><td style=\"white-space:nowrap\">1<a name=\"EspecialidadesConacemConaceoCS-1\"> </a></td><td>Adolescencia</td></tr><tr><td style=\"white-space:nowrap\">14<a name=\"EspecialidadesConacemConaceoCS-14\"> </a></td><td>Dermatología y Venerología</td></tr><tr><td style=\"white-space:nowrap\">16<a name=\"EspecialidadesConacemConaceoCS-16\"> </a></td><td>Endocrinología</td></tr><tr><td style=\"white-space:nowrap\">18<a name=\"EspecialidadesConacemConaceoCS-18\"> </a></td><td>Enfermedades Respiratorias</td></tr><tr><td style=\"white-space:nowrap\">19<a name=\"EspecialidadesConacemConaceoCS-19\"> </a></td><td>Enfermedades Respiratorias Pediátricas</td></tr><tr><td style=\"white-space:nowrap\">20<a name=\"EspecialidadesConacemConaceoCS-20\"> </a></td><td>Gastroenterología</td></tr><tr><td style=\"white-space:nowrap\">24<a name=\"EspecialidadesConacemConaceoCS-24\"> </a></td><td>Ginecología Oncológica</td></tr><tr><td style=\"white-space:nowrap\">30<a name=\"EspecialidadesConacemConaceoCS-30\"> </a></td><td>Inmunología Clínica</td></tr><tr><td style=\"white-space:nowrap\">32<a name=\"EspecialidadesConacemConaceoCS-32\"> </a></td><td>Mastología</td></tr><tr><td style=\"white-space:nowrap\">34<a name=\"EspecialidadesConacemConaceoCS-34\"> </a></td><td>Medicina Física y Rehabilitación</td></tr><tr><td style=\"white-space:nowrap\">35<a name=\"EspecialidadesConacemConaceoCS-35\"> </a></td><td>Medicina Intensiva</td></tr><tr><td style=\"white-space:nowrap\">39<a name=\"EspecialidadesConacemConaceoCS-39\"> </a></td><td>Medicina Materno Fetal</td></tr><tr><td style=\"white-space:nowrap\">41<a name=\"EspecialidadesConacemConaceoCS-41\"> </a></td><td>Medicina Paliativa Del Adulto</td></tr><tr><td style=\"white-space:nowrap\">42<a name=\"EspecialidadesConacemConaceoCS-42\"> </a></td><td>Medicina Reproductiva</td></tr><tr><td style=\"white-space:nowrap\">43<a name=\"EspecialidadesConacemConaceoCS-43\"> </a></td><td>Nefrología</td></tr><tr><td style=\"white-space:nowrap\">44<a name=\"EspecialidadesConacemConaceoCS-44\"> </a></td><td>Nefrología Pediátrica</td></tr><tr><td style=\"white-space:nowrap\">47<a name=\"EspecialidadesConacemConaceoCS-47\"> </a></td><td>Neurología</td></tr><tr><td style=\"white-space:nowrap\">49<a name=\"EspecialidadesConacemConaceoCS-49\"> </a></td><td>Neurorradiología</td></tr><tr><td style=\"white-space:nowrap\">50<a name=\"EspecialidadesConacemConaceoCS-50\"> </a></td><td>Nutrición Clínica del Adulto</td></tr><tr><td style=\"white-space:nowrap\">51<a name=\"EspecialidadesConacemConaceoCS-51\"> </a></td><td>Nutrición Clínica Pediátrica</td></tr><tr><td style=\"white-space:nowrap\">58<a name=\"EspecialidadesConacemConaceoCS-58\"> </a></td><td>Psiquiatría</td></tr><tr><td style=\"white-space:nowrap\">59<a name=\"EspecialidadesConacemConaceoCS-59\"> </a></td><td>Psiquiatría Infantil y de la Adolescencia</td></tr><tr><td style=\"white-space:nowrap\">3<a name=\"EspecialidadesConacemConaceoCS-3\"> </a></td><td>Imagenología Maxilofacial</td></tr><tr><td style=\"white-space:nowrap\">8<a name=\"EspecialidadesConacemConaceoCS-8\"> </a></td><td>Patología Oral y Maxilofacial</td></tr></table></div>"
  },
  "url" : "https://hl7chile.cl/fhir/ig/clcore/CodeSystem/EspecialidadesConacemConaceoCS",
  "version" : "1.9.3",
  "name" : "EspecialidadesConacemConaceoCS",
  "title" : "Códigos de Especialidades de CONACEM y CONACEO",
  "status" : "active",
  "experimental" : true,
  "date" : "2025-06-02T16:42:31-04:00",
  "publisher" : "HL7 Chile",
  "contact" : [{
    "name" : "HL7 Chile",
    "telecom" : [{
      "system" : "url",
      "value" : "http://hl7chile.cl"
    },
    {
      "system" : "email",
      "value" : "chair@hl7chile.cl"
    }]
  }],
  "description" : "Códigos a usar para las Especialidades provenientes de La Corporación Nacional Autónoma de Certificación de Especialidades Médicas (CONACEM) y de La Corporación Nacional Autónoma de Certificación de Especialidades Odontológicas (CONACEO) de Chile",
  "jurisdiction" : [{
    "coding" : [{
      "system" : "urn:iso:std:iso:3166",
      "code" : "CL",
      "display" : "Chile"
    }]
  }],
  "copyright" : "Usado con el permiso de HL7 International, todos los derechos resevados en los Licencias de HL7 Internacional.",
  "caseSensitive" : true,
  "content" : "complete",
  "count" : 24,
  "concept" : [{
    "code" : "1",
    "display" : "Adolescencia"
  },
  {
    "code" : "14",
    "display" : "Dermatología y Venerología"
  },
  {
    "code" : "16",
    "display" : "Endocrinología"
  },
  {
    "code" : "18",
    "display" : "Enfermedades Respiratorias"
  },
  {
    "code" : "19",
    "display" : "Enfermedades Respiratorias Pediátricas"
  },
  {
    "code" : "20",
    "display" : "Gastroenterología"
  },
  {
    "code" : "24",
    "display" : "Ginecología Oncológica"
  },
  {
    "code" : "30",
    "display" : "Inmunología Clínica"
  },
  {
    "code" : "32",
    "display" : "Mastología"
  },
  {
    "code" : "34",
    "display" : "Medicina Física y Rehabilitación"
  },
  {
    "code" : "35",
    "display" : "Medicina Intensiva"
  },
  {
    "code" : "39",
    "display" : "Medicina Materno Fetal"
  },
  {
    "code" : "41",
    "display" : "Medicina Paliativa Del Adulto"
  },
  {
    "code" : "42",
    "display" : "Medicina Reproductiva"
  },
  {
    "code" : "43",
    "display" : "Nefrología"
  },
  {
    "code" : "44",
    "display" : "Nefrología Pediátrica"
  },
  {
    "code" : "47",
    "display" : "Neurología"
  },
  {
    "code" : "49",
    "display" : "Neurorradiología"
  },
  {
    "code" : "50",
    "display" : "Nutrición Clínica del Adulto"
  },
  {
    "code" : "51",
    "display" : "Nutrición Clínica Pediátrica"
  },
  {
    "code" : "58",
    "display" : "Psiquiatría"
  },
  {
    "code" : "59",
    "display" : "Psiquiatría Infantil y de la Adolescencia"
  },
  {
    "code" : "3",
    "display" : "Imagenología Maxilofacial"
  },
  {
    "code" : "8",
    "display" : "Patología Oral y Maxilofacial"
  }]
}