{
  "codeSystems" : [
    {
      "url" : "http://dicom.nema.org/resources/ontology/DCM",
      "version" : "01",
      "status" : "active",
      "name" : "DICOM Controlled Terminology Definitions",
      "title" : null,
      "description" : "DICOM Code Definitions (Coding Scheme Designator \"DCM\" Coding Scheme Version \"01\")",
      "oids" : ["1.2.840.10008.2.16.4"],
      "uses" : {
      },
      "http://hl7.org/fhir/R4/valueset-audit-event-type.html" : "Audit Event ID",
      "http://hl7.org/fhir/R4/valueset-security-role-type.html" : "SecurityRoleType",
      "http://hl7.org/fhir/R4/valueset-audit-event-sub-type.html" : "Audit Event Sub-Type"
    },
    {
      "url" : "http://hl7.org/fhir/administrative-gender",
      "version" : "4.0.1",
      "status" : "active",
      "name" : "AdministrativeGender",
      "title" : "AdministrativeGender",
      "description" : "The gender of a person used for administrative purposes.",
      "oids" : ["2.16.840.1.113883.4.642.4.2"],
      "uses" : {
      },
      "http://hl7.org/fhir/R4/valueset-administrative-gender.html" : "AdministrativeGender"
    },
    {
      "url" : "http://hl7.org/fhir/allergy-intolerance-criticality",
      "version" : "4.0.1",
      "status" : "draft",
      "name" : "AllergyIntoleranceCriticality",
      "title" : "AllergyIntoleranceCriticality",
      "description" : "Estimate of the potential clinical harm, or seriousness, of a reaction to an identified substance.",
      "oids" : ["2.16.840.1.113883.4.642.4.130"],
      "uses" : {
      },
      "http://hl7.org/fhir/R4/valueset-allergy-intolerance-criticality.html" : "AllergyIntoleranceCriticality"
    },
    {
      "url" : "http://hl7.org/fhir/allergy-intolerance-type",
      "version" : "4.0.1",
      "status" : "draft",
      "name" : "AllergyIntoleranceType",
      "title" : "AllergyIntoleranceType",
      "description" : "Identification of the underlying physiological mechanism for a Reaction Risk.",
      "oids" : ["2.16.840.1.113883.4.642.4.132"],
      "uses" : {
      },
      "http://hl7.org/fhir/R4/valueset-allergy-intolerance-type.html" : "AllergyIntoleranceType"
    },
    {
      "url" : "http://hl7.org/fhir/audit-event-action",
      "version" : "4.0.1",
      "status" : "draft",
      "name" : "AuditEventAction",
      "title" : "AuditEventAction",
      "description" : "Indicator for type of action performed during the event that generated the event.",
      "oids" : ["2.16.840.1.113883.4.642.4.453"],
      "uses" : {
      },
      "http://hl7.org/fhir/R4/valueset-audit-event-action.html" : "AuditEventAction"
    },
    {
      "url" : "http://hl7.org/fhir/audit-event-outcome",
      "version" : "4.0.1",
      "status" : "draft",
      "name" : "AuditEventOutcome",
      "title" : "AuditEventOutcome",
      "description" : "Indicates whether the event succeeded or failed.",
      "oids" : ["2.16.840.1.113883.4.642.4.455"],
      "uses" : {
      },
      "http://hl7.org/fhir/R4/valueset-audit-event-outcome.html" : "AuditEventOutcome"
    },
    {
      "url" : "http://hl7.org/fhir/composition-attestation-mode",
      "version" : "4.0.1",
      "status" : "draft",
      "name" : "CompositionAttestationMode",
      "title" : "CompositionAttestationMode",
      "description" : "The way in which a person authenticated a composition.",
      "oids" : ["2.16.840.1.113883.4.642.4.239"],
      "uses" : {
      },
      "http://hl7.org/fhir/R4/valueset-composition-attestation-mode.html" : "CompositionAttestationMode"
    },
    {
      "url" : "http://hl7.org/fhir/composition-status",
      "version" : "4.0.1",
      "status" : "draft",
      "name" : "CompositionStatus",
      "title" : "CompositionStatus",
      "description" : "The workflow/clinical status of the composition.",
      "oids" : ["2.16.840.1.113883.4.642.4.242"],
      "uses" : {
      },
      "http://hl7.org/fhir/R4/valueset-composition-status.html" : "CompositionStatus"
    },
    {
      "url" : "http://hl7.org/fhir/contact-point-system",
      "version" : "4.0.1",
      "status" : "active",
      "name" : "ContactPointSystem",
      "title" : "ContactPointSystem",
      "description" : "Telecommunications form for contact point.",
      "oids" : ["2.16.840.1.113883.4.642.4.72"],
      "uses" : {
      },
      "http://hl7.org/fhir/R4/valueset-contact-point-system.html" : "ContactPointSystem"
    },
    {
      "url" : "http://hl7.org/fhir/contact-point-use",
      "version" : "4.0.1",
      "status" : "active",
      "name" : "ContactPointUse",
      "title" : "ContactPointUse",
      "description" : "Use of contact point.",
      "oids" : ["2.16.840.1.113883.4.642.4.74"],
      "uses" : {
      },
      "http://hl7.org/fhir/R4/valueset-contact-point-use.html" : "ContactPointUse"
    },
    {
      "url" : "http://hl7.org/fhir/encounter-status",
      "version" : "4.0.1",
      "status" : "draft",
      "name" : "EncounterStatus",
      "title" : "EncounterStatus",
      "description" : "Current state of the encounter.",
      "oids" : ["2.16.840.1.113883.4.642.4.247"],
      "uses" : {
      },
      "http://hl7.org/fhir/R4/valueset-encounter-status.html" : "EncounterStatus"
    },
    {
      "url" : "http://hl7.org/fhir/event-status",
      "version" : "4.0.1",
      "status" : "draft",
      "name" : "EventStatus",
      "title" : "EventStatus",
      "description" : "Codes identifying the lifecycle stage of an event.",
      "oids" : ["2.16.840.1.113883.4.642.4.110"],
      "uses" : {
      },
      "http://hl7.org/fhir/R4/valueset-immunization-status.html" : "Immunization Status Codes"
    },
    {
      "url" : "http://hl7.org/fhir/location-status",
      "version" : "4.0.1",
      "status" : "draft",
      "name" : "LocationStatus",
      "title" : "LocationStatus",
      "description" : "Indicates whether the location is still in use.",
      "oids" : ["2.16.840.1.113883.4.642.4.333"],
      "uses" : {
      },
      "http://hl7.org/fhir/R4/valueset-location-status.html" : "LocationStatus"
    },
    {
      "url" : "http://hl7.org/fhir/network-type",
      "version" : "4.0.1",
      "status" : "draft",
      "name" : "AuditEventAgentNetworkType",
      "title" : "AuditEventAgentNetworkType",
      "description" : "The type of network access point of this agent in the audit event.",
      "oids" : ["2.16.840.1.113883.4.642.4.457"],
      "uses" : {
      },
      "http://hl7.org/fhir/R4/valueset-network-type.html" : "AuditEventAgentNetworkType"
    },
    {
      "url" : "http://hl7.org/fhir/observation-status",
      "version" : "4.0.1",
      "status" : "active",
      "name" : "ObservationStatus",
      "title" : "ObservationStatus",
      "description" : "Codes providing the status of an observation.",
      "oids" : ["2.16.840.1.113883.4.642.4.401"],
      "uses" : {
      },
      "http://hl7.org/fhir/R4/valueset-observation-status.html" : "ObservationStatus"
    },
    {
      "url" : "http://hl7.org/fhir/reaction-event-severity",
      "version" : "4.0.1",
      "status" : "draft",
      "name" : "AllergyIntoleranceSeverity",
      "title" : "AllergyIntoleranceSeverity",
      "description" : "Clinical assessment of the severity of a reaction event as a whole, potentially considering multiple different manifestations.",
      "oids" : ["2.16.840.1.113883.4.642.4.136"],
      "uses" : {
      },
      "http://hl7.org/fhir/R4/valueset-reaction-event-severity.html" : "AllergyIntoleranceSeverity"
    },
    {
      "url" : "http://hl7.org/fhir/restful-interaction",
      "version" : "4.0.1",
      "status" : "active",
      "name" : "FHIR Restful Interactions",
      "title" : null,
      "description" : "The set of interactions defined by the RESTful part of the FHIR specification.",
      "uses" : {
      },
      "http://hl7.org/fhir/R4/valueset-audit-event-sub-type.html" : "Audit Event Sub-Type"
    },
    {
      "url" : "http://loinc.org",
      "version" : "3.1.0",
      "status" : "active",
      "name" : "LOINC",
      "title" : "Logical Observation Identifiers, Names and Codes (LOINC)",
      "description" : "LOINC provides a set of universal names and ID codes for identifying laboratory and clinical test results.1,2 LOINC facilitates the exchange and pooling of results, such as blood hemoglobin, serum potassium, or vital signs, for clinical care, outcomes management, and research. LOINC's universal identifiers (names and codes) can be used in the context of order and observation exchanges between information systems that use syntax standards such as HL73, CEN TC251, ISO TC215, ASTM4, and DICOM. Specifically, the identifier can be used as the coded value for an observation in any other standard that uses the observation/observation value paradigm, whether messages, documents, application programming interface (API), etc. For example, LOINC codes are used widely in the OBX segment Observation Identifier field (OBX-3) of an ORU HL7 (HL7 version 2.x or ASTM 1238-9410) message that may be sent between a Clinical Laboratory Information Management Systems (LIMS) and Electronic Health Record Systems (EHR).5, 6 In this way, LOINC codes provide universal identifiers that allow the exchange of clinical data between heterogeneous computing environments.",
      "oids" : ["2.16.840.1.113883.6.1"],
      "uses" : {
      },
      "http://hl7.org/fhir/R4/valueset-observation-codes.html" : "LOINC Codes",
      "ValueSet-cl-core-vs-signos-vitales.html" : "Set de Valores Signos Vitales",
      "ValueSet-VSTiposDocClinico.html" : "Tipos de Documentos Clínicos",
      "http://hl7.org/fhir/R4/valueset-doc-section-codes.html" : "Document Section Codes"
    },
    {
      "url" : "http://snomed.info/sct",
      "version" : null,
      "status" : "active",
      "name" : "SNOMED_CT",
      "title" : "SNOMED CT (all versions)",
      "description" : "SNOMED CT is the most comprehensive and precise clinical health terminology product in the world, owned and distributed around the world by The International Health Terminology Standards Development Organisation (IHTSDO).",
      "oids" : ["2.16.840.1.113883.6.96"],
      "uses" : {
      },
      "http://hl7.org/fhir/R4/valueset-medication-form-codes.html" : "SNOMED CT Form Codes",
      "http://hl7.org/fhir/R4/valueset-allergyintolerance-code.html" : "AllergyIntolerance Substance/Product, Condition and Negation Codes",
      "ValueSet-VSDiagnosticosSCT.html" : "Diagnósticos SNOMED y Ausente o Desconocido",
      "http://hl7.org/fhir/R4/valueset-clinical-findings.html" : "SNOMED CT Clinical Findings",
      "http://hl7.org/fhir/R4/valueset-medication-codes.html" : "SNOMED CT Medication Codes"
    },
    {
      "url" : "http://terminology.hl7.org/CodeSystem/allergyintolerance-clinical",
      "version" : "1.0.1",
      "status" : "active",
      "name" : "AllergyIntoleranceClinicalStatusCodes",
      "title" : "AllergyIntolerance Clinical Status Codes",
      "description" : "Preferred value set for AllergyIntolerance Clinical Status.",
      "oids" : ["2.16.840.1.113883.4.642.1.1373"],
      "uses" : {
      },
      "http://hl7.org/fhir/R4/valueset-allergyintolerance-clinical.html" : "AllergyIntolerance Clinical Status Codes"
    },
    {
      "url" : "http://terminology.hl7.org/CodeSystem/allergyintolerance-verification",
      "version" : "1.0.1",
      "status" : "active",
      "name" : "AllergyIntoleranceVerificationStatus",
      "title" : "AllergyIntolerance Verification Status",
      "description" : "The verification status to support or decline the clinical status of the allergy or intolerance.",
      "oids" : ["2.16.840.1.113883.4.642.1.1371"],
      "uses" : {
      },
      "http://hl7.org/fhir/R4/valueset-allergyintolerance-verification.html" : "AllergyIntolerance Verification Status Codes"
    },
    {
      "url" : "http://terminology.hl7.org/CodeSystem/audit-event-type",
      "version" : "1.0.0",
      "status" : "active",
      "name" : "AuditEventID",
      "title" : "Audit Event ID",
      "description" : "Event Types for Audit Events - defined by DICOM with some FHIR specific additions.",
      "oids" : ["2.16.840.1.113883.4.642.1.1136"],
      "uses" : {
      },
      "http://hl7.org/fhir/R4/valueset-audit-event-type.html" : "Audit Event ID"
    },
    {
      "url" : "http://terminology.hl7.org/CodeSystem/condition-clinical",
      "version" : "3.0.0",
      "status" : "active",
      "name" : "ConditionClinicalStatusCodes",
      "title" : "Condition Clinical Status Codes",
      "description" : "Preferred value set for Condition Clinical Status.",
      "oids" : ["2.16.840.1.113883.4.642.1.1074"],
      "uses" : {
      },
      "http://hl7.org/fhir/R4/valueset-condition-clinical.html" : "Condition Clinical Status Codes"
    },
    {
      "url" : "http://terminology.hl7.org/CodeSystem/condition-ver-status",
      "version" : "2.0.1",
      "status" : "active",
      "name" : "ConditionVerificationStatus",
      "title" : "ConditionVerificationStatus",
      "description" : "The verification status to support or decline the clinical status of the condition or diagnosis.",
      "oids" : ["2.16.840.1.113883.4.642.1.1075"],
      "uses" : {
      },
      "http://hl7.org/fhir/R4/valueset-condition-ver-status.html" : "ConditionVerificationStatus"
    },
    {
      "url" : "http://terminology.hl7.org/CodeSystem/contactentity-type",
      "version" : "1.0.0",
      "status" : "draft",
      "name" : "ContactEntityType",
      "title" : "Contact entity type",
      "description" : "This example value set defines a set of codes that can be used to indicate the purpose for which you would contact a contact party.",
      "oids" : ["2.16.840.1.113883.4.642.1.1129"],
      "uses" : {
      },
      "http://hl7.org/fhir/R4/valueset-contactentity-type.html" : "Contact entity type"
    },
    {
      "url" : "http://terminology.hl7.org/CodeSystem/contractsignertypecodes",
      "version" : "1.0.1",
      "status" : "active",
      "name" : "ContractSignerTypeCodes",
      "title" : "Contract Signer Type Codes",
      "description" : "This value set includes sample Contract Signer Type codes.",
      "oids" : ["2.16.840.1.113883.4.642.1.1201"],
      "uses" : {
      },
      "http://hl7.org/fhir/R4/valueset-security-role-type.html" : "SecurityRoleType"
    },
    {
      "url" : "http://terminology.hl7.org/CodeSystem/extra-security-role-type",
      "version" : "1.0.1",
      "status" : "active",
      "name" : "SecurityRoleType",
      "title" : "Security Role Type",
      "description" : "This CodeSystem contains Additional FHIR-defined Security Role types not defined elsewhere",
      "uses" : {
      },
      "http://hl7.org/fhir/R4/valueset-security-role-type.html" : "SecurityRoleType"
    },
    {
      "url" : "http://terminology.hl7.org/CodeSystem/immunization-program-eligibility",
      "version" : "1.0.1",
      "status" : "active",
      "name" : "ImmunizationProgramEligibility",
      "title" : "Immunization Program Eligibility",
      "description" : "The value set to instantiate this attribute should be drawn from a terminologically robust code system that consists of or contains concepts to support describing the patient's eligibility for a vaccination program. This value set is provided as a suggestive example.",
      "oids" : ["2.16.840.1.113883.4.642.1.1099"],
      "uses" : {
      },
      "http://hl7.org/fhir/R4/valueset-immunization-program-eligibility.html" : "Immunization Program Eligibility"
    },
    {
      "url" : "http://terminology.hl7.org/CodeSystem/iso-21089-lifecycle",
      "version" : "1.0.0",
      "status" : "active",
      "name" : "Iso_21089_2017_Health_Record_Lifecycle_Events",
      "title" : "ISO 21089 2017 Health Record Lifecycle Events",
      "description" : "Attached is vocabulary for the 27 record lifecycle events, as per ISO TS 21089-2017, Health Informatics - Trusted End-to-End Information Flows, Section 3, Terms and Definitions (2017, at ISO Central Secretariat, passed ballot and ready for publication).  This will also be included in the FHIR EHR Record Lifecycle Event Implementation Guide, balloted and (to be) published with FHIR STU-3.",
      "uses" : {
      },
      "http://hl7.org/fhir/R4/valueset-audit-event-type.html" : "Audit Event ID"
    },
    {
      "url" : "http://terminology.hl7.org/CodeSystem/observation-category",
      "version" : "1.0.1",
      "status" : "active",
      "name" : "ObservationCategoryCodes",
      "title" : "Observation Category Codes",
      "description" : "Observation Category codes.",
      "oids" : ["2.16.840.1.113883.4.642.1.1125"],
      "uses" : {
      },
      "http://hl7.org/fhir/R4/valueset-observation-category.html" : "Observation Category Codes"
    },
    {
      "url" : "http://terminology.hl7.org/CodeSystem/participant-type",
      "version" : "1.0.1",
      "status" : "active",
      "name" : "ParticipantType",
      "title" : "Participant type",
      "description" : "This value set defines a set of codes that can be used to indicate how an individual participates in an encounter.",
      "oids" : ["2.16.840.1.113883.4.642.1.1089"],
      "uses" : {
      },
      "http://hl7.org/fhir/R4/valueset-encounter-participant-type.html" : "Participant type"
    },
    {
      "url" : "http://terminology.hl7.org/CodeSystem/provenance-participant-type",
      "version" : "1.1.0",
      "status" : "active",
      "name" : "ProvenanceParticipantType",
      "title" : "Provenance participant type",
      "description" : "These codes define the type of participation by an agent in a provenance activity. An agent is something that bears the responsibility identified by the type of participation in the activity taking place, for the existence of an entity, or for another agent's activity. An Agent may be An agent, device, system, organization, group, care-team, or other identifiable thing.",
      "oids" : ["2.16.840.1.113883.4.642.1.1131"],
      "uses" : {
      },
      "http://hl7.org/fhir/R4/valueset-provenance-agent-type.html" : "Provenance participant type"
    },
    {
      "url" : "http://terminology.hl7.org/CodeSystem/v2-0131",
      "version" : "2.0.0",
      "status" : "active",
      "name" : "ContactRole2",
      "title" : "contactRole2",
      "description" : "Code system of concepts which specify a relationship role that the next of kin/associated parties plays with regard to the patient. Also used in referrals, for example, it may be necessary to identify the contact representative at the clinic that sent a referral. Used in HL7 Version 2 messaging in the NK1 and CTD segments after 2.5, when it replace 2.16.840.1.113883.18.57.",
      "oids" : ["2.16.840.1.113883.18.58"],
      "uses" : {
      },
      "ValueSet-VSContactoRelacion.html" : "Códigos de relación del contacto con el paciente"
    },
    {
      "url" : "http://terminology.hl7.org/CodeSystem/v2-0203",
      "version" : "4.0.0",
      "status" : "active",
      "name" : "IdentifierType",
      "title" : "identifierType",
      "description" : "HL7-defined code system of concepts specifying type of identifier. Used in HL7 Version 2.x messaging data types CX, PLN, PPN, XCN and XON.",
      "oids" : ["2.16.840.1.113883.18.108"],
      "uses" : {
      },
      "ValueSet-VSTiposDocumentos.html" : "Tipos de Documentos"
    },
    {
      "url" : "http://terminology.hl7.org/CodeSystem/v3-ActCode",
      "version" : "9.0.0",
      "status" : "active",
      "name" : "ActCode",
      "title" : "ActCode",
      "description" : "A code specifying the particular kind of Act that the Act-instance represents within its class.\r\n\r\n*Constraints:* The kind of Act (e.g. physical examination, serum potassium, inpatient encounter, charge financial transaction, etc.) is specified with a code from one of several, typically external, coding systems. The coding system will depend on the class of Act, such as LOINC for observations, etc.\r\n\r\nConceptually, the Act.code must be a specialization of the Act.classCode. This is why the structure of ActClass domain should be reflected in the superstructure of the ActCode domain and then individual codes or externally referenced vocabularies subordinated under these domains that reflect the ActClass structure.\r\n\r\nAct.classCode and Act.code are not modifiers of each other but the Act.code concept should really imply the Act.classCode concept. For a negative example, it is not appropriate to use an Act.code \"potassium\" together with and Act.classCode for \"laboratory observation\" to somehow mean \"potassium laboratory observation\" and then use the same Act.code for \"potassium\" together with Act.classCode for \"medication\" to mean \"substitution of potassium\". This mutually modifying use of Act.code and Act.classCode is not permitted.",
      "oids" : ["2.16.840.1.113883.5.4"],
      "uses" : {
      },
      "http://hl7.org/fhir/R4/valueset-provenance-activity-type.html" : "Provenance activity type",
      "http://terminology.hl7.org/6.4.0/ValueSet-v3-ActCode.html" : "v3 Code System ActCode"
    },
    {
      "url" : "http://terminology.hl7.org/CodeSystem/v3-DataOperation",
      "version" : "5.0.0",
      "status" : "active",
      "name" : "DataOperation",
      "title" : "DataOperation",
      "description" : "**** MISSING DESCRIPTION ****",
      "oids" : ["2.16.840.1.113883.5.1123"],
      "uses" : {
      },
      "http://hl7.org/fhir/R4/valueset-provenance-activity-type.html" : "Provenance activity type"
    },
    {
      "url" : "http://terminology.hl7.org/CodeSystem/v3-DocumentCompletion",
      "version" : "3.0.0",
      "status" : "active",
      "name" : "DocumentCompletion",
      "title" : "DocumentCompletion",
      "description" : "Identifies the current completion state of a clinical document.",
      "oids" : ["2.16.840.1.113883.5.33"],
      "uses" : {
      },
      "http://hl7.org/fhir/R4/valueset-provenance-activity-type.html" : "Provenance activity type"
    },
    {
      "url" : "http://terminology.hl7.org/CodeSystem/v3-ObservationInterpretation",
      "version" : "3.0.0",
      "status" : "active",
      "name" : "ObservationInterpretation",
      "title" : "ObservationInterpretation",
      "description" : "One or more codes providing a rough qualitative interpretation of the observation, such as \"normal\" / \"abnormal\", \"low\" / \"high\", \"better\" / \"worse\", \"resistant\" / \"susceptible\", \"expected\" / \"not expected\". The value set is intended to be for ANY use where coded representation of an interpretation is needed.",
      "oids" : ["2.16.840.1.113883.5.83"],
      "uses" : {
      },
      "http://hl7.org/fhir/R4/valueset-observation-interpretation.html" : "Observation Interpretation Codes"
    },
    {
      "url" : "http://terminology.hl7.org/CodeSystem/v3-ParticipationFunction",
      "version" : "3.0.0",
      "status" : "active",
      "name" : "ParticipationFunction",
      "title" : "ParticipationFunction",
      "description" : "This code is used to specify the exact function an actor had in a service in all necessary detail. This domain may include local extensions (CWE).",
      "oids" : ["2.16.840.1.113883.5.88"],
      "uses" : {
      },
      "http://hl7.org/fhir/R4/valueset-security-role-type.html" : "SecurityRoleType"
    },
    {
      "url" : "http://terminology.hl7.org/CodeSystem/v3-ParticipationType",
      "version" : "5.0.0",
      "status" : "active",
      "name" : "ParticipationType",
      "title" : "ParticipationType",
      "description" : "A code specifying the meaning and purpose of every Participation instance. Each of its values implies specific constraints on the Roles undertaking the participation.",
      "oids" : ["2.16.840.1.113883.5.90"],
      "uses" : {
      },
      "http://hl7.org/fhir/R4/valueset-provenance-activity-type.html" : "Provenance activity type",
      "http://hl7.org/fhir/R4/valueset-security-role-type.html" : "SecurityRoleType",
      "http://hl7.org/fhir/R4/valueset-encounter-participant-type.html" : "Participant type"
    },
    {
      "url" : "http://terminology.hl7.org/CodeSystem/v3-RoleClass",
      "version" : "4.0.0",
      "status" : "active",
      "name" : "RoleClass",
      "title" : "RoleClass",
      "description" : "Codes for the Role class hierarchy. The values in this hierarchy, represent a Role which is an association or relationship between two entities - the entity that plays the role and the entity that scopes the role. Roles names are derived from the name of the playing entity in that role.\r\n\r\nThe role hierarchy stems from three core concepts, or abstract domains:\r\n\r\n *  **RoleClassOntological** is an abstract domain that collects roles in which the playing entity is defined or specified by the scoping entity.\r\n *  **RoleClassPartitive** collects roles in which the playing entity is in some sense a \"part\" of the scoping entity.\r\n *  **RoleClassAssociative** collects all of the remaining forms of association between the playing entity and the scoping entity. This set of roles is further partitioned between:\r\n    \r\n     *  **RoleClassPassive** which are roles in which the playing entity is used, known, treated, handled, built, or destroyed, etc. under the auspices of the scoping entity. The playing entity is passive in these roles in that the role exists without an agreement from the playing entity.\r\n     *  **RoleClassMutualRelationship** which are relationships based on mutual behavior of the two entities. The basis of these relationship may be formal agreements or they may be *de facto* behavior. Thus, this sub-domain is further divided into:\r\n        \r\n         *  **RoleClassRelationshipFormal** in which the relationship is formally defined, frequently by a contract or agreement.\r\n         *  **Personal relationship** which inks two people in a personal relationship.\r\n\r\nThe hierarchy discussed above is represented In the current vocabulary tables as a set of abstract domains, with the exception of the \"Personal relationship\" which is a leaf concept.\r\n\r\n*OpenIssue:* Description copied from Concept Domain of same name. Must be verified.",
      "oids" : ["2.16.840.1.113883.5.110"],
      "uses" : {
      },
      "http://hl7.org/fhir/R4/valueset-security-role-type.html" : "SecurityRoleType"
    },
    {
      "url" : "http://terminology.hl7.org/CodeSystem/v3-RoleCode",
      "version" : "3.0.0",
      "status" : "active",
      "name" : "RoleCode",
      "title" : "RoleCode",
      "description" : "A set of codes further specifying the kind of Role; specific classification codes for further qualifying RoleClass codes.",
      "oids" : ["2.16.840.1.113883.5.111"],
      "uses" : {
      },
      "http://hl7.org/fhir/R4/valueset-security-role-type.html" : "SecurityRoleType"
    },
    {
      "url" : "http://unitsofmeasure.org",
      "version" : "3.0.1",
      "status" : "active",
      "name" : "UCUM",
      "title" : "Unified Code for Units of Measure (UCUM)",
      "description" : "The Unified Code for Units of Measure (UCUM) is a code system intended to include all units of measures being contemporarily used in international science, engineering, and business. The purpose is to facilitate unambiguous electronic communication of quantities together with their units. The focus is on electronic communication, as opposed to communication between humans. A typical application of The Unified Code for Units of Measure are electronic data interchange (EDI) protocols, but there is nothing that prevents it from being used in other types of machine communication.",
      "oids" : ["2.16.840.1.113883.6.8"],
      "uses" : {
      },
      "http://hl7.org/fhir/R4/valueset-ucum-vitals-common.html" : "Vital Signs Units"
    },
    {
      "url" : "https://hl7chile.cl/fhir/ig/clcore/CodeSystem/CSClaseVacuna",
      "version" : "1.9.3",
      "status" : "active",
      "name" : "CSClaseVacuna",
      "title" : "Códigos de clases de Vacuna",
      "description" : "Códigos de clase de vacuna",
      "uses" : {
      },
      "ValueSet-VSClaseVacuna.html" : "Códigos de clases de Vacuna"
    },
    {
      "url" : "https://hl7chile.cl/fhir/ig/clcore/CodeSystem/CSCodComunasCL",
      "version" : "1.9.3",
      "status" : "active",
      "name" : "CSCodComunasCL",
      "title" : "Códigos de Comunas en Chile",
      "description" : "Códigos de Comunas para Chile según Códigos Únicos Territoriales Actualizados, por Decreto exento No 817 del Ministerio del Interior",
      "uses" : {
      },
      "ValueSet-VSCodigosComunaCL.html" : "Códigos de Comunas en Chile"
    },
    {
      "url" : "https://hl7chile.cl/fhir/ig/clcore/CodeSystem/CSCodMadurez",
      "version" : "1.9.3",
      "status" : "active",
      "name" : "CSCodMadurez",
      "title" : "Códigos de grado de madurez del artefacto",
      "description" : "Códigos de grado de madurez del artefacto",
      "uses" : {
      },
      "ValueSet-VSCodMadurez.html" : "Códigos de grado de madurez del artefacto"
    },
    {
      "url" : "https://hl7chile.cl/fhir/ig/clcore/CodeSystem/CSCodProvinciasCL",
      "version" : "1.9.3",
      "status" : "active",
      "name" : "CSCodProvinciasCL",
      "title" : "Códigos de Provincias en Chile",
      "description" : "Códigos de Provincias para Chile según Códigos Únicos Territoriales Actualizados, por Decreto exento No 817 del Ministerio del Interior",
      "uses" : {
      },
      "ValueSet-VSCodigosProvinciasCL.html" : "Códigos de Provincias en Chile"
    },
    {
      "url" : "https://hl7chile.cl/fhir/ig/clcore/CodeSystem/CSCodRegionCL",
      "version" : "1.9.3",
      "status" : "active",
      "name" : "CSCodRegionCL",
      "title" : "Códigos de Regiones en Chile",
      "description" : "Códigos de Regiones para Chile según Códigos Únicos Territoriales Actualizados, por Decreto exento No 817 del Ministerio del Interior",
      "uses" : {
      },
      "ValueSet-VSCodigosRegionesCL.html" : "Códigos de Regiones en Chile"
    },
    {
      "url" : "https://hl7chile.cl/fhir/ig/clcore/CodeSystem/CSCodigoDNI",
      "version" : "1.9.3",
      "status" : "active",
      "name" : "CSCodigoDNI",
      "title" : "Códigos de Documentos DNI para LATAM y el Caribe",
      "description" : "Códigos para los DNI de países de America Latina y el Caribe según indicaciones de VS HL7 de V3",
      "uses" : {
      },
      "ValueSet-VSTiposDocumentos.html" : "Tipos de Documentos"
    },
    {
      "url" : "https://hl7chile.cl/fhir/ig/clcore/CodeSystem/CSCodigoServicio",
      "version" : "1.9.3",
      "status" : "active",
      "name" : "CSCodServicioCL",
      "title" : "Tipos de Servicios Remotos",
      "description" : "Códigos para los Servicios realizados en un encuentro remoto según indicaciones del Ministerio de Salud",
      "uses" : {
      },
      "ValueSet-VSTiposServicio.html" : "Tipos de Servicios Remotos"
    },
    {
      "url" : "https://hl7chile.cl/fhir/ig/clcore/CodeSystem/CSCodigoVacunas",
      "version" : "1.9.3",
      "status" : "active",
      "name" : "CSTiposVacunaCL",
      "title" : "Códigos de Vacunas RNI",
      "description" : "Códigos de las vacunas o inmunizaciones según indicaciones del Ministerio de Salud",
      "uses" : {
      },
      "ValueSet-VSTiposVacunas.html" : "Tipos de Vacunas RNI"
    },
    {
      "url" : "https://hl7chile.cl/fhir/ig/clcore/CodeSystem/CSEspecialidadFarma",
      "version" : "1.9.3",
      "status" : "active",
      "name" : "CSEspecialidadFarma",
      "title" : "Especialidad Farmacia",
      "description" : "Especialidad de Farmacia",
      "uses" : {
      },
      "ValueSet-VSEspecialidadesCL.html" : "Códigos de Especialidades"
    },
    {
      "url" : "https://hl7chile.cl/fhir/ig/clcore/CodeSystem/CSEspecialidadOdontologica",
      "version" : "1.9.3",
      "status" : "active",
      "name" : "CSEspecialidadOdontologica",
      "title" : "Especialidad Odontologica",
      "description" : "Especialidad de Odontologica",
      "uses" : {
      },
      "ValueSet-VSEspecialidadesCL.html" : "Códigos de Especialidades"
    },
    {
      "url" : "https://hl7chile.cl/fhir/ig/clcore/CodeSystem/CSEspecialidadesDeisCL",
      "version" : "1.9.3",
      "status" : "active",
      "name" : "CSEspecialidadesDeisCL",
      "title" : "Códigos de Especialidades",
      "description" : "Códigos de especialidades médicas descritas según DEIS",
      "uses" : {
      },
      "ValueSet-VSEspecialidadesCL.html" : "Códigos de Especialidades"
    },
    {
      "url" : "https://hl7chile.cl/fhir/ig/clcore/CodeSystem/CSIdentidaddeGenero",
      "version" : "1.9.3",
      "status" : "active",
      "name" : "CSIdentidaddeGenero",
      "title" : "Identidad de Genero",
      "description" : "Identidad de Genero",
      "uses" : {
      },
      "ValueSet-VSIdentidaddeGenero.html" : "Identidad de Genero"
    },
    {
      "url" : "https://hl7chile.cl/fhir/ig/clcore/CodeSystem/CSNombreCampana",
      "version" : "1.9.3",
      "status" : "active",
      "name" : "CSNombreCampanaCL",
      "title" : "Campañas Inmunización",
      "description" : "Códigos de las campañas de vacunas o inmunizaciones según indicaciones del Ministerio de Salud",
      "uses" : {
      },
      "ValueSet-VSNombreCampana.html" : "Campañas de Vacunación"
    },
    {
      "url" : "https://hl7chile.cl/fhir/ig/clcore/CodeSystem/CSOtrosContactos",
      "version" : "1.9.3",
      "status" : "active",
      "name" : "CSOtrosContactos",
      "title" : "Códigos de otros contactos del paciente",
      "description" : "Códigos de contactos adicionales usados en Chile para paciente",
      "uses" : {
      },
      "ValueSet-VSOtrosContactos.html" : "Códigos de otros contactos del paciente",
      "ValueSet-VSContactoRelacion.html" : "Códigos de relación del contacto con el paciente"
    },
    {
      "url" : "https://hl7chile.cl/fhir/ig/clcore/CodeSystem/CSRazonNOTinm",
      "version" : "1.9.3",
      "status" : "active",
      "name" : "CSRazonNOinmunizacionCL",
      "title" : "Razones no Inmunización",
      "description" : "Códigos de las razones por la cual el registro de inmunización no pudo realizarse según indicaciones del Ministerio de Salud",
      "uses" : {
      },
      "ValueSet-VSRazonNOTinm.html" : "Razones no Inmunización"
    },
    {
      "url" : "https://hl7chile.cl/fhir/ig/clcore/CodeSystem/CSSexoListadoDeis",
      "version" : "1.9.3",
      "status" : "active",
      "name" : "CSSexoListadoDeis",
      "title" : "Sexo Listado Deis",
      "description" : "Sexo Listado Deis",
      "uses" : {
      },
      "ValueSet-VSSexoListadoDeis.html" : "Sexo Listado Deis"
    },
    {
      "url" : "https://hl7chile.cl/fhir/ig/clcore/CodeSystem/CSTipoIdentificador",
      "version" : "1.9.3",
      "status" : "active",
      "name" : "CSTipoIdentificador",
      "title" : "Tipo Identificador",
      "description" : "Tipo Identificador",
      "uses" : {
      },
      "ValueSet-VSTipoIdentificador.html" : "Tipo Identificador",
      "ValueSet-VSTiposDocumentos.html" : "Tipos de Documentos"
    },
    {
      "url" : "https://hl7chile.cl/fhir/ig/clcore/CodeSystem/CSTiposEncuentroCL",
      "version" : "1.9.3",
      "status" : "active",
      "name" : "CSTiposEncuentroCL",
      "title" : "Tipos de Encuentro",
      "description" : "Códigos de Encuentros según MINSAL",
      "uses" : {
      },
      "ValueSet-VSTiposEncuentroCL.html" : "Tipos de Encuentro"
    },
    {
      "url" : "https://hl7chile.cl/fhir/ig/clcore/CodeSystem/EspecialidadesConacemConaceoCS",
      "version" : "1.9.3",
      "status" : "active",
      "name" : "EspecialidadesConacemConaceoCS",
      "title" : "Códigos de Especialidades de CONACEM y CONACEO",
      "description" : "Códigos a usar para las Especialidades provenientes de La Corporación Nacional Autónoma de Certificación de Especialidades Médicas (CONACEM) y de La Corporación Nacional Autónoma de Certificación de Especialidades Odontológicas (CONACEO) de Chile",
      "uses" : {
      },
      "ValueSet-VSEspecialidadesCL.html" : "Códigos de Especialidades"
    },
    {
      "url" : "https://hl7chile.cl/fhir/ig/clcore/CodeSystem/csrazonnoencuentro",
      "version" : "1.9.3",
      "status" : "active",
      "name" : "CSrazonnoencuentro",
      "title" : "Razón Encuentro Remoto no Realizado",
      "description" : "Códigos de las razones por la cual un encuentro remoto no pudo realizarse según indicaciones del Ministerio de Salud",
      "uses" : {
      },
      "ValueSet-VSRazonNOT.html" : "Razones no Atención Remota"
    },
    {
      "url" : "urn:ietf:bcp:47",
      "version" : "2.0.1",
      "status" : "active",
      "name" : "Ietf3066",
      "title" : "Tags for the Identification of Languages",
      "description" : "Older value from OID registry.  Superceded; see recommendations in BCP-47.",
      "oids" : ["2.16.840.1.113883.6.121"],
      "uses" : {
      },
      "ValueSet-VSCodigoslenguaje.html" : "Codigos Lenguaje"
    },
    {
      "url" : "urn:iso-astm:E1762-95:2013",
      "version" : "4.0.1",
      "status" : "draft",
      "name" : "SignatureTypeCodes",
      "title" : "Signature Type Codes",
      "description" : "The Digital Signature Purposes, an indication of the reason an entity signs a document. This is included in the signed information and can be used when determining accountability for various actions concerning the document. Examples include: author, transcriptionist/recorder, and witness.",
      "oids" : ["2.16.840.1.113883.4.642.4.64"],
      "uses" : {
      },
      "http://hl7.org/fhir/R4/valueset-signature-type.html" : "Signature Type Codes"
    },
    {
      "url" : "urn:iso:std:iso:3166",
      "version" : "1.0.1",
      "status" : "active",
      "name" : "ISO3166Part1",
      "title" : "ISO 3166-1 Codes for the representation of names of countries and their subdivisions — Part 1: Country code",
      "description" : "ISO 3166-1 establishes codes that represent the current names of countries, dependencies, and other areas of particular geopolitical interest, on the basis of country names obtained from the United Nations.",
      "oids" : ["1.0.3166.1"],
      "uses" : {
      },
      "ValueSet-CodPais.html" : "Códigos de Países"
    }
  ]
}
